location_id,name,locality,latitude,longitude,sensor_ids,parameters,is_mobile,is_monitor,provider
12,SPARTAN - IIT Kanpur,,26.519,80.233,[23],['pm25'],False,True,Spartan
13,"Delhi Technological University, Delhi - CPCB",,28.744,77.12,"[13866, 24, 13864]","['no2', 'o3', 'pm25']",False,True,CPCB
15,IGI Airport,,28.56,77.094,"[27, 28, 29, 26, 30]","['co', 'no2', 'o3', 'pm10', 'pm25']",False,True,CPCB
16,Civil Lines,,28.6787,77.2262,"[33, 32, 31, 34]","['co', 'no2', 'pm10', 'pm25']",False,True,CPCB
17,"R K Puram, Delhi - DPCC",,28.563262,77.186937,"[392, 12234782, 12234783, 12234784, 36, 14340713, 394, 12234785, 399, 12234786, 12234787, 35, 12234788, 12234789, 393, 12234790, 14340714, 14340715]","['co', 'co', 'no', 'no2', 'no2', 'nox', 'o3', 'o3', 'pm10', 'pm10', 'pm25', 'pm25', 'relativehumidity', 'so2', 'so2', 'temperature', 'wind_direction', 'wind_speed']",False,True,CPCB
50,"Punjabi Bagh, Delhi - DPCC",,28.674045,77.131023,"[398, 12234791, 12234792, 400, 12234793, 14340716, 12234794, 71, 395, 12234795, 12234796, 396, 12234797, 12234798, 397, 12234799, 14340717, 14340718]","['co', 'co', 'no', 'no2', 'no2', 'nox', 'o3', 'o3', 'pm10', 'pm10', 'pm25', 'pm25', 'relativehumidity', 'so2', 'so2', 'temperature', 'wind_direction', 'wind_speed']",False,True,CPCB
103,"Income Tax Office, Delhi - CPCB",,28.623499999999996,77.2494,"[169, 13863, 168, 13862, 13861]","['co', 'no2', 'o3', 'pm10', 'pm25']",False,True,CPCB
235,"Anand Vihar, New Delhi - DPCC",,28.646835,77.316032,"[385, 12235605, 12235606, 12235607, 382, 14340864, 380, 12235608, 12235609, 381, 12235610, 384, 12235611, 383, 12235612, 12235613, 14340865, 14340866]","['co', 'co', 'no', 'no2', 'no2', 'nox', 'o3', 'o3', 'pm10', 'pm10', 'pm25', 'pm25', 'relativehumidity', 'so2', 'so2', 'temperature', 'wind_direction', 'wind_speed']",False,True,CPCB
236,"Mandir Marg, Delhi - DPCC",,28.6341,77.2005,"[386, 389, 390, 391, 388, 387]","['co', 'no2', 'o3', 'pm10', 'pm25', 'so2']",False,True,CPCB
286,Collectorate - Gaya - BSPCB,,24.7489694,84.9438395,"[564, 565, 474, 562, 563]","['co', 'no2', 'o3', 'pm25', 'so2']",False,True,CPCB
301,"Vikas Sadan, Gurugram - HSPCB",,28.4501238,77.0263051,"[14258983, 5396, 14258984, 5409, 14258985, 14341789, 14258986, 5407, 14258987, 506, 1166, 14258988, 14258989, 14258990, 5405, 14258991, 14341790, 14341791]","['co', 'co', 'no', 'no2', 'no2', 'nox', 'o3', 'o3', 'pm10', 'pm10', 'pm25', 'pm25', 'relativehumidity', 'so2', 'so2', 'temperature', 'wind_direction', 'wind_speed']",False,True,CPCB
346,"MD University, Rohtak - HSPCB",,28.876028,76.619464,"[614, 593, 612, 13545, 14306, 613]","['co', 'no2', 'o3', 'pm10', 'pm25', 'so2']",False,True,CPCB
354,"Lalbagh, DN Park",,26.84578611,80.93874444,"[604, 606, 605, 14362, 14363]","['co', 'no2', 'o3', 'pm25', 'so2']",False,True,CPCB
378,Alandur Bus Depot,,12.99711389,80.19151667,"[661, 5374, 5352, 14304, 14305]","['co', 'no2', 'o3', 'pm25', 'so2']",False,True,CPCB
407,"Zoo Park, Hyderabad - TSPCB",,17.349694,78.451437,"[12235578, 710, 12235579, 12235580, 712, 14340861, 711, 12235581, 12235582, 715, 714, 12235583, 12235584, 713, 12235585, 12235586, 14340862, 14340863]","['co', 'co', 'no', 'no2', 'no2', 'nox', 'o3', 'o3', 'pm10', 'pm10', 'pm25', 'pm25', 'relativehumidity', 'so2', 'so2', 'temperature', 'wind_direction', 'wind_speed']",False,True,CPCB
412,"Peenya, Bengaluru - KSPCB",,13.0339,77.51321111,"[722, 1518, 13852, 13853]","['co', 'no2', 'pm25', 'so2']",False,True,CPCB
431,"IHBAS, Delhi - CPCB",,28.6821,77.305,"[5361, 747, 13868, 13867]","['co', 'no2', 'pm25', 'so2']",False,True,CPCB
594,"BTM Layout, Bengaluru - KSPCB",,12.912811110000002,77.60921944,"[1048, 1427, 4886, 13836, 13837]","['co', 'no2', 'o3', 'pm25', 'so2']",False,True,CPCB
697,"Haldia, Haldia - WBPCB",,22.06047,88.109737,"[1207, 1205, 1206, 1209, 234638, 1208]","['co', 'no2', 'o3', 'pm10', 'pm25', 'so2']",False,True,caaqm
703,Collectorate Jodhpur - RSPCB,,26.2920639,73.0379111111111,"[1220, 1226, 1223, 1225, 1224, 1222]","['co', 'no2', 'o3', 'pm10', 'pm25', 'so2']",False,True,CPCB
716,"Rabindra Bharati University, Kolkata - WBSPCB",,22.627875,88.3804,"[5504, 5505, 5502, 5503, 1242, 1241]","['co', 'no2', 'o3', 'pm10', 'pm25', 'so2']",False,True,CPCB
797,City Railway Station - KSPCB,,12.9773472,77.5706972222222,"[1384, 1383, 1382, 14096]","['co', 'no2', 'pm10', 'so2']",False,True,CPCB
854,Chandrapur,,19.95,79.3,"[1525, 1528, 1524, 1529, 1527, 1526]","['co', 'no2', 'o3', 'pm10', 'pm25', 'so2']",False,True,CPCB
860,"Sanjay Palace, Agra - UPPCB",,27.19865833,78.00598056,"[12235657, 1546, 12235658, 15024, 12235659, 14340873, 1544, 12235660, 12235661, 1342956, 12235662, 1545, 12235663, 14322, 12235664, 12235665, 14340874, 14340875]","['co', 'co', 'no', 'no2', 'no2', 'nox', 'o3', 'o3', 'pm10', 'pm10', 'pm25', 'pm25', 'relativehumidity', 'so2', 'so2', 'temperature', 'wind_direction', 'wind_speed']",False,True,CPCB
910,Victoria Memorial - WBSPCB,,22.572646,88.36389499999996,"[1668, 1670, 1667, 1669, 13556, 13559]","['co', 'no2', 'o3', 'pm10', 'pm25', 'so2']",False,True,CPCB
985,Collectorate - Muzaffarpur - BSPCB,,26.0762,85.4115,"[1785, 1782, 1780, 1786, 1787]","['co', 'no2', 'o3', 'pm25', 'so2']",False,True,CPCB
2345,VK Industrial Area Jaipur - RSPCB,,26.9738778,75.7738777777777,"[4298, 4926, 4925, 4924, 4922, 4921]","['co', 'no2', 'o3', 'pm10', 'pm25', 'so2']",False,True,CPCB
2456,"Talkatora District Industries Center, Lucknow - CPCB",,26.83399722,80.8917361,"[12235569, 4712, 12235570, 12235571, 5231, 14341863, 12235572, 36695, 12235573, 36696, 14237, 12235574, 12235575, 14238, 12235576, 12235577, 14341864, 14341865]","['co', 'co', 'no', 'no2', 'no2', 'nox', 'o3', 'o3', 'pm10', 'pm10', 'pm25', 'pm25', 'relativehumidity', 'so2', 'so2', 'temperature', 'wind_direction', 'wind_speed']",False,True,CPCB
2459,US Diplomatic Post: Hyderabad,,17.443464,78.47489,[4720],['pm25'],False,True,StateAir Hyderabad
2460,US Diplomatic Post: Kolkata,,22.547142,88.351048,[4724],['pm25'],False,True,StateAir Kolkata
2461,US Diplomatic Post: Chennai,,13.052371,80.251932,[4725],['pm25'],False,True,StateAir Chennai
2463,Central School,,26.85272778,80.99632778,"[4734, 4731, 4729, 5326, 14364]","['co', 'no2', 'o3', 'pm25', 'so2']",False,True,CPCB
2503,"Shadipur, Delhi - CPCB",,28.651699999999998,77.1581,"[4851, 4852, 4853, 13860, 13859]","['co', 'no2', 'o3', 'pm25', 'so2']",False,True,CPCB
2549,IIT,,12.992513890000001,80.23744722,"[5141, 5142, 5144, 14320, 14313]","['co', 'no2', 'o3', 'pm25', 'so2']",False,True,CPCB
2583,"Sector-6, Panchkula - HSPCB ",,30.7057778,76.8531805555555,"[12328439, 5359, 12328440, 5357, 12328441, 14341813, 12328442, 5336, 5343, 12328443, 12328444, 5345, 12328445, 12328446, 14341814, 14341815]","['co', 'co', 'no', 'no2', 'no2', 'nox', 'o3', 'o3', 'pm25', 'pm25', 'relativehumidity', 'so2', 'so2', 'temperature', 'wind_direction', 'wind_speed']",False,True,CPCB
2585,AAQMS Karve Road Pune,,18.497484,73.81349,"[5338, 5372, 5355, 5354, 14235]","['co', 'o3', 'pm10', 'pm25', 'so2']",False,True,CPCB
2586,"Manali, Chennai - CPCB",,13.164544,80.26285,"[5339, 12235648, 12235649, 5340, 12235650, 14340870, 1305375, 12235651, 12235652, 1305374, 14319, 12235653, 12235654, 14311, 12235655, 12235656, 14340871, 14340872]","['co', 'co', 'no', 'no2', 'no2', 'nox', 'o3', 'o3', 'pm10', 'pm10', 'pm25', 'pm25', 'relativehumidity', 'so2', 'so2', 'temperature', 'wind_direction', 'wind_speed']",False,True,CPCB
2587,"Sector16A, Faridabad - HSPCB",,28.410122219999998,77.313775,"[5347, 5341, 5344, 40563, 13900, 13901]","['co', 'no2', 'o3', 'pm10', 'pm25', 'so2']",False,True,CPCB
2589,SaneguravaHalli - KSPCB,,12.9916694,77.5458305555555,"[5350, 5349, 5348, 14129]","['co', 'no2', 'pm10', 'so2']",False,True,CPCB
2591,Ardhali Bazar,,25.35055556,82.97833333,"[5369, 5367, 5365, 5364, 5362, 14234]","['co', 'no2', 'o3', 'pm10', 'pm25', 'so2']",False,True,CPCB
2592,"BWSSB Kadabesanahalli, Bengaluru - KSPCB",,12.93890556,77.69727222,"[5381, 5380, 5375, 13898, 13888]","['co', 'no2', 'o3', 'pm25', 'so2']",False,True,CPCB
2593,IGSC Planetarium Complex - Patna - BSPCB,,25.3636,85.0755,"[5383, 5386, 5384, 5385, 14315]","['co', 'no2', 'o3', 'pm25', 'so2']",False,True,CPCB
2594,"Sanathnagar, Hyderabad - TSPCB",,17.42329722,78.47469722,"[5387, 5389, 9127, 9128]","['co', 'o3', 'pm25', 'so2']",False,True,CPCB
2595,Nehru Nagar,,26.470308800000005,80.3251749,"[5392, 5393, 5395, 5391, 5394]","['co', 'no2', 'o3', 'pm25', 'so2']",False,True,CPCB
2596,"Solapur, Solapur - MPCB",,17.6599188,75.9063906,"[5406, 12235614, 5402, 12235615, 14341872, 5401, 5399, 12235616, 12235617, 5397, 12235618, 12235619, 5403, 12235620, 14341873, 14341874]","['co', 'no', 'no2', 'no2', 'nox', 'o3', 'pm10', 'pm10', 'pm25', 'pm25', 'relativehumidity', 'so2', 'so2', 'temperature', 'wind_direction', 'wind_speed']",False,True,CPCB
2597,US Diplomatic Post: New Delhi,,28.598096,77.189066,[5398],['pm25'],False,True,StateAir NewDelhi
2598,Navi Mumbai Municipal Corporation Airoli,,19.1494,72.9986,"[5400, 5408, 5404, 13523]","['co', 'pm10', 'pm25', 'so2']",False,True,CPCB
5404,"Pusa, Delhi - IMD",,28.639645,77.146263,"[14086, 12234697, 12234698, 14084, 12234699, 14340700, 12234700, 12234701, 14085, 14087, 12234702]","['co', 'co', 'no', 'no2', 'no2', 'nox', 'o3', 'pm10', 'pm10', 'pm25', 'pm25']",False,True,CPCB
5408,"Secretariat, Amaravati - APPCB",,16.5150833,80.5181667,"[12234943, 12234944, 12234945, 14340731, 12234946, 12234947, 12234948, 12234949, 12234950, 12234951, 14340732, 14340733]","['co', 'no', 'no2', 'nox', 'o3', 'pm10', 'pm25', 'relativehumidity', 'so2', 'temperature', 'wind_direction', 'wind_speed']",False,True,CPCB
5443,"Mahakaleshwar Temple, Ujjain - MPPCB",,23.182719,75.768218,"[12234898, 14326, 12234899, 14327, 12234900, 14341757, 14328, 12234901, 12234902, 14330, 12234903, 14331, 12234904, 14329, 12234905, 12234906, 14341758, 14341759]","['co', 'co', 'no', 'no2', 'no2', 'nox', 'o3', 'o3', 'pm10', 'pm10', 'pm25', 'pm25', 'relativehumidity', 'so2', 'so2', 'temperature', 'wind_direction', 'wind_speed']",False,True,CPCB
5505,"Birla Staff colony, Satna - MPPCB",,24.5908256,80.8574279,"[14511, 14512, 14509, 14510]","['co', 'pm10', 'pm25', 'so2']",False,True,data.gov.in
5509,"Anand Vihar, Delhi - DPCC",,28.647622000000002,77.315809,"[14519, 14523, 14524, 14522, 14521, 14520]","['co', 'no2', 'o3', 'pm10', 'pm25', 'so2']",False,True,caaqm
5540,"Punjabi Bagh, Delhi - DPCC",,28.6670856,77.1301247,"[14616, 14613, 14614, 14612, 14617, 14615]","['co', 'no2', 'o3', 'pm10', 'pm25', 'so2']",False,True,caaqm
5541,"Burari Crossing, New Delhi - IMD",,28.7256504,77.2011573,"[14958, 12234679, 12234680, 14936, 12234681, 14340697, 12234682, 14931, 14620, 12234683, 14912, 12234684]","['co', 'co', 'no', 'no2', 'no2', 'nox', 'o3', 'o3', 'pm10', 'pm10', 'pm25', 'pm25']",False,True,CPCB
5542,"Civil Line, Jalandhar - PPCB",,31.321907,75.578914,"[15124, 12235146, 12235147, 12235148, 15133, 14341780, 15150, 12235149, 12235150, 15187, 15192, 12235151, 12235152, 12235153, 14623, 12235154, 14341781, 14341782]","['co', 'co', 'no', 'no2', 'no2', 'nox', 'o3', 'o3', 'pm10', 'pm10', 'pm25', 'pm25', 'relativehumidity', 'so2', 'so2', 'temperature', 'wind_direction', 'wind_speed']",False,True,CPCB
5544,"Model Town, Patiala - PPCB",,30.349388,76.366642,"[12235137, 14874, 12235138, 12235139, 14852, 14341777, 14848, 12235140, 12235141, 15260, 12235142, 15243, 12235143, 14629, 12235144, 12235145, 14341778, 14341779]","['co', 'co', 'no', 'no2', 'no2', 'nox', 'o3', 'o3', 'pm10', 'pm10', 'pm25', 'pm25', 'relativehumidity', 'so2', 'so2', 'temperature', 'wind_direction', 'wind_speed']",False,True,CPCB
5546,Tata Stadium - Jorapokhar - JSPCB,,23.707909,86.41467,"[14780, 12242969, 12242970, 12242971, 14633, 14782, 12242972, 14643, 12242973, 12242974, 22695, 12242975, 14632, 12242976, 12242977, 15732840, 15732841]","['co', 'co', 'no', 'no2', 'no2', 'o3', 'o3', 'pm10', 'pm10', 'pm25', 'pm25', 'relativehumidity', 'so2', 'so2', 'temperature', 'wind_direction', 'wind_speed']",False,True,CPCB
5547,"BWSSB Kadabesanahalli, Bengaluru - CPCB",,12.9352049,77.6814488,"[14637, 14636, 14640, 1303004, 14641, 14634]","['co', 'no2', 'o3', 'pm10', 'pm25', 'so2']",False,True,caaqm
5548,"BTM Layout, Bengaluru - CPCB",,12.9135218,77.5950804,"[14657, 12235356, 12235357, 12235358, 14639, 14341816, 12235359, 14658, 12235360, 1305377, 14635, 12235361, 12235362, 12235363, 14642, 12235364, 14341817, 14341818]","['co', 'co', 'no', 'no2', 'no2', 'nox', 'o3', 'o3', 'pm10', 'pm10', 'pm25', 'pm25', 'relativehumidity', 'so2', 'so2', 'temperature', 'wind_direction', 'wind_speed']",False,True,CPCB
5551,"Golden Temple, Amritsar - PPCB",,31.62,74.876512,"[12235438, 15062, 12235439, 15067, 12235440, 14341834, 14659, 12235441, 12235442, 15083, 12235443, 15088, 12235444, 15108, 12235445, 12235446, 14341835, 14341836]","['co', 'co', 'no', 'no2', 'no2', 'nox', 'o3', 'o3', 'pm10', 'pm10', 'pm25', 'pm25', 'relativehumidity', 'so2', 'so2', 'temperature', 'wind_direction', 'wind_speed']",False,True,CPCB
5552,"MD University, Rohtak - HSPCB",,28.870083,76.6205,"[14670, 14668, 14667, 14660, 14669]","['co', 'no2', 'o3', 'pm25', 'so2']",False,True,caaqm
5558,"Alandur Bus Depot, Chennai - CPCB",,12.909916100000002,80.1076538,"[14690, 14681, 14689, 1305373, 14680, 14682]","['co', 'no2', 'o3', 'pm10', 'pm25', 'so2']",False,True,caaqm
5559,"Collectorate, Gaya - BSPCB",,24.7955,84.9994,"[14738, 12242115, 12235349, 14685, 12235350, 14340826, 14744, 12235351, 12235352, 14683, 12235353, 12235354, 14684, 12235355, 14340827, 14340828]","['co', 'co', 'no', 'no2', 'no2', 'nox', 'o3', 'o3', 'pm25', 'pm25', 'relativehumidity', 'so2', 'so2', 'temperature', 'wind_direction', 'wind_speed']",False,True,CPCB
5565,"MIDC Khutala, Chandrapur - MPCB",,19.9775302,79.2337086,"[14766, 12235551, 12235552, 12235553, 14704, 14340858, 12235554, 14764, 12235555, 14703, 12235556, 14702, 12235557, 14701, 12235558, 12235559, 14340859, 14340860]","['co', 'co', 'no', 'no2', 'no2', 'nox', 'o3', 'o3', 'pm10', 'pm10', 'pm25', 'pm25', 'relativehumidity', 'so2', 'so2', 'temperature', 'wind_direction', 'wind_speed']",False,True,CPCB
5566,"Talcher Coalfields,Talcher - OSPCB",,20.9360711,85.1707021,"[14737, 12234952, 12234953, 14705, 12234954, 14341763, 14742, 12234955, 12234956, 14741, 14743, 12234957, 12234958, 14739, 12234959, 12234960, 14341764, 14341765]","['co', 'co', 'no', 'no2', 'no2', 'nox', 'o3', 'o3', 'pm10', 'pm10', 'pm25', 'pm25', 'relativehumidity', 'so2', 'so2', 'temperature', 'wind_direction', 'wind_speed']",False,True,CPCB
5569,"Punjab Agricultural University, Ludhiana - PPCB",,30.9028,75.8086,"[12235421, 14832, 12235422, 12235423, 14831, 14341828, 14715, 12235424, 14827, 12235425, 14826, 12235426, 12235427, 12235428, 14824, 14341829, 14341830]","['co', 'co', 'no', 'no2', 'no2', 'nox', 'o3', 'o3', 'pm10', 'pm10', 'pm25', 'pm25', 'relativehumidity', 'so2', 'so2', 'wind_direction', 'wind_speed']",False,True,CPCB
5570,"Aya Nagar, New Delhi - IMD",,28.474261,77.131606,"[15010, 12234703, 12234704, 12234705, 15019, 14340701, 12234706, 15021, 12234707, 15027, 14717, 12234708]","['co', 'co', 'no', 'no2', 'no2', 'nox', 'o3', 'o3', 'pm10', 'pm10', 'pm25', 'pm25']",False,True,CPCB
5574,"City Railway Station, Bengaluru - KSPCB",,12.9756843,77.5660749,"[14779, 12235374, 12235375, 12235376, 14773, 14340832, 14775, 12235377, 14732, 12235378]","['co', 'co', 'no', 'no2', 'no2', 'nox', 'pm10', 'pm10', 'so2', 'so2']",False,True,CPCB
5576,"Moti Doongri, Alwar - RSPCB",,27.554793,76.611536,"[12234818, 15171, 12234819, 12234820, 15160, 14341730, 17867, 12234821, 15144, 12234822, 12234823, 15131, 12234824, 14740, 12234825, 12234826, 14341731, 14341732]","['co', 'co', 'no', 'no2', 'no2', 'nox', 'o3', 'o3', 'pm10', 'pm10', 'pm25', 'pm25', 'relativehumidity', 'so2', 'so2', 'temperature', 'wind_direction', 'wind_speed']",False,True,CPCB
5581,"Pusa, New Delhi - IMD",,28.610304,77.0996943,"[15266, 14800, 14752, 14851, 14853]","['co', 'no2', 'o3', 'pm10', 'pm25']",False,True,caaqm
5585,"Ashok Nagar, Udaipur - RSPCB",,24.5886166,73.6321397,"[14817, 12234880, 12234881, 14768, 12234882, 14341751, 12234883, 35446, 12234884, 14770, 12234885, 14772, 12234886, 14767, 12234887, 12234888, 14341752, 14341753]","['co', 'co', 'no', 'no2', 'no2', 'nox', 'o3', 'o3', 'pm10', 'pm10', 'pm25', 'pm25', 'relativehumidity', 'so2', 'so2', 'temperature', 'wind_direction', 'wind_speed']",False,True,CPCB
5586,"Sirifort, Delhi - CPCB",,28.5504249,77.2159377,"[12234764, 12234765, 12234766, 14340707, 12234767, 12234768, 12234769, 12234770, 12234771, 12234772, 14340708, 14340709]","['co', 'no', 'no2', 'nox', 'o3', 'pm10', 'pm25', 'relativehumidity', 'so2', 'temperature', 'wind_direction', 'wind_speed']",False,True,CPCB
5587,"Collectorate, Jodhpur - RSPCB",,26.268249,73.0193853,"[12234809, 15211, 12234810, 15212, 12234811, 14341727, 15214, 12234812, 15225, 12234813, 12234814, 15227, 12234815, 12234816, 14774, 12234817, 14341728, 14341729]","['co', 'co', 'no', 'no2', 'no2', 'nox', 'o3', 'o3', 'pm10', 'pm10', 'pm25', 'pm25', 'relativehumidity', 'so2', 'so2', 'temperature', 'wind_direction', 'wind_speed']",False,True,CPCB
5588,"RIICO Ind. Area III, Bhiwadi - RSPCB",,28.194909,76.862296,"[12234827, 12234828, 12234829, 14341733, 12234830, 12234831, 12234832, 12234833, 12234834, 12234835, 14341734, 14341735]","['co', 'no', 'no2', 'nox', 'o3', 'pm10', 'pm25', 'relativehumidity', 'so2', 'temperature', 'wind_direction', 'wind_speed']",False,True,CPCB
5590,"Ardhali Bazar, Varanasi - UPPCB",,25.3505986,82.9083074,"[14805, 12235482, 12235483, 14788, 12235484, 14340851, 14807, 12235485, 12235486, 14790, 12235487, 14799, 12235488, 12235489, 14797, 12235490, 14341840, 14341841]","['co', 'co', 'no', 'no2', 'no2', 'nox', 'o3', 'o3', 'pm10', 'pm10', 'pm25', 'pm25', 'relativehumidity', 'so2', 'so2', 'temperature', 'wind_direction', 'wind_speed']",False,True,CPCB
5592,"Gangapur Road, Nashik - MPCB",,20.0073285,73.7762427,"[12235630, 14868, 12235631, 14798, 12235632, 14340867, 15265, 12235633, 12235634, 14795, 12235635, 14794, 12235636, 14793, 12235637, 12235638, 14340868, 14340869]","['co', 'co', 'no', 'no2', 'no2', 'nox', 'o3', 'o3', 'pm10', 'pm10', 'pm25', 'pm25', 'relativehumidity', 'so2', 'so2', 'temperature', 'wind_direction', 'wind_speed']",False,True,CPCB
5593,"Pimpleshwar Mandir, Thane - MPCB",,19.192056,72.9585188,"[14830, 14802, 15198, 14801, 14806, 14804]","['co', 'no2', 'o3', 'pm10', 'pm25', 'so2']",False,True,caaqm
5594,"Muzaffarpur Collectorate, Muzaffarpur - BSPCB",,26.1209,85.3647,"[12235341, 15176, 12235342, 12235343, 15175, 14340823, 15174, 12235344, 12235345, 14803, 12235346, 12235347, 15170, 12235348, 14340824, 14340825]","['co', 'co', 'no', 'no2', 'no2', 'nox', 'o3', 'o3', 'pm25', 'pm25', 'relativehumidity', 'so2', 'so2', 'temperature', 'wind_direction', 'wind_speed']",False,True,CPCB
5596,"Secretariat, Amaravati - APPCB",,16.5150833,80.5181667,"[14814, 14810, 14834, 14821, 14825, 14829]","['co', 'no2', 'o3', 'pm10', 'pm25', 'so2']",False,True,caaqm
5598,"Sector - 125, Noida, UP - UPPCB",,28.5447608,77.3231257,"[12235182, 12235183, 12235184, 14340784, 12235185, 12235186, 12235187, 12235188, 12235189, 12235190, 14340785, 14340786]","['co', 'no', 'no2', 'nox', 'o3', 'pm10', 'pm25', 'relativehumidity', 'so2', 'temperature', 'wind_direction', 'wind_speed']",False,True,CPCB
5599,"Bollaram Industrial Area, Hyderabad - TSPCB",,17.540891,78.358528,"[12235395, 14820, 12235396, 14842, 12235397, 14340833, 12235398, 14843, 12235399, 14813, 12235400, 15217, 12235401, 12235402, 15221, 12235403, 14340834, 14340835]","['co', 'co', 'no', 'no2', 'no2', 'nox', 'o3', 'o3', 'pm10', 'pm10', 'pm25', 'pm25', 'relativehumidity', 'so2', 'so2', 'temperature', 'wind_direction', 'wind_speed']",False,True,CPCB
5601,"Lajpat Nagar, Moradabad - UPPCB",,28.825341,78.7213009,"[15189, 15190, 15194, 15202, 15207, 14819]","['co', 'no2', 'o3', 'pm10', 'pm25', 'so2']",False,True,caaqm
5602,"Asansol Court Area, Asansol - WBPCB",,23.685297,86.945968,"[14822, 12234979, 12234980, 12234981, 14823, 14341769, 12234982, 14828, 12234983, 14833, 12234984, 14835, 12234985, 12234986, 14837, 12234987, 14341770, 14341771]","['co', 'co', 'no', 'no2', 'no2', 'nox', 'o3', 'o3', 'pm10', 'pm10', 'pm25', 'pm25', 'relativehumidity', 'so2', 'so2', 'temperature', 'wind_direction', 'wind_speed']",False,True,CPCB
5603,"Sector-2 Industrial Area, Pithampur - MPPCB",,22.624758,75.675238,"[14839, 12234916, 12234917, 14836, 12234918, 14340722, 15268, 12234919, 12234920, 14856, 14891, 12234921, 12234922, 14903, 12234923, 12234924, 14340723, 14340724]","['co', 'co', 'no', 'no2', 'no2', 'nox', 'o3', 'o3', 'pm10', 'pm10', 'pm25', 'pm25', 'relativehumidity', 'so2', 'so2', 'temperature', 'wind_direction', 'wind_speed']",False,True,CPCB
5604,"Nishant Ganj, Lucknow - UPPCB",,26.871428,80.957145,"[14896, 15139, 15078, 14845, 14880]","['co', 'no2', 'o3', 'pm25', 'so2']",False,True,caaqm
5607,"Peenya, Bengaluru - CPCB",,13.0270199,77.494094,"[12235365, 15270, 12235366, 14850, 12235367, 14340829, 40537, 12235368, 1303005, 12235369, 12235370, 14859, 12235371, 12235372, 14862, 12235373, 14340830, 14340831]","['co', 'co', 'no', 'no2', 'no2', 'nox', 'o3', 'o3', 'pm10', 'pm10', 'pm25', 'pm25', 'relativehumidity', 'so2', 'so2', 'temperature', 'wind_direction', 'wind_speed']",False,True,CPCB
5608,"GM Office, Brajrajnagar - OSPCB",,21.8004996,83.8396977,"[15048, 12234961, 12234962, 12234963, 14987, 14340734, 14954, 12234964, 14895, 12234965, 14855, 12234966, 12234967, 12234968, 15269, 12234969, 14340735, 14340736]","['co', 'co', 'no', 'no2', 'no2', 'nox', 'o3', 'o3', 'pm10', 'pm10', 'pm25', 'pm25', 'relativehumidity', 'so2', 'so2', 'temperature', 'wind_direction', 'wind_speed']",False,True,CPCB
5609,"Anam Kala Kendram, Rajamahendravaram - APPCB",,16.9872867,81.7363176,"[14858, 12234889, 12234890, 14871, 12234891, 14340719, 12234892, 14892, 12234893, 14899, 14907, 12234894, 12234895, 12234896, 14925, 12234897, 14340720, 14340721]","['co', 'co', 'no', 'no2', 'no2', 'nox', 'o3', 'o3', 'pm10', 'pm10', 'pm25', 'pm25', 'relativehumidity', 'so2', 'so2', 'temperature', 'wind_direction', 'wind_speed']",False,True,CPCB
5610,"North Campus, DU, Delhi - IMD",,28.6573814,77.1585447,"[14909, 12234685, 12234686, 14902, 12234687, 14340698, 14889, 12234688, 2007703, 14886, 12234689, 12234690, 14860]","['co', 'co', 'no', 'no2', 'no2', 'nox', 'o3', 'o3', 'o3', 'pm10', 'pm10', 'pm25', 'pm25']",False,True,CPCB
5611,"Chandrapur, Chandrapur - MPCB",,19.645324,77.6345232,"[15125, 15121, 15114, 15029, 14937, 14863]","['co', 'no2', 'o3', 'pm10', 'pm25', 'so2']",False,True,caaqm
5612,"Shastri Nagar, Jaipur - RSPCB",,26.9502929,75.730943,"[12234871, 14864, 12234872, 14873, 12234873, 14341748, 14888, 12234874, 12234875, 14894, 12234876, 15005, 12234877, 15134, 12234878, 12234879, 14341749, 14341750]","['co', 'co', 'no', 'no2', 'no2', 'nox', 'o3', 'o3', 'pm10', 'pm10', 'pm25', 'pm25', 'relativehumidity', 'so2', 'so2', 'temperature', 'wind_direction', 'wind_speed']",False,True,CPCB
5613,"ITO, New Delhi - CPCB",,28.628624,77.24106,"[12234748, 17782, 12234749, 14866, 12234750, 14341687, 12234751, 17785, 12234752, 14869, 12234753, 14878, 17781, 12234754]","['co', 'co', 'no', 'no2', 'no2', 'nox', 'o3', 'o3', 'pm10', 'pm10', 'pm25', 'pm25', 'so2', 'so2']",False,True,CPCB
5614,"Padmapukur, Howrah - WBPCB",,22.5687319,88.2797276,"[14870, 12234970, 12234971, 12234972, 14875, 14341766, 14876, 12234973, 12234974, 14882, 14883, 12234975, 12234976, 14885, 12234977, 12234978, 14341767, 14341768]","['co', 'co', 'no', 'no2', 'no2', 'nox', 'o3', 'o3', 'pm10', 'pm10', 'pm25', 'pm25', 'relativehumidity', 'so2', 'so2', 'temperature', 'wind_direction', 'wind_speed']",False,True,CPCB
5615,"Sidhu Kanhu Indoor Stadium, Durgapur - WBPCB",,23.5404352,87.2892225,"[12235587, 14901, 12235588, 14900, 12235589, 14341866, 12235590, 14897, 14890, 12235591, 12235592, 234003, 12235593, 12235594, 14872, 12235595, 14341867, 14341868]","['co', 'co', 'no', 'no2', 'no2', 'nox', 'o3', 'o3', 'pm10', 'pm10', 'pm25', 'pm25', 'relativehumidity', 'so2', 'so2', 'temperature', 'wind_direction', 'wind_speed']",False,True,CPCB
5616,"Sector - 62, Noida, UP - IMD",,28.6245479,77.3577104,"[12234715, 12234716, 12234717, 14340703, 12234718, 12234719, 12234720]","['co', 'no', 'no2', 'nox', 'o3', 'pm10', 'pm25']",False,True,CPCB
5617,"Sector- 16A, Faridabad - HSPCB",,28.4088421,77.3099081,"[17865, 14887, 15229, 17547, 14930, 15107]","['co', 'no2', 'o3', 'pm10', 'pm25', 'so2']",False,True,caaqm
5619,"Vindhyachal STPS, Singrauli - MPPCB",,24.10897,82.64558,"[12234907, 14904, 12234908, 12234909, 14906, 14341760, 14910, 12234910, 14913, 12234911, 12234912, 14914, 12234913, 12234914, 14915, 12234915, 14341761, 14341762]","['co', 'co', 'no', 'no2', 'no2', 'nox', 'o3', 'o3', 'pm10', 'pm10', 'pm25', 'pm25', 'relativehumidity', 'so2', 'so2', 'temperature', 'wind_direction', 'wind_speed']",False,True,CPCB
5621,"Opp GPO Civil Lines, Nagpur - MPCB",,21.152875,79.0517531,"[14940, 12235621, 12235622, 12235623, 14927, 14341875, 12235624, 14908, 12235625, 15259, 15258, 12235626, 12235627, 15245, 12235628, 12235629, 14341876, 14341877]","['co', 'co', 'no', 'no2', 'no2', 'nox', 'o3', 'o3', 'pm10', 'pm10', 'pm25', 'pm25', 'relativehumidity', 'so2', 'so2', 'temperature', 'wind_direction', 'wind_speed']",False,True,CPCB
5622,"NSIT Dwarka, Delhi - CPCB",,28.60909,77.0325413,"[14916, 12234739, 12234740, 14919, 12234741, 14341688, 14920, 12234742, 34957, 12234743, 14922, 12234744, 12234745, 14923, 12234746, 12234747, 14341690, 14341692]","['co', 'co', 'no', 'no2', 'no2', 'nox', 'o3', 'o3', 'pm10', 'pm10', 'pm25', 'pm25', 'relativehumidity', 'so2', 'so2', 'temperature', 'wind_direction', 'wind_speed']",False,True,CPCB
5623,"Central University, Hyderabad - TSPCB",,17.460103,78.334361,"[15193, 12242116, 12242117, 14918, 12242118, 14340845, 15034, 12242119, 12242120, 15046, 15178, 12242121, 12242122, 12242123, 15167, 12242124, 14340846, 14340847]","['co', 'co', 'no', 'no2', 'no2', 'nox', 'o3', 'o3', 'pm10', 'pm10', 'pm25', 'pm25', 'relativehumidity', 'so2', 'so2', 'temperature', 'wind_direction', 'wind_speed']",False,True,CPCB
5624,"IDA Pashamylaram, Hyderabad - TSPCB",,17.5316895,78.218939,"[15228, 12235500, 12235501, 15226, 12235502, 14341845, 15220, 12235503, 12235504, 15230, 15213, 12235505, 12235506, 12235507, 14928, 12235508, 14341846, 14341847]","['co', 'co', 'no', 'no2', 'no2', 'nox', 'o3', 'o3', 'pm10', 'pm10', 'pm25', 'pm25', 'relativehumidity', 'so2', 'so2', 'temperature', 'wind_direction', 'wind_speed']",False,True,CPCB
5625,"RIMT University, Mandi Gobindgarh - PPCB",,30.649961,76.331442,"[12235429, 15101, 12235430, 15009, 12235431, 14341831, 12235432, 14992, 14960, 12235433, 12235434, 14945, 12235435, 12235436, 14932, 12235437, 14341832, 14341833]","['co', 'co', 'no', 'no2', 'no2', 'nox', 'o3', 'o3', 'pm10', 'pm10', 'pm25', 'pm25', 'relativehumidity', 'so2', 'so2', 'temperature', 'wind_direction', 'wind_speed']",False,True,CPCB
5626,"DTU, New Delhi - CPCB",,28.7500499,77.1112615,"[12234755, 14933, 12234756, 14941, 12234757, 14340704, 12234758, 14949, 12234759, 14974, 12234760, 14985, 12234761, 12234762, 17766, 12234763, 14340705, 14340706]","['co', 'co', 'no', 'no2', 'no2', 'nox', 'o3', 'o3', 'pm10', 'pm10', 'pm25', 'pm25', 'relativehumidity', 'so2', 'so2', 'temperature', 'wind_direction', 'wind_speed']",False,True,CPCB
5627,"CRRI Mathura Road, New Delhi - IMD",,28.5512005,77.2735737,"[15098, 12234673, 12234674, 12234675, 15082, 14340696, 15063, 12234676, 14946, 12234677, 12234678, 14935]","['co', 'co', 'no', 'no2', 'no2', 'nox', 'o3', 'o3', 'pm10', 'pm10', 'pm25', 'pm25']",False,True,CPCB
5628,"GVM Corporation, Visakhapatnam - APPCB",,17.722682,83.308197,"[14969, 12235455, 12235456, 12235457, 14957, 14340842, 14950, 12235458, 14947, 12235459, 12235460, 14944, 12235461, 12235462, 14939, 12235463, 14340843, 14340844]","['co', 'co', 'no', 'no2', 'no2', 'nox', 'o3', 'o3', 'pm10', 'pm10', 'pm25', 'pm25', 'relativehumidity', 'so2', 'so2', 'temperature', 'wind_direction', 'wind_speed']",False,True,CPCB
5630,"Shadipur, Delhi - CPCB",,28.6514781,77.1473105,"[15119, 12234721, 12234722, 15053, 12234723, 14341721, 15011, 12234724, 12234725, 36210, 14959, 12234726, 12234727, 12234728, 14952, 12234729, 14341722, 14341723]","['co', 'co', 'no', 'no2', 'no2', 'nox', 'o3', 'o3', 'pm10', 'pm10', 'pm25', 'pm25', 'relativehumidity', 'so2', 'so2', 'temperature', 'wind_direction', 'wind_speed']",False,True,CPCB
5631,"Maninagar, Ahmedabad - GPCB",,23.002657,72.591912,"[12235666, 14996, 12235667, 12235668, 14991, 14340876, 14986, 12235669, 35977, 12235670, 14964, 12235671, 12235672, 14963, 12235673, 12235674, 14340877, 14340878]","['co', 'co', 'no', 'no2', 'no2', 'nox', 'o3', 'o3', 'pm10', 'pm10', 'pm25', 'pm25', 'relativehumidity', 'so2', 'so2', 'temperature', 'wind_direction', 'wind_speed']",False,True,CPCB
5632,"Sector-D Industrial Area, Mandideep - MPPCB",,23.10844,77.511428,"[14965, 12234925, 12234926, 12234927, 14968, 14340725, 12234928, 14972, 12234929, 14989, 12234930, 14995, 12234931, 15001, 12234932, 12234933, 14340726, 14340727]","['co', 'co', 'no', 'no2', 'no2', 'nox', 'o3', 'o3', 'pm10', 'pm10', 'pm25', 'pm25', 'relativehumidity', 'so2', 'so2', 'temperature', 'wind_direction', 'wind_speed']",False,True,CPCB
5633,"Police Commissionerate, Jaipur - RSPCB",,26.9164092,75.7994901,"[14982, 12234800, 12234801, 12234802, 14977, 14341724, 12234803, 14975, 12234804, 14973, 14971, 12234805, 12234806, 14970, 12234807, 12234808, 14341725, 14341726]","['co', 'co', 'no', 'no2', 'no2', 'nox', 'o3', 'o3', 'pm10', 'pm10', 'pm25', 'pm25', 'relativehumidity', 'so2', 'so2', 'temperature', 'wind_direction', 'wind_speed']",False,True,CPCB
5634,"Lodhi Road, New Delhi - IMD",,28.5918245,77.2273074,"[14978, 12234709, 12234710, 12234711, 14980, 14340702, 14981, 12234712, 14983, 12234713, 12234714, 14984]","['co', 'co', 'no', 'no2', 'no2', 'nox', 'o3', 'o3', 'pm10', 'pm10', 'pm25', 'pm25']",False,True,CPCB
5635,"Adarsh Nagar, Jaipur - RSPCB",,26.902909,75.836858,"[12234845, 14988, 12234846, 15122, 12234847, 14341739, 12234848, 15127, 15162, 12234849, 12234850, 15195, 15705691, 15186, 12234851, 12234852, 14341740, 14341741]","['co', 'co', 'no', 'no2', 'no2', 'nox', 'o3', 'o3', 'pm10', 'pm10', 'pm25', 'pm25', 'relativehumidity', 'so2', 'so2', 'temperature', 'wind_direction', 'wind_speed']",False,True,CPCB
5636,"Shrinath Puram, Kota - RSPCB",,25.14389,75.821256,"[15054, 12234853, 12234854, 15000, 12234855, 14341742, 20047, 12234856, 14999, 12234857, 12234858, 14997, 12234859, 14994, 12234860, 12234861, 14341743, 14341744]","['co', 'co', 'no', 'no2', 'no2', 'nox', 'o3', 'o3', 'pm10', 'pm10', 'pm25', 'pm25', 'relativehumidity', 'so2', 'so2', 'temperature', 'wind_direction', 'wind_speed']",False,True,CPCB
5638,"Indira Colony Vistar, Pali - RSPCB",,25.771061,73.340227,"[12234862, 15006, 12234863, 12234864, 15018, 14341745, 12234865, 15036, 12234866, 15040, 12234867, 15043, 12234868, 12234869, 15044, 12234870, 14341746, 14341747]","['co', 'co', 'no', 'no2', 'no2', 'nox', 'o3', 'o3', 'pm10', 'pm10', 'pm25', 'pm25', 'relativehumidity', 'so2', 'so2', 'temperature', 'wind_direction', 'wind_speed']",False,True,CPCB
5639,"R K Puram, New Delhi - DPCC",,28.5646102,77.1670103,"[15008, 15030, 15042, 15059, 15071, 15092]","['co', 'no2', 'o3', 'pm10', 'pm25', 'so2']",False,True,caaqm
5641,"Mandir Marg, New Delhi - DPCC",,28.6372688,77.2005604,"[15028, 15025, 15023, 15022, 15014, 15013]","['co', 'no2', 'o3', 'pm10', 'pm25', 'so2']",False,True,caaqm
5642,"More Chowk Waluj, Aurangabad - MPCB",,19.8389439,75.244448,"[12235386, 15060, 12235387, 15090, 12235388, 14341822, 15091, 12235389, 12235390, 15096, 12235391, 15105, 12235392, 12235393, 15020, 12235394, 14341823, 14341824]","['co', 'co', 'no', 'no2', 'no2', 'nox', 'o3', 'o3', 'pm10', 'pm10', 'pm25', 'pm25', 'relativehumidity', 'so2', 'so2', 'temperature', 'wind_direction', 'wind_speed']",False,True,CPCB
5644,"Sanegurava Halli, Bengaluru - KSPCB",,12.990328,77.5431385,"[12235379, 15039, 12235380, 12235381, 15035, 14341819, 12235382, 15033, 12235383, 15032, 12235384, 12235385, 14341820, 14341821]","['co', 'co', 'no', 'no2', 'no2', 'nox', 'pm10', 'pm10', 'relativehumidity', 'so2', 'so2', 'temperature', 'wind_direction', 'wind_speed']",False,True,CPCB
5645,"ICRISAT Patancheru, Hyderabad - TSPCB",,17.5184,78.278777,"[12235404, 15037, 12235405, 12235406, 15173, 14340836, 15188, 12235407, 12235408, 15267, 12235409, 15254, 12235410, 12235411, 15233, 12235412, 14340837, 14340838]","['co', 'co', 'no', 'no2', 'no2', 'nox', 'o3', 'o3', 'pm10', 'pm10', 'pm25', 'pm25', 'relativehumidity', 'so2', 'so2', 'temperature', 'wind_direction', 'wind_speed']",False,True,CPCB
5646,"Plammoodu, Thiruvananthapuram - Kerala PCB",,8.5149093,76.9435879,"[15055, 12235413, 12235414, 12235415, 15052, 14341825, 12235416, 15050, 15047, 12242968, 15045, 12235417, 12235418, 12235419, 15041, 12235420, 14341826, 14341827]","['co', 'co', 'no', 'no2', 'no2', 'nox', 'o3', 'o3', 'pm10', 'pm10', 'pm25', 'pm25', 'relativehumidity', 'so2', 'so2', 'temperature', 'wind_direction', 'wind_speed']",False,True,CPCB
5647,"Sanathnagar, Hyderabad - TSPCB",,17.4559458,78.4332152,"[15049, 12242125, 12242126, 12242127, 15051, 14340855, 15058, 12242128, 12242129, 15065, 12242130, 12242131, 15061, 12242132, 14340856, 14340857]","['co', 'co', 'no', 'no2', 'no2', 'nox', 'o3', 'o3', 'pm25', 'pm25', 'relativehumidity', 'so2', 'so2', 'temperature', 'wind_direction', 'wind_speed']",False,True,CPCB
5648,"Ward-32 Bapupara, Siliguri - WBPCB",,26.6883049,88.412668,"[12234988, 15056, 12234989, 15070, 12234990, 14341772, 12234991, 15072, 15075, 12234992, 12234993, 15079, 12234994, 12234995, 15080, 12234996, 14341773, 14341774]","['co', 'co', 'no', 'no2', 'no2', 'nox', 'o3', 'o3', 'pm10', 'pm10', 'pm25', 'pm25', 'relativehumidity', 'so2', 'so2', 'temperature', 'wind_direction', 'wind_speed']",False,True,CPCB
5649,"Tirumala, Tirupati - APPCB",,13.67,79.35,"[15064, 12235447, 12235448, 15120, 12235449, 14340839, 12235450, 15115, 15199, 12243924, 15251, 12235451, 12235452, 12235453, 15223, 12235454, 14340840, 14340841]","['co', 'co', 'no', 'no2', 'no2', 'nox', 'o3', 'o3', 'pm10', 'pm10', 'pm25', 'pm25', 'relativehumidity', 'so2', 'so2', 'temperature', 'wind_direction', 'wind_speed']",False,True,CPCB
5650,"IGI Airport (T3), Delhi - IMD",,28.5627763,77.1180053,"[12234691, 12234692, 12234693, 14340699, 12234694, 12234695, 12234696]","['co', 'no', 'no2', 'nox', 'o3', 'pm10', 'pm25']",False,True,CPCB
5652,"IGSC Planetarium Complex, Patna - BSPCB",,25.5941,85.1376,"[12235333, 15084, 12235334, 12235335, 15085, 14340820, 12235336, 15086, 15087, 12235337, 12235338, 15089, 12235339, 12235340, 14340821, 14340822]","['co', 'co', 'no', 'no2', 'no2', 'nox', 'o3', 'o3', 'pm25', 'pm25', 'relativehumidity', 'so2', 'so2', 'temperature', 'wind_direction', 'wind_speed']",False,True,CPCB
5655,"Velachery Res. Area, Chennai - CPCB",,13.0052189,80.2398125,"[15110, 12235526, 12235527, 12235528, 15117, 14340852, 12235529, 15132, 1305376, 12235530, 12235531, 15136, 12235532, 15138, 12235533, 12235534, 14340853, 14340854]","['co', 'co', 'no', 'no2', 'no2', 'nox', 'o3', 'o3', 'pm10', 'pm10', 'pm25', 'pm25', 'relativehumidity', 'so2', 'so2', 'temperature', 'wind_direction', 'wind_speed']",False,True,CPCB
5657,"Central School, Lucknow - CPCB",,26.8821003,80.9302753,"[15129, 15130, 15135, 34959, 15172, 15181]","['co', 'no2', 'o3', 'pm10', 'pm25', 'so2']",False,True,caaqm
5659,"Lalbagh, Lucknow - CPCB",,26.8458805,80.9365541,"[15151, 12235517, 12235518, 12235519, 15149, 14341851, 12235520, 15148, 36168, 12235521, 15143, 12235522, 12235523, 15142, 12235524, 12235525, 14341852, 14341853]","['co', 'co', 'no', 'no2', 'no2', 'nox', 'o3', 'o3', 'pm10', 'pm10', 'pm25', 'pm25', 'relativehumidity', 'so2', 'so2', 'temperature', 'wind_direction', 'wind_speed']",False,True,CPCB
5661,"Karve Road Pune, Pune - MPCB",,18.5011743,73.8165527,"[15159, 12235535, 12235536, 12235537, 15158, 14341854, 12235538, 15157, 15156, 12235539, 12235540, 15154, 12235541, 12235542, 15152, 12235543, 14341855, 14341856]","['co', 'co', 'no', 'no2', 'no2', 'nox', 'o3', 'o3', 'pm10', 'pm10', 'pm25', 'pm25', 'relativehumidity', 'so2', 'so2', 'temperature', 'wind_direction', 'wind_speed']",False,True,CPCB
5662,"Nehru Nagar, Kanpur - UPPCB",,26.4703136,80.3229863,"[12235509, 15153, 12241381, 12235510, 15155, 14341848, 15179, 12235511, 1348527, 12235512, 12235513, 15183, 12235514, 12235515, 15184, 12235516, 14341849, 14341850]","['co', 'co', 'no', 'no2', 'no2', 'nox', 'o3', 'o3', 'pm10', 'pm10', 'pm25', 'pm25', 'relativehumidity', 'so2', 'so2', 'temperature', 'wind_direction', 'wind_speed']",False,True,CPCB
5664,"PWD Grounds, Vijayawada - APPCB",,16.507014,80.627767,"[15232, 15242, 15246, 15247, 20016, 15255]","['co', 'no2', 'o3', 'pm10', 'pm25', 'so2']",False,True,caaqm
5665,"Vasundhara, Ghaziabad - UPPCB",,28.6603346,77.3572563,"[15234, 12235155, 12235156, 15236, 12235157, 14340781, 12235158, 15237, 12235159, 15238, 15239, 12235160, 12235161, 12235162, 15240, 12235163, 14340782, 14340783]","['co', 'co', 'no', 'no2', 'no2', 'nox', 'o3', 'o3', 'pm10', 'pm10', 'pm25', 'pm25', 'relativehumidity', 'so2', 'so2', 'temperature', 'wind_direction', 'wind_speed']",False,True,CPCB
5667,"Bhopal Chauraha, Dewas - MPPCB",,22.9682591,76.064118,"[12234934, 15256, 12234935, 12234936, 15253, 14340728, 15252, 12234937, 12234938, 15249, 12234939, 15244, 12234940, 15241, 12234941, 12234942, 14340729, 14340730]","['co', 'co', 'no', 'no2', 'no2', 'nox', 'o3', 'o3', 'pm10', 'pm10', 'pm25', 'pm25', 'relativehumidity', 'so2', 'so2', 'temperature', 'wind_direction', 'wind_speed']",False,True,CPCB
5742,"Patparganj, Delhi - DPCC",,28.6310495,77.2846218,"[15498, 15500, 15628, 15629, 15499]","['no2', 'o3', 'pm10', 'pm25', 'so2']",False,True,caaqm
5743,"Rohini, Delhi - DPCC",,28.7407056,77.0577492,"[15503, 15508, 15506, 15622, 15618, 15504]","['co', 'no2', 'o3', 'pm10', 'pm25', 'so2']",False,True,caaqm
5744,"Dr. Karni Singh Shooting Range, Delhi - DPCC",,28.4997315,77.2649067,"[15510, 15505, 15507, 15588, 15589, 15509]","['co', 'no2', 'o3', 'pm10', 'pm25', 'so2']",False,True,caaqm
5745,"Ghusuri, Howrah - WBPCB",,22.5565568,87.895755,"[15511, 15514, 15512, 15513]","['co', 'no2', 'pm10', 'so2']",False,True,caaqm
5753,"Vivek Vihar, Delhi - DPCC",,28.6687803,77.3130982,"[15545, 15544, 15543, 15615, 15604, 15546]","['co', 'no2', 'o3', 'pm10', 'pm25', 'so2']",False,True,caaqm
5754,"Jawaharlal Nehru Stadium, Delhi - DPCC",,28.5828503,77.2321778,"[15548, 15547, 15550, 15619, 15620, 15552]","['co', 'no2', 'o3', 'pm10', 'pm25', 'so2']",False,True,caaqm
5755,"Major Dhyan Chand National Stadium, Delhi - DPCC",,28.6125027,77.2351994,"[15582, 15574, 15586, 15549, 15551, 15587]","['co', 'no2', 'o3', 'pm10', 'pm25', 'so2']",False,True,caaqm
5759,"Sonia Vihar, Delhi - DPCC",,28.67795,77.29868,"[15568, 15567, 15566, 15591, 15595, 15565]","['co', 'no2', 'o3', 'pm10', 'pm25', 'so2']",False,True,caaqm
5760,"Dwarka-Sector 8, Delhi - DPCC ",,28.5206826,76.8023871,"[15594, 15593, 15592, 15569, 15570, 15590]","['co', 'no2', 'o3', 'pm10', 'pm25', 'so2']",False,True,caaqm
5761,"Jahangirpuri, Delhi - DPCC",,28.7258373,77.1605631,"[15578, 15572, 15577, 15623, 15621, 15585]","['co', 'no2', 'o3', 'pm10', 'pm25', 'so2']",False,True,caaqm
5762,"Ashok Vihar, Delhi - DPCC",,28.6957202,77.1812947,"[15583, 15584, 15573, 15605, 15602, 15579]","['co', 'no2', 'o3', 'pm10', 'pm25', 'so2']",False,True,caaqm
5763,"Narela, Delhi - DPCC",,28.8446874,77.0332666,"[15576, 15581, 15580, 15609, 15606, 15575]","['co', 'no2', 'o3', 'pm10', 'pm25', 'so2']",False,True,caaqm
5765,"Okhla Phase-2, Delhi - DPCC",,28.5366411,77.2664587,"[15597, 15600, 15598, 15624, 15627, 15599]","['co', 'no2', 'o3', 'pm10', 'pm25', 'so2']",False,True,caaqm
5766,"Nehru Nagar, Delhi - DPCC",,28.5639543,77.2587868,"[15607, 15612, 15616, 15625, 15626, 15608]","['co', 'no2', 'o3', 'pm10', 'pm25', 'so2']",False,True,caaqm
6310,"Rabindra Bharati University, Kolkata - WBPCB",,22.5824635,88.35724470000001,"[17541, 17543, 17544, 17540, 1715600, 17542]","['co', 'no2', 'o3', 'pm10', 'pm25', 'so2']",False,True,data.gov.in
6314,"NISE Gwal Pahari, Gurugram - IMD",,28.4228859,76.8496963,"[17561, 17562, 17563, 17564]","['co', 'no2', 'pm10', 'pm25']",False,True,caaqm
6356,"Pusa, Delhi - DPCC",,28.639645,77.146262,"[12235316, 12235317, 12235318, 14340817, 12235319, 12235320, 12235321, 12235322, 12235323, 12235324, 14340818, 14340819]","['co', 'no', 'no2', 'nox', 'o3', 'pm10', 'pm25', 'relativehumidity', 'so2', 'temperature', 'wind_direction', 'wind_speed']",False,True,CPCB
6357,"Punjabi Bagh, Delhi - DPCC",,28.674045000000003,77.13102300000001,"[17769, 17771, 17774, 17768, 17776, 17778]","['co', 'no2', 'o3', 'pm10', 'pm25', 'so2']",False,True,caaqm
6358,"Mandir Marg, New Delhi - DPCC",,28.636429,77.201067,"[17772, 12234773, 12234774, 17773, 12234775, 14340710, 17777, 12234776, 12234777, 17775, 12234778, 17770, 12234779, 17779, 12234780, 12234781, 14340711, 14340712]","['co', 'co', 'no', 'no2', 'no2', 'nox', 'o3', 'o3', 'pm10', 'pm10', 'pm25', 'pm25', 'relativehumidity', 'so2', 'so2', 'temperature', 'wind_direction', 'wind_speed']",False,True,CPCB
6359,"IHBAS, Dilshad Garden,New Delhi - CPCB",,28.6811736,77.3025234,"[17792, 12234730, 12234731, 17791, 12234732, 14341689, 36058, 12234733, 36050, 12234734, 17790, 12234735, 12234736, 17780, 12234737, 12234738, 14341691, 14341693]","['co', 'co', 'no', 'no2', 'no2', 'nox', 'o3', 'o3', 'pm10', 'pm10', 'pm25', 'pm25', 'relativehumidity', 'so2', 'so2', 'temperature', 'wind_direction', 'wind_speed']",False,True,CPCB
6442,"Ratanpura, Rupnagar - Ambuja Cements",,31.0325454,76.5623046,"[18100, 12291450, 12291451, 18099, 12291452, 14341795, 12291453, 18104, 18101, 12291454, 12291455, 18102, 12291456, 12291457, 14341796, 14341797]","['co', 'co', 'no', 'no2', 'no2', 'nox', 'pm10', 'pm10', 'pm25', 'pm25', 'relativehumidity', 'so2', 'so2', 'temperature', 'wind_direction', 'wind_speed']",False,True,CPCB
6443,"Bandhavgar Colony, Satna - Birla Cement",,24.58434363,80.8549414,"[18107, 12235114, 12241379, 1950222, 12241380, 14340774, 1950221, 12235115, 12235116, 18106, 12235117, 18105, 12235118, 18103]","['co', 'co', 'no', 'no2', 'no2', 'nox', 'o3', 'o3', 'pm10', 'pm10', 'pm25', 'pm25', 'so2', 'so2']",False,True,CPCB
6920,"Manali Village, Chennai - TNPCB",,11.258244,77.552429,"[19869, 19868, 19867, 19871, 19870, 19872]","['co', 'no2', 'o3', 'pm10', 'pm25', 'so2']",False,True,caaqm
6923,"New Mandi, Muzaffarnagar - UPPCB",,29.4723508,77.7194031,"[19878, 12235217, 12235218, 12235219, 19880, 14341801, 19879, 12235220, 19877, 12235221, 12235222, 19881, 12235223, 12235224, 19882, 12235225, 14341802, 14341803]","['co', 'co', 'no', 'no2', 'no2', 'nox', 'o3', 'o3', 'pm10', 'pm10', 'pm25', 'pm25', 'relativehumidity', 'so2', 'so2', 'temperature', 'wind_direction', 'wind_speed']",False,True,CPCB
6924,"Indirapuram, Ghaziabad - UPPCB",,28.646233,77.358075,"[12235774, 19888, 12235775, 12235776, 19885, 14341933, 12235777, 19883, 12235778, 19886, 12235779, 19884, 12235780, 19887, 12235781, 12235782, 14340908, 14340909]","['co', 'co', 'no', 'no2', 'no2', 'nox', 'o3', 'o3', 'pm10', 'pm10', 'pm25', 'pm25', 'relativehumidity', 'so2', 'so2', 'temperature', 'wind_direction', 'wind_speed']",False,True,CPCB
6927,"Colaba, Mumbai - MPCB",,18.91,72.82,"[20137, 12235921, 12235922, 12235923, 19892, 14341960, 20139, 12235924, 12235925, 20142, 12235926, 20143, 12235927, 12235928, 20144, 12235929, 14341961, 14341962]","['co', 'co', 'no', 'no2', 'no2', 'nox', 'o3', 'o3', 'pm10', 'pm10', 'pm25', 'pm25', 'relativehumidity', 'so2', 'so2', 'temperature', 'wind_direction', 'wind_speed']",False,True,CPCB
6928,"Vasai West, Mumbai - MPCB",,19.3832,72.8204,"[12235818, 19896, 12235819, 12235820, 19893, 14340919, 12235821, 19895, 12235822, 19898, 12235823, 19894, 12235824, 12235825, 19897, 12235826, 14340920, 14340921]","['co', 'co', 'no', 'no2', 'no2', 'nox', 'o3', 'o3', 'pm10', 'pm10', 'pm25', 'pm25', 'relativehumidity', 'so2', 'so2', 'temperature', 'wind_direction', 'wind_speed']",False,True,CPCB
6929,"Major Dhyan Chand National Stadium, Delhi - DPCC",,28.611281,77.237738,"[19901, 12235042, 12235043, 12235044, 19902, 14340752, 12235045, 19903, 19904, 12235046, 12235047, 19900, 12235048, 12235049, 19899, 12235050, 14340753, 14340754]","['co', 'co', 'no', 'no2', 'no2', 'nox', 'o3', 'o3', 'pm10', 'pm10', 'pm25', 'pm25', 'relativehumidity', 'so2', 'so2', 'temperature', 'wind_direction', 'wind_speed']",False,True,CPCB
6930,"Gobind Pura, Yamuna Nagar - HSPCB",,30.1480566,77.2893471,"[13623420, 19911, 13623421, 19909, 13623422, 14341896, 19908, 13623423, 19910, 13623424, 12961441, 19907, 12961442, 19905, 13623425, 12961443, 14341897, 14341898]","['co', 'co', 'no', 'no2', 'no2', 'nox', 'o3', 'o3', 'pm10', 'pm10', 'pm25', 'pm25', 'relativehumidity', 'so2', 'so2', 'temperature', 'wind_direction', 'wind_speed']",False,True,CPCB
6931,"Dwarka-Sector 8, Delhi - DPCC ",,28.5710274,77.0719006,"[12235015, 19957, 12235016, 12235017, 19956, 14340743, 19954, 12235018, 19906, 12235019, 20150, 12235020, 12235021, 20147, 12235022, 12235023, 14340744, 14340745]","['co', 'co', 'no', 'no2', 'no2', 'nox', 'o3', 'o3', 'pm10', 'pm10', 'pm25', 'pm25', 'relativehumidity', 'so2', 'so2', 'temperature', 'wind_direction', 'wind_speed']",False,True,CPCB
6932,"Alipur, Delhi - DPCC",,28.815329,77.15301,"[19939, 12235693, 12235694, 12235695, 19948, 14340882, 12235696, 19950, 12235697, 19936, 19935, 12235698, 12235699, 12235700, 19912, 12235701, 14340883, 14340884]","['co', 'co', 'no', 'no2', 'no2', 'nox', 'o3', 'o3', 'pm10', 'pm10', 'pm25', 'pm25', 'relativehumidity', 'so2', 'so2', 'temperature', 'wind_direction', 'wind_speed']",False,True,CPCB
6933,"Shasthri Nagar, Ratlam - IPCA Lab",,23.331731,75.045981,"[12235712, 12235713, 19914, 14340887, 12235714, 19915, 19916, 12235715, 19913, 12235716]","['no', 'no2', 'no2', 'nox', 'pm10', 'pm10', 'pm25', 'pm25', 'so2', 'so2']",False,True,CPCB
6934,"Dr. Karni Singh Shooting Range, Delhi - DPCC",,28.498571,77.26484,"[12235006, 19925, 12235007, 12235008, 19930, 14340740, 19917, 12235009, 12235010, 19941, 12235011, 19919, 12235012, 12235013, 19943, 12235014, 14340741, 14340742]","['co', 'co', 'no', 'no2', 'no2', 'nox', 'o3', 'o3', 'pm10', 'pm10', 'pm25', 'pm25', 'relativehumidity', 'so2', 'so2', 'temperature', 'wind_direction', 'wind_speed']",False,True,CPCB
6935,"Urban Estate-II, Hisar - HSPCB",,29.14056,75.744941,"[19918, 14414776, 14414777, 14414778, 19921, 14414779, 14414780, 19937, 14414781, 19947, 14414782, 19946, 14414783, 19944, 14414784, 14414785, 14414786, 14414787]","['co', 'co', 'no', 'no2', 'no2', 'nox', 'o3', 'o3', 'pm10', 'pm10', 'pm25', 'pm25', 'relativehumidity', 'so2', 'so2', 'temperature', 'wind_direction', 'wind_speed']",False,True,CPCB
6936,"Arya Nagar, Bahadurgarh - HSPCB",,28.6701,76.9254,"[14233899, 19940, 14233900, 14233901, 19945, 14341893, 14233902, 19931, 14233903, 19928, 14233904, 19922, 14233905, 14233906, 19920, 14233907, 14341894, 14341895]","['co', 'co', 'no', 'no2', 'no2', 'nox', 'o3', 'o3', 'pm10', 'pm10', 'pm25', 'pm25', 'relativehumidity', 'so2', 'so2', 'temperature', 'wind_direction', 'wind_speed']",False,True,CPCB
6937,"Sector-10, Gandhinagar - GPCB",,23.221714,72.654328,"[12235726, 19927, 12235727, 19924, 12235728, 14341923, 19923, 12235729, 12235730, 19951, 12235731, 19949, 12235732, 19942, 12235733, 12235734, 14341924, 14341925]","['co', 'co', 'no', 'no2', 'no2', 'nox', 'o3', 'o3', 'pm10', 'pm10', 'pm25', 'pm25', 'relativehumidity', 'so2', 'so2', 'temperature', 'wind_direction', 'wind_speed']",False,True,CPCB
6938,"Vivek Vihar, Delhi - DPCC",,28.672342,77.31526,"[12235128, 19926, 12235129, 12235130, 19929, 14340778, 19932, 12235131, 19933, 12235132, 19934, 12235133, 12235134, 12235135, 19938, 12235136, 14340779, 14340780]","['co', 'co', 'no', 'no2', 'no2', 'nox', 'o3', 'o3', 'pm10', 'pm10', 'pm25', 'pm25', 'relativehumidity', 'so2', 'so2', 'temperature', 'wind_direction', 'wind_speed']",False,True,CPCB
6939,"Hardev Nagar, Bathinda - PPCB",,30.233011,74.907758,"[12235209, 20048, 12235210, 12235211, 20050, 14341798, 19952, 12235212, 20051, 12235213, 12235214, 12235215, 20052, 12235216, 14341799, 14341800]","['co', 'co', 'no', 'no2', 'no2', 'nox', 'pm10', 'pm10', 'pm25', 'pm25', 'relativehumidity', 'so2', 'so2', 'temperature', 'wind_direction', 'wind_speed']",False,True,CPCB
6940,"Kalal Majra, Khanna - PPCB",,30.736056,76.209694,"[20124, 12235173, 12235174, 12235175, 20132, 14341786, 19953, 12235176, 19963, 12235177, 12235178, 19965, 12235179, 19958, 12235180, 12235181, 14341787, 14341788]","['co', 'co', 'no', 'no2', 'no2', 'nox', 'o3', 'o3', 'pm10', 'pm10', 'pm25', 'pm25', 'relativehumidity', 'so2', 'so2', 'temperature', 'wind_direction', 'wind_speed']",False,True,CPCB
6941,"Railway Colony, Guwahati - APCB",,26.144499999999997,91.7362,"[20146, 20149, 20151, 19955, 19960, 19962]","['co', 'no2', 'o3', 'pm10', 'pm25', 'so2']",False,True,caaqm
6942,"Phase-4 GIDC, Vatva - GPCB",,22.969611,72.6435,"[20136, 12235735, 12235736, 20140, 12235737, 14341926, 19964, 12235738, 12235739, 19959, 20141, 12235740, 14082767, 20138, 12235741, 14082768, 14341927, 14341928]","['co', 'co', 'no', 'no2', 'no2', 'nox', 'o3', 'o3', 'pm10', 'pm10', 'pm25', 'pm25', 'relativehumidity', 'so2', 'so2', 'temperature', 'wind_direction', 'wind_speed']",False,True,CPCB
6943,"Mahape, Navi Mumbai - MPCB",,19.1135051,73.008978,"[20128, 12235900, 12235901, 20069, 12235902, 14340937, 12235903, 19961, 20068, 12235904, 20046, 12235905, 12235906, 20023, 12235907, 12235908, 14341952, 14341953]","['co', 'co', 'no', 'no2', 'no2', 'nox', 'o3', 'o3', 'pm10', 'pm10', 'pm25', 'pm25', 'relativehumidity', 'so2', 'so2', 'temperature', 'wind_direction', 'wind_speed']",False,True,CPCB
6944,"H.B. Colony, Bhiwani - HSPCB",,28.806223,76.141105,"[12251159, 19966, 12251160, 19967, 12251161, 14341899, 19969, 12251162, 19970, 12251163, 19972, 12251164, 12251165, 12251166, 19974, 12251167, 14341900, 14341901]","['co', 'co', 'no', 'no2', 'no2', 'nox', 'o3', 'o3', 'pm10', 'pm10', 'pm25', 'pm25', 'relativehumidity', 'so2', 'so2', 'temperature', 'wind_direction', 'wind_speed']",False,True,CPCB
6945,"Kurla, Mumbai - MPCB",,19.0863,72.8888,"[19993, 12235829, 12235830, 20076, 12235831, 14340922, 19968, 12235832, 12235833, 19975, 12235834, 19978, 12235835, 12289836, 19987, 12235836, 14340923, 14340924]","['co', 'co', 'no', 'no2', 'no2', 'nox', 'o3', 'o3', 'pm10', 'pm10', 'pm25', 'pm25', 'relativehumidity', 'so2', 'so2', 'temperature', 'wind_direction', 'wind_speed']",False,True,CPCB
6946,"Belur Math, Howrah - WBPCB",,22.629801,88.352017,"[19971, 12235809, 12235810, 12235811, 20004, 14341934, 12235812, 20008, 12235813, 20036, 12235814, 20038, 12235815, 12235816, 20121, 12235817, 14341935, 14341936]","['co', 'co', 'no', 'no2', 'no2', 'nox', 'o3', 'o3', 'pm10', 'pm10', 'pm25', 'pm25', 'relativehumidity', 'so2', 'so2', 'temperature', 'wind_direction', 'wind_speed']",False,True,CPCB
6947,"General Hospital, Mandikhera - HSPCB",,27.9002,76.9938,"[14216050, 19990, 14216051, 19984, 14216052, 14341914, 14216053, 20072, 19973, 14216054, 19983, 14216055, 14216056, 14216057, 19999, 14216058, 14341915, 14341916]","['co', 'co', 'no', 'no2', 'no2', 'nox', 'o3', 'o3', 'pm10', 'pm10', 'pm25', 'pm25', 'relativehumidity', 'so2', 'so2', 'temperature', 'wind_direction', 'wind_speed']",False,True,CPCB
6948,"Chhatrapati Shivaji Intl. Airport (T2), Mumbai - MPCB",,19.10078,72.87462,"[19976, 12235855, 12235856, 19977, 12235857, 14340928, 19979, 12235858, 19980, 12235859, 19981, 12235860, 12235861, 19982, 12235862, 12235863, 14340929, 14340930]","['co', 'co', 'no', 'no2', 'no2', 'nox', 'o3', 'o3', 'pm10', 'pm10', 'pm25', 'pm25', 'relativehumidity', 'so2', 'so2', 'temperature', 'wind_direction', 'wind_speed']",False,True,CPCB
6949,"Municipal Corporation Office, Dharuhera -  HSPCB",,28.2068,76.7997,"[20100, 14291086, 14291087, 20045, 14291088, 14340888, 20044, 14291089, 14291090, 20060, 19985, 14291091, 14291092, 14291093, 20078, 14291094, 14340889, 14340890]","['co', 'co', 'no', 'no2', 'no2', 'nox', 'o3', 'o3', 'pm10', 'pm10', 'pm25', 'pm25', 'relativehumidity', 'so2', 'so2', 'temperature', 'wind_direction', 'wind_speed']",False,True,CPCB
6950,"Jadavpur, Kolkata - WBPCB",,22.49929,88.36917,"[19986, 12235882, 12235883, 12235884, 19988, 14341946, 19991, 12235885, 19994, 12235886, 19997, 12235887, 12235888, 12235889, 20002, 12235890, 14341947, 14341948]","['co', 'co', 'no', 'no2', 'no2', 'nox', 'o3', 'o3', 'pm10', 'pm10', 'pm25', 'pm25', 'relativehumidity', 'so2', 'so2', 'temperature', 'wind_direction', 'wind_speed']",False,True,CPCB
6951,"Murthal, Sonipat - HSPCB",,29.0272,77.0621,"[14258138, 19989, 14258139, 14258140, 20035, 14341887, 14258141, 20082, 14258142, 20056, 20013, 14258143, 14258144, 14258145, 20066, 14258146, 14341888, 14341889]","['co', 'co', 'no', 'no2', 'no2', 'nox', 'o3', 'o3', 'pm10', 'pm10', 'pm25', 'pm25', 'relativehumidity', 'so2', 'so2', 'temperature', 'wind_direction', 'wind_speed']",False,True,CPCB
6952,"F-Block, Sirsa - HSPCB",,29.5364,75.0158,"[13604851, 20001, 13604852, 13604853, 20000, 14341908, 19998, 13604854, 19996, 13604855, 13604856, 19995, 13604857, 13604858, 19992, 13604859, 14341909, 14341910]","['co', 'co', 'no', 'no2', 'no2', 'nox', 'o3', 'o3', 'pm10', 'pm10', 'pm25', 'pm25', 'relativehumidity', 'so2', 'so2', 'temperature', 'wind_direction', 'wind_speed']",False,True,CPCB
6953,"Sector-2 IMT, Manesar - HSPCB",,28.360699,76.93609,"[14250040, 20014, 14250041, 20012, 14250042, 14341884, 20011, 14250043, 20009, 14250044, 20006, 14250045, 14250046, 14250047, 20003, 14250048, 14341885, 14341886]","['co', 'co', 'no', 'no2', 'no2', 'nox', 'o3', 'o3', 'pm10', 'pm10', 'pm25', 'pm25', 'relativehumidity', 'so2', 'so2', 'temperature', 'wind_direction', 'wind_speed']",False,True,CPCB
6954,"Chikkaballapur Rural, Chikkaballapur - KSPCB",,13.428828,77.731418,"[20005, 12235271, 12235272, 20233, 12235273, 14341807, 12235274, 20235, 20252, 12235275, 20253, 12235276, 12235277, 20256, 12235278, 12235279, 14341808, 14341809]","['co', 'co', 'no', 'no2', 'no2', 'nox', 'o3', 'o3', 'pm10', 'pm10', 'pm25', 'pm25', 'relativehumidity', 'so2', 'so2', 'temperature', 'wind_direction', 'wind_speed']",False,True,CPCB
6955,"Lal Bahadur Shastri Nagar, Kalaburagi - KSPCB",,17.321993,76.822628,"[12235325, 20170, 12235326, 20185, 12235327, 14341810, 20007, 12235328, 12235329, 20160, 20163, 12460304, 12235330, 12235331, 20174, 12235332, 14341811, 14341812]","['co', 'co', 'no', 'no2', 'no2', 'nox', 'o3', 'o3', 'pm10', 'pm10', 'pm25', 'pm25', 'relativehumidity', 'so2', 'so2', 'temperature', 'wind_direction', 'wind_speed']",False,True,CPCB
6956,"Powai, Mumbai - MPCB",,19.1375,72.915056,"[20125, 12235891, 12235892, 20083, 12235893, 14340934, 12235894, 20054, 20010, 12235895, 20079, 12235896, 12235897, 20101, 12235898, 12235899, 14340935, 14340936]","['co', 'co', 'no', 'no2', 'no2', 'nox', 'o3', 'o3', 'pm10', 'pm10', 'pm25', 'pm25', 'relativehumidity', 'so2', 'so2', 'temperature', 'wind_direction', 'wind_speed']",False,True,CPCB
6957,"Jawaharlal Nehru Stadium, Delhi - DPCC",,28.58028,77.233829,"[12235033, 20015, 12235034, 12235035, 20017, 14340749, 12235036, 20018, 20019, 12235037, 20020, 12235038, 12235039, 12235040, 20021, 12235041, 14340750, 14340751]","['co', 'co', 'no', 'no2', 'no2', 'nox', 'o3', 'o3', 'pm10', 'pm10', 'pm25', 'pm25', 'relativehumidity', 'so2', 'so2', 'temperature', 'wind_direction', 'wind_speed']",False,True,CPCB
6958,"Sector-18, Panipat - HSPCB",,29.435587,76.975531,"[14248662, 20028, 14248663, 20027, 14248664, 14341902, 20026, 14248665, 14248666, 20025, 14248667, 20024, 14248668, 20022, 14248669, 14248670, 14341903, 14341904]","['co', 'co', 'no', 'no2', 'no2', 'nox', 'o3', 'o3', 'pm10', 'pm10', 'pm25', 'pm25', 'relativehumidity', 'so2', 'so2', 'temperature', 'wind_direction', 'wind_speed']",False,True,CPCB
6959,"Siddharth Nagar-Worli, Mumbai - IITM",,19.000083,72.813993,"[20029, 12236430, 12236431, 12236432, 20030, 14342065, 12236433, 20031, 20032, 12236434, 12236435, 20033, 12236436, 20034, 12236437, 14342066, 14342067]","['co', 'co', 'no', 'no2', 'no2', 'nox', 'o3', 'o3', 'pm10', 'pm10', 'pm25', 'pm25', 'relativehumidity', 'so2', 'temperature', 'wind_direction', 'wind_speed']",False,True,CPCB
6960,"Patparganj, Delhi - DPCC",,28.623748,77.287205,"[12235096, 12235097, 20037, 12235098, 14340769, 12235099, 20039, 12235100, 20040, 12235101, 20049, 12235102, 20055, 12235103, 12235104, 14340770, 14340771]","['co', 'no', 'no2', 'no2', 'nox', 'o3', 'o3', 'pm10', 'pm10', 'pm25', 'pm25', 'relativehumidity', 'so2', 'so2', 'temperature', 'wind_direction', 'wind_speed']",False,True,CPCB
6961,"Shrivastav Colony, Damoh - MPPCB",,23.81748678,79.446246,"[20043, 12235708, 36569, 14340886, 12235709, 20042, 20041, 12235710, 12235711]","['co', 'co', 'no2', 'nox', 'pm10', 'pm10', 'pm25', 'pm25', 'so2']",False,True,CPCB
6962,"GIDC, Ankleshwar - GPCB",,21.613267,73.010555,"[12235717, 12235718, 12235719, 14340896, 12235720, 12235721, 12235722, 12235723, 12235724, 12235725, 14340897, 14340898]","['co', 'no', 'no2', 'nox', 'o3', 'pm10', 'pm25', 'relativehumidity', 'so2', 'temperature', 'wind_direction', 'wind_speed']",False,True,CPCB
6963,"Police Lines, Jind - HSPCB",,29.307814,76.337619,"[20080, 14259001, 14259002, 14259003, 20077, 14341917, 14259004, 20074, 14259005, 20071, 14259006, 20064, 14259007, 14259008, 20057, 14259009, 14341918, 14341919]","['co', 'co', 'no', 'no2', 'no2', 'nox', 'o3', 'o3', 'pm10', 'pm10', 'pm25', 'pm25', 'relativehumidity', 'so2', 'so2', 'temperature', 'wind_direction', 'wind_speed']",False,True,CPCB
6964,"Patti Mehar, Ambala - HSPCB",,30.379589,76.778328,"[20058, 14258992, 14258993, 14258994, 20059, 14340893, 20061, 14258995, 14258996, 20062, 20063, 14258997, 14258998, 14258999, 20065, 14259000, 14340894, 14340895]","['co', 'co', 'no', 'no2', 'no2', 'nox', 'o3', 'o3', 'pm10', 'pm10', 'pm25', 'pm25', 'relativehumidity', 'so2', 'so2', 'temperature', 'wind_direction', 'wind_speed']",False,True,CPCB
6965,"Borivali East, Mumbai - MPCB",,19.227474,72.864394,"[12252653, 20075, 12252654, 12252655, 20081, 14341949, 20084, 12252656, 20085, 12252657, 12252658, 20087, 12252659, 20090, 12252660, 12252661, 14341950, 14341951]","['co', 'co', 'no', 'no2', 'no2', 'nox', 'o3', 'o3', 'pm10', 'pm10', 'pm25', 'pm25', 'relativehumidity', 'so2', 'so2', 'temperature', 'wind_direction', 'wind_speed']",False,True,CPCB
6966,"Udyogamandal, Eloor - Kerala PCB",,10.073232,76.302765,"[12235837, 20086, 12235838, 20088, 12235839, 14341940, 20089, 12235840, 12235841, 20091, 12235842, 20092, 12235843, 12235844, 20093, 12235845, 14341941, 14341942]","['co', 'co', 'no', 'no2', 'no2', 'nox', 'o3', 'o3', 'pm10', 'pm10', 'pm25', 'pm25', 'relativehumidity', 'so2', 'so2', 'temperature', 'wind_direction', 'wind_speed']",False,True,CPCB
6967,"Sion, Mumbai - MPCB",,19.047,72.8746,"[20109, 12243925, 12243926, 12243927, 20107, 14340938, 20098, 12243928, 20097, 12243929, 12243930, 20096, 12243931, 12243932, 20095, 12243933, 14340939, 14340940]","['co', 'co', 'no', 'no2', 'no2', 'nox', 'o3', 'o3', 'pm10', 'pm10', 'pm25', 'pm25', 'relativehumidity', 'so2', 'so2', 'temperature', 'wind_direction', 'wind_speed']",False,True,CPCB
6968,"Phase-1 GIDC, Vapi - GPCB",,20.362421,72.918013,"[20099, 12235748, 12235749, 20122, 14340899, 12235750, 20129, 12235751, 20130, 12235752, 20133, 12235753, 12235754, 20134, 12235755, 14340900, 14340901]","['co', 'no', 'no2', 'no2', 'nox', 'o3', 'o3', 'pm10', 'pm10', 'pm25', 'pm25', 'relativehumidity', 'so2', 'so2', 'temperature', 'wind_direction', 'wind_speed']",False,True,CPCB
6969,"Huda Sector, Fatehabad - HSPCB",,29.503664,75.467934,"[14347150, 20102, 14347151, 14347152, 20103, 14347153, 14347154, 20104, 14347155, 20105, 14347156, 20106, 14347157, 20108, 14347158, 14347159, 14347160, 14347161]","['co', 'co', 'no', 'no2', 'no2', 'nox', 'o3', 'o3', 'pm10', 'pm10', 'pm25', 'pm25', 'relativehumidity', 'so2', 'so2', 'temperature', 'wind_direction', 'wind_speed']",False,True,CPCB
6970,"Shastri Nagar, Narnaul - HSPCB",,28.060249,76.113115,"[20135, 14224807, 14224808, 20131, 14224809, 14341911, 14224810, 20119, 14224811, 20115, 20110, 14224812, 14224813, 20963, 14224814, 14224815, 14341912, 14341913]","['co', 'co', 'no', 'no2', 'no2', 'nox', 'o3', 'o3', 'pm10', 'pm10', 'pm25', 'pm25', 'relativehumidity', 'so2', 'so2', 'temperature', 'wind_direction', 'wind_speed']",False,True,CPCB
6971,"Rishi Nagar, Kaithal - HSPCB",,29.8006,76.4155,"[20120, 12353751, 12353752, 12353753, 20117, 14341930, 20116, 12353754, 12353755, 20114, 20112, 12353756, 12353757, 12353758, 20111, 12353759, 14341931, 14341932]","['co', 'co', 'no', 'no2', 'no2', 'nox', 'o3', 'o3', 'pm10', 'pm10', 'pm25', 'pm25', 'relativehumidity', 'so2', 'so2', 'temperature', 'wind_direction', 'wind_speed']",False,True,CPCB
6972,"Nathu Colony, Ballabgarh - HSPCB",,28.3419248,77.319699,"[14283595, 20148, 14283596, 20145, 14283597, 14341920, 20127, 14283598, 14283599, 20126, 20123, 14283600, 14283601, 20118, 14283602, 14283603, 14341921, 14341922]","['co', 'co', 'no', 'no2', 'no2', 'nox', 'o3', 'o3', 'pm10', 'pm10', 'pm25', 'pm25', 'relativehumidity', 'so2', 'so2', 'temperature', 'wind_direction', 'wind_speed']",False,True,CPCB
6973,"Jayanagar 5th Block, Bengaluru - KSPCB",,12.920984,77.584908,"[20173, 12235262, 12235263, 12235264, 20175, 14340802, 12235265, 20155, 20172, 12235266, 20162, 12235267, 12235268, 12235269, 20152, 12235270, 14340803, 14340804]","['co', 'co', 'no', 'no2', 'no2', 'nox', 'o3', 'o3', 'pm10', 'pm10', 'pm25', 'pm25', 'relativehumidity', 'so2', 'so2', 'temperature', 'wind_direction', 'wind_speed']",False,True,CPCB
6974,"Bapuji Nagar, Bengaluru - KSPCB",,12.951913,77.539784,"[20153, 12235235, 12235236, 12235237, 20169, 14340793, 12235238, 20167, 12235239, 20166, 12235240, 20165, 12235241, 20164, 12235242, 12235243, 14340794, 14340795]","['co', 'co', 'no', 'no2', 'no2', 'nox', 'o3', 'o3', 'pm10', 'pm10', 'pm25', 'pm25', 'relativehumidity', 'so2', 'so2', 'temperature', 'wind_direction', 'wind_speed']",False,True,CPCB
6975,"Silk Board, Bengaluru - KSPCB",,12.917348,77.622813,"[12235280, 20171, 12235281, 20154, 12235282, 14340805, 12235283, 20168, 12235284, 20161, 12235285, 20156, 12235286, 20176, 12235287, 12235288, 14340806, 14340807]","['co', 'co', 'no', 'no2', 'no2', 'nox', 'o3', 'o3', 'pm10', 'pm10', 'pm25', 'pm25', 'relativehumidity', 'so2', 'so2', 'temperature', 'wind_direction', 'wind_speed']",False,True,CPCB
6976,"Jai Bhim Nagar, Meerut - UPPCB",,28.9535882,77.7622941,"[12235864, 20157, 12235865, 20204, 12235866, 14340931, 12235867, 20234, 20238, 12235868, 20257, 12235869, 12235870, 12235871, 20159, 12235872, 14340932, 14340933]","['co', 'co', 'no', 'no2', 'no2', 'nox', 'o3', 'o3', 'pm10', 'pm10', 'pm25', 'pm25', 'relativehumidity', 'so2', 'so2', 'temperature', 'wind_direction', 'wind_speed']",False,True,CPCB
6978,"Knowledge Park - III, Greater Noida - UPPCB",,28.47272,77.482,"[12235191, 20181, 12235192, 20177, 12235193, 14340787, 12235194, 20180, 12235195, 20191, 20209, 12235196, 12235197, 12235198, 20227, 12235199, 14340788, 14340789]","['co', 'co', 'no', 'no2', 'no2', 'nox', 'o3', 'o3', 'pm10', 'pm10', 'pm25', 'pm25', 'relativehumidity', 'so2', 'so2', 'temperature', 'wind_direction', 'wind_speed']",False,True,CPCB
6979,"New Collectorate, Baghpat - UPPCB",,28.974801000000003,77.21335699999999,"[20193, 20183, 20178, 20184, 20188, 20202]","['co', 'no2', 'o3', 'pm10', 'pm25', 'so2']",False,True,caaqm
6980,"Sector-1, Noida - UPPCB",,28.589247,77.321962,"[12235946, 20186, 12235947, 20187, 12235948, 14340947, 20189, 12235949, 12235950, 20194, 20206, 12235951, 12235952, 20207, 12235953, 12235954, 14340948, 14340949]","['co', 'co', 'no', 'no2', 'no2', 'nox', 'o3', 'o3', 'pm10', 'pm10', 'pm25', 'pm25', 'relativehumidity', 'so2', 'so2', 'temperature', 'wind_direction', 'wind_speed']",False,True,CPCB
6981,"Fort William, Kolkata - WBPCB",,22.55664,88.342674,"[20228, 12235873, 12235874, 12235875, 20226, 14341943, 12235876, 20214, 20211, 12235877, 12235878, 20203, 12235879, 20190, 12235880, 12235881, 14341944, 14341945]","['co', 'co', 'no', 'no2', 'no2', 'nox', 'o3', 'o3', 'pm10', 'pm10', 'pm25', 'pm25', 'relativehumidity', 'so2', 'so2', 'temperature', 'wind_direction', 'wind_speed']",False,True,CPCB
6982,"Deshpande Nagar, Hubballi - KSPCB",,15.351773,75.140726,"[12235164, 12235165, 12235166, 14341783, 12235167, 12235168, 12235169, 12235170, 12235171, 12235172, 14341784, 14341785]","['co', 'no', 'no2', 'nox', 'o3', 'pm10', 'pm25', 'relativehumidity', 'so2', 'temperature', 'wind_direction', 'wind_speed']",False,True,CPCB
6983,"Hombegowda Nagar, Bengaluru - KSPCB",,12.938539,77.5901,"[20195, 12235253, 12235254, 12235255, 20196, 14340799, 12235256, 20197, 12235257, 20198, 12235258, 20199, 12235259, 20200, 12235260, 12235261, 14340800, 14340801]","['co', 'co', 'no', 'no2', 'no2', 'nox', 'o3', 'o3', 'pm10', 'pm10', 'pm25', 'pm25', 'relativehumidity', 'so2', 'so2', 'temperature', 'wind_direction', 'wind_speed']",False,True,CPCB
6984,"Hebbal, Bengaluru - KSPCB",,13.029152,77.585901,"[12235244, 20224, 12235245, 12235246, 20222, 14340796, 12235247, 20221, 12235248, 20213, 20212, 12235249, 12235250, 12235251, 20210, 12235252, 14340797, 14340798]","['co', 'co', 'no', 'no2', 'no2', 'nox', 'o3', 'o3', 'pm10', 'pm10', 'pm25', 'pm25', 'relativehumidity', 'so2', 'so2', 'temperature', 'wind_direction', 'wind_speed']",False,True,CPCB
6985,"Yamunapuram, Bulandshahr - UPPCB",,28.406963,77.849831,"[12235200, 20220, 12235201, 12235202, 20219, 14340790, 12235203, 20218, 20217, 12235204, 20216, 12235205, 12235206, 12235207, 20215, 12235208, 14340791, 14340792]","['co', 'co', 'no', 'no2', 'no2', 'nox', 'o3', 'o3', 'pm10', 'pm10', 'pm25', 'pm25', 'relativehumidity', 'so2', 'so2', 'temperature', 'wind_direction', 'wind_speed']",False,True,CPCB
6986,"Knowledge Park - V, Greater Noida - UPPCB",,28.557054,77.453663,"[20230, 12235930, 12235931, 12235932, 20232, 14340941, 12235933, 20237, 12235934, 20241, 20242, 12235935, 12235936, 12235937, 20244, 12235938, 14340942, 14340943]","['co', 'co', 'no', 'no2', 'no2', 'nox', 'o3', 'o3', 'pm10', 'pm10', 'pm25', 'pm25', 'relativehumidity', 'so2', 'so2', 'temperature', 'wind_direction', 'wind_speed']",False,True,CPCB
6987,"Vile Parle West, Mumbai - MPCB",,19.10861,72.83622,"[12235846, 20236, 12235847, 12235848, 20239, 14340925, 20240, 12235849, 20243, 12235850, 12235851, 20251, 12235852, 12235853, 20254, 12235854, 14340926, 14340927]","['co', 'co', 'no', 'no2', 'no2', 'nox', 'o3', 'o3', 'pm10', 'pm10', 'pm25', 'pm25', 'relativehumidity', 'so2', 'so2', 'temperature', 'wind_direction', 'wind_speed']",False,True,CPCB
6988,"Sector-116, Noida - UPPCB",,28.56923,77.393848,"[12235939, 12241382, 12241383, 14340944, 12235940, 12235941, 12235942, 12235943, 12235944, 12235945, 14340945, 14340946]","['co', 'no', 'no2', 'nox', 'o3', 'pm10', 'pm25', 'relativehumidity', 'so2', 'temperature', 'wind_direction', 'wind_speed']",False,True,CPCB
7005,"Loni, Ghaziabad - UPPCB",,28.757294,77.278792,"[12235783, 20295, 12235784, 20294, 12235785, 14340910, 12264381, 20292, 12235786, 20293, 12235787, 20290, 12235788, 20291, 12235789, 12235790, 14340911, 14340912]","['co', 'co', 'no', 'no2', 'no2', 'nox', 'o3', 'o3', 'pm10', 'pm10', 'pm25', 'pm25', 'relativehumidity', 'so2', 'so2', 'temperature', 'wind_direction', 'wind_speed']",False,True,CPCB
7044,"R K Puram, Delhi - DPCC",,28.563262000000005,77.186937,"[20410, 20409, 20406, 20407, 20411, 20408]","['co', 'no2', 'o3', 'pm10', 'pm25', 'so2']",False,True,caaqm
7140,"Gomti Nagar, Lucknow - UPPCB",,26.86812,81.005119,"[20574, 12235980, 12235981, 12235982, 36690, 14340953, 12235983, 36688, 1348528, 12235984, 36687, 12235985, 12235986, 36671, 12235987, 12235988, 14340954, 14340955]","['co', 'co', 'no', 'no2', 'no2', 'nox', 'o3', 'o3', 'pm10', 'pm10', 'pm25', 'pm25', 'relativehumidity', 'so2', 'so2', 'temperature', 'wind_direction', 'wind_speed']",False,True,CPCB
7280,"Shyam Nagar, Palwal - HSPCB",,28.1485564,77.3320667,"[14249199, 20944, 14249200, 14249201, 20949, 14341905, 14249202, 20946, 20948, 14249203, 14249204, 20947, 14249205, 20945, 14249206, 14249207, 14341906, 14341907]","['co', 'co', 'no', 'no2', 'no2', 'nox', 'o3', 'o3', 'pm10', 'pm10', 'pm25', 'pm25', 'relativehumidity', 'so2', 'so2', 'temperature', 'wind_direction', 'wind_speed']",False,True,CPCB
7281,"Shyam Nagar, Palwal - HSPCB",,28.1485564,77.3320667,"[20953, 20951, 20952, 20957, 20962, 20958]","['co', 'no2', 'o3', 'pm10', 'pm25', 'so2']",False,True,caaqm
7282,"Sector-7, Kurukshetra - HSPCB",,29.966942,76.875879,"[14234408, 20954, 14234409, 14234410, 20956, 14341890, 20955, 14234411, 14234412, 20960, 14234413, 20961, 14234414, 14234415, 20959, 14234416, 14341891, 14341892]","['co', 'co', 'no', 'no2', 'no2', 'nox', 'o3', 'o3', 'pm10', 'pm10', 'pm25', 'pm25', 'relativehumidity', 'so2', 'so2', 'temperature', 'wind_direction', 'wind_speed']",False,True,CPCB
7283,"MD University, Rohtak - HSPCB",,28.87793,76.620825,"[12599848, 20968, 12599849, 12599850, 20967, 14341792, 20964, 12599851, 12599852, 12599853, 20965, 12599854, 20966, 12599855, 12599856, 14341793, 14341794]","['co', 'co', 'no', 'no2', 'no2', 'nox', 'o3', 'o3', 'pm10', 'pm25', 'pm25', 'relativehumidity', 'so2', 'so2', 'temperature', 'wind_direction', 'wind_speed']",False,True,CPCB
7289,"Hebbal 1st Stage, Mysuru - KSPCB",,12.21041,76.37376,"[20999, 12242133, 12242134, 12242135, 20998, 14341966, 20997, 12242136, 20994, 12242137, 12241384, 20996, 12242138, 20995, 12242139, 12242140, 14341967, 14341968]","['co', 'co', 'no', 'no2', 'no2', 'nox', 'o3', 'o3', 'pm10', 'pm10', 'pm25', 'pm25', 'relativehumidity', 'so2', 'so2', 'temperature', 'wind_direction', 'wind_speed']",False,True,CPCB
7292,"Chhoti Gwaltoli, Indore - MPPCB",,22.431,75.5213,"[12236025, 21009, 12236026, 12236027, 21008, 14340962, 21007, 12236028, 12236029, 21012, 21010, 12236030, 12236031, 12236032, 21011, 12236033, 14340963, 14340964]","['co', 'co', 'no', 'no2', 'no2', 'nox', 'o3', 'o3', 'pm10', 'pm10', 'pm25', 'pm25', 'relativehumidity', 'so2', 'so2', 'temperature', 'wind_direction', 'wind_speed']",False,True,CPCB
7299,"Gole Bazar, Katni - MPPCB",,23.833778,80.39122199999998,"[21032, 21033, 21037, 21034, 21035, 21036]","['co', 'no2', 'o3', 'pm10', 'pm25', 'so2']",False,True,caaqm
7434,"East Arjun Nagar, Delhi - CPCB",,28.655601699999995,77.2859318,"[21624, 21625, 21623]","['no2', 'o3', 'so2']",False,True,caaqm
7494,"SFTI Kusdihra, Gaya - BSPCB",,24.762518,84.982348,"[21739, 12236204, 12236205, 21738, 12236206, 14342020, 12236207, 21737, 12236208, 21736, 12236209, 21735, 12236210, 21728, 12236211, 12236212, 14342021, 14342022]","['co', 'co', 'no', 'no2', 'no2', 'nox', 'o3', 'o3', 'pm10', 'pm10', 'pm25', 'pm25', 'relativehumidity', 'so2', 'so2', 'temperature', 'wind_direction', 'wind_speed']",False,True,CPCB
7495,"DRM Office Danapur, Patna - BSPCB",,25.586562,85.043586,"[21729, 12236186, 12236187, 12236188, 21730, 14342014, 12236189, 21731, 21732, 12236190, 12236191, 21733, 12236192, 21734, 12236193, 12236194, 14342015, 14342016]","['co', 'co', 'no', 'no2', 'no2', 'nox', 'o3', 'o3', 'pm10', 'pm10', 'pm25', 'pm25', 'relativehumidity', 'so2', 'so2', 'temperature', 'wind_direction', 'wind_speed']",False,True,CPCB
7583,"ICRISAT Patancheru, Hyderabad - TSPCB",,17.305178,78.162863,"[22015, 22014, 22019, 22018, 22017, 22016]","['co', 'no2', 'o3', 'pm10', 'pm25', 'so2']",False,True,caaqm
7720,"Pallavpuram Phase 2, Meerut - UPPCB",,29.06351,77.709723,"[12236070, 25456, 12236071, 25457, 12236072, 14340974, 25458, 12236073, 25459, 12236074, 12236075, 25460, 12236076, 22459, 12236077, 12236078, 14340975, 14340976]","['co', 'co', 'no', 'no2', 'no2', 'nox', 'o3', 'o3', 'pm10', 'pm10', 'pm25', 'pm25', 'relativehumidity', 'so2', 'so2', 'temperature', 'wind_direction', 'wind_speed']",False,True,CPCB
7752,"Khadakpada, Kalyan - MPCB",,19.25292,73.142019,"[36669, 12244841, 12235918, 12235919, 36667, 14341957, 36666, 12244842, 36665, 12244843, 36663, 12235920, 12244844, 22572, 12244845, 12244846, 14341958, 14341959]","['co', 'co', 'no', 'no2', 'no2', 'nox', 'o3', 'o3', 'pm10', 'pm10', 'pm25', 'pm25', 'relativehumidity', 'so2', 'so2', 'temperature', 'wind_direction', 'wind_speed']",False,True,CPCB
7777,"Lal Bahadur Shastri Nagar, Kalaburagi - KSPCB",,17.321993,76.822628,"[36202, 36191, 22608, 36186, 36185, 22607]","['co', 'no2', 'o3', 'pm10', 'pm25', 'so2']",False,True,caaqm
7833,"Ganga Nagar, Meerut - UPPCB",,28.999264,77.7590354,"[22716, 12236079, 12236080, 36532, 12236081, 14340977, 36531, 12236082, 36530, 12236083, 36680, 12236084, 12236085, 12236086, 36678, 12236087, 14340978, 14340979]","['co', 'co', 'no', 'no2', 'no2', 'nox', 'o3', 'o3', 'pm10', 'pm10', 'pm25', 'pm25', 'relativehumidity', 'so2', 'so2', 'temperature', 'wind_direction', 'wind_speed']",False,True,CPCB
7850,"Bandra, Mumbai - MPCB",,19.0627,72.84614,"[36455, 36453, 36451, 22798, 36447, 36446]","['co', 'no2', 'o3', 'pm10', 'pm25', 'so2']",False,True,caaqm
7880,"Sikulpuikawn, Aizawl - Mizoram PCB",,23.7176342,92.7192841,"[22852, 12236263, 12236264, 22851, 12236265, 14340985, 12236266, 22850, 12236267, 22849, 22848, 12236268, 12236269, 12236270, 22847, 14342038, 14342039]","['co', 'co', 'no', 'no2', 'no2', 'nox', 'o3', 'o3', 'pm10', 'pm10', 'pm25', 'pm25', 'relativehumidity', 'so2', 'so2', 'wind_direction', 'wind_speed']",False,True,CPCB
7901,"Corporation Ground, Thrissur- Kerala PCB",,10.522198,76.24085,"[12236338, 22897, 12236339, 22896, 12236340, 14342043, 22901, 12236341, 22899, 12236342, 12236343, 22898, 12236344, 12236345, 22900, 12236346, 14342044, 14342045]","['co', 'co', 'no', 'no2', 'no2', 'nox', 'o3', 'o3', 'pm10', 'pm10', 'pm25', 'pm25', 'relativehumidity', 'so2', 'so2', 'temperature', 'wind_direction', 'wind_speed']",False,True,CPCB
7979,"Deen Dayal Nagar, Sagar - MPPCB",,23.8640158,78.80289321,"[36497, 12236142, 12236143, 36503, 12236144, 14342000, 23115, 12236145, 12236146, 36507, 36509, 12236147]","['co', 'co', 'no', 'no2', 'no2', 'nox', 'pm10', 'pm10', 'pm25', 'pm25', 'so2', 'so2']",False,True,CPCB
8035,"Ibrahimpur, Vijayapura - KSPCB",,16.802639,75.722694,"[12236133, 23302, 12236134, 12236135, 23299, 14341997, 12236136, 23303, 12236137, 23300, 12236138, 23304, 12236139, 23301, 12236140, 12236141, 14341998, 14341999]","['co', 'co', 'no', 'no2', 'no2', 'nox', 'o3', 'o3', 'pm10', 'pm10', 'pm25', 'pm25', 'relativehumidity', 'so2', 'so2', 'temperature', 'wind_direction', 'wind_speed']",False,True,CPCB
8039,Mumbai,India,19.07283,72.88261,[23320],['pm25'],False,True,AirNow
8092,"East Arjun Nagar, Delhi - CPCB",,28.655935,77.294904,"[23669, 23465, 34750]","['no2', 'o3', 'so2']",False,True,caaqm
8118,New Delhi,India,28.63576,77.22445,[23534],['pm25'],False,True,AirNow
8153,"Urban, Chamarajanagar - KSPCB",,11.55358,76.55521,"[12235955, 23738, 12235956, 12235957, 23740, 14341963, 23739, 12235958, 12235959, 23737, 23742, 12235960, 23741, 12235961, 14341964, 14341965]","['co', 'co', 'no', 'no2', 'no2', 'nox', 'o3', 'o3', 'pm10', 'pm10', 'pm25', 'pm25', 'so2', 'so2', 'wind_direction', 'wind_speed']",False,True,CPCB
8171,"GIDC, Nandesari - Nandesari Ind. Association",,22.410802,73.097923,"[12236157, 23777, 12236158, 23775, 23774, 12236159, 23776, 12236160, 23778, 12236161]","['co', 'co', 'no2', 'no2', 'pm10', 'pm10', 'pm25', 'pm25', 'so2', 'so2']",False,True,CPCB
8172,US Diplomatic Post: Kolkata,Kolkata,22.56263,88.36304,[5077640],['pm25'],False,True,StateAir Kolkata
8190,"Kariavattom, Thiruvananthapuram - Kerala PCB",,8.5637,76.8865,"[23899, 12236168, 12236169, 23900, 12236170, 14342005, 23898, 12236171, 23897, 12236172, 23901, 12236173, 12236174, 23902, 12236175, 12236176, 14342006, 14342007]","['co', 'co', 'no', 'no2', 'no2', 'nox', 'o3', 'o3', 'pm10', 'pm10', 'pm25', 'pm25', 'relativehumidity', 'so2', 'so2', 'temperature', 'wind_direction', 'wind_speed']",False,True,CPCB
8235,"Jahangirpuri, Delhi - DPCC",,28.73282,77.170633,"[23993, 12235024, 12235025, 23994, 12235026, 14340746, 23995, 12235027, 23996, 12235028, 12235029, 23997, 12235030, 23998, 12235031, 12235032, 14340747, 14340748]","['co', 'co', 'no', 'no2', 'no2', 'nox', 'o3', 'o3', 'pm10', 'pm10', 'pm25', 'pm25', 'relativehumidity', 'so2', 'so2', 'temperature', 'wind_direction', 'wind_speed']",False,True,CPCB
8239,"Okhla Phase-2, Delhi - DPCC",,28.530785,77.271255,"[12235069, 24010, 12235070, 24008, 12235071, 14340761, 12235072, 24012, 24011, 12235073, 24007, 12235074, 12235075, 24009, 12235076, 12235077, 14340762, 14340763]","['co', 'co', 'no', 'no2', 'no2', 'nox', 'o3', 'o3', 'pm10', 'pm10', 'pm25', 'pm25', 'relativehumidity', 'so2', 'so2', 'temperature', 'wind_direction', 'wind_speed']",False,True,CPCB
8245,"Gole Bazar, Katni - MPPCB",,23.50016,80.23284,"[24024, 12236043, 12236044, 12236045, 36558, 14340968, 36544, 12236046, 24077, 12236047, 36555, 12236048, 12236049, 36533, 12236050, 12236051, 14340969, 14340970]","['co', 'co', 'no', 'no2', 'no2', 'nox', 'o3', 'o3', 'pm10', 'pm10', 'pm25', 'pm25', 'relativehumidity', 'so2', 'so2', 'temperature', 'wind_direction', 'wind_speed']",False,True,CPCB
8319,"Anand Vihar, Hapur - UPPCB",,28.725645,77.749675,"[12235684, 24196, 12235685, 36673, 12235686, 14340879, 12235687, 36685, 12235688, 36518, 12235689, 36521, 12235690, 36523, 12235691, 12235692, 14340880, 14340881]","['co', 'co', 'no', 'no2', 'no2', 'nox', 'o3', 'o3', 'pm10', 'pm10', 'pm25', 'pm25', 'relativehumidity', 'so2', 'so2', 'temperature', 'wind_direction', 'wind_speed']",False,True,CPCB
8365,"Nehru Nagar, Delhi - DPCC",,28.56789,77.250515,"[12235078, 34799, 12235079, 24303, 12235080, 14340764, 35017, 12235081, 12235082, 35012, 12235083, 35010, 12235084, 35009, 12235085, 12235086, 14341775, 14340765]","['co', 'co', 'no', 'no2', 'no2', 'nox', 'o3', 'o3', 'pm10', 'pm10', 'pm25', 'pm25', 'relativehumidity', 'so2', 'so2', 'temperature', 'wind_direction', 'wind_speed']",False,True,CPCB
8472,"Bawana, Delhi - DPCC",,28.7762,77.051074,"[36395, 12235289, 12235290, 36394, 12235291, 14340808, 36393, 12235292, 24602, 12235293, 12235294, 36391, 12235295, 12235296, 12235297, 14340809, 14340810]","['co', 'co', 'no', 'no2', 'no2', 'nox', 'o3', 'o3', 'pm10', 'pm10', 'pm25', 'pm25', 'relativehumidity', 'so2', 'temperature', 'wind_direction', 'wind_speed']",False,True,CPCB
8475,"Sonia Vihar, Delhi - DPCC",,28.710508,77.249485,"[24615, 12235105, 12235106, 12235107, 35047, 14340772, 35048, 12235108, 35049, 12235109, 12235110, 35050, 12235111, 12235112, 35051, 12235113, 14341776, 14340773]","['co', 'co', 'no', 'no2', 'no2', 'nox', 'o3', 'o3', 'pm10', 'pm10', 'pm25', 'pm25', 'relativehumidity', 'so2', 'so2', 'temperature', 'wind_direction', 'wind_speed']",False,True,CPCB
8557,Hyderabad,India,17.38405,78.45636,[24857],['pm25'],False,True,AirNow
8558,Chennai,India,13.08784,80.278475,[5077812],['pm25'],False,True,AirNow
8914,"SIDCO Kurichi, Coimbatore - TNPCB",,10.942451,76.978996,"[12235800, 12235801, 12235802, 14340916, 12235803, 12235804, 12235805, 12235806, 12235807, 12235808, 14340917, 14340918]","['co', 'no', 'no2', 'nox', 'o3', 'pm10', 'pm25', 'relativehumidity', 'so2', 'temperature', 'wind_direction', 'wind_speed']",False,True,CPCB
8915,"Wazirpur, Delhi - DPCC",,28.699793,77.165453,"[34728, 12235119, 12235120, 34732, 12235121, 14340775, 12235122, 34730, 26026, 12235123, 34731, 12235124, 12235125, 34729, 12235126, 12235127, 14340776, 14340777]","['co', 'co', 'no', 'no2', 'no2', 'nox', 'o3', 'o3', 'pm10', 'pm10', 'pm25', 'pm25', 'relativehumidity', 'so2', 'so2', 'temperature', 'wind_direction', 'wind_speed']",False,True,CPCB
8916,"Vyttila, Kochi - Kerala PCB",,9.969447,76.321186,"[26031, 26030, 26029, 26028, 26027, 26033]","['co', 'no2', 'o3', 'pm10', 'pm25', 'so2']",False,True,caaqm
8917,"Ashok Vihar, Delhi - DPCC",,28.695381,77.181665,"[34762, 12234997, 12234998, 34768, 12234999, 14340737, 12235000, 34782, 12235001, 34785, 12235002, 26032, 12235003, 34786, 12235004, 12235005, 14340738, 14340739]","['co', 'co', 'no', 'no2', 'no2', 'nox', 'o3', 'o3', 'pm10', 'pm10', 'pm25', 'pm25', 'relativehumidity', 'so2', 'so2', 'temperature', 'wind_direction', 'wind_speed']",False,True,CPCB
10484,"Sri Aurobindo Marg, Delhi - DPCC",,28.531346,77.190156,"[12235307, 34761, 12235308, 34758, 12235309, 14340814, 34757, 12235310, 34781, 12235311, 12235312, 34772, 12235313, 12235314, 34759, 12235315, 14340815, 14340816]","['co', 'co', 'no', 'no2', 'no2', 'nox', 'o3', 'o3', 'pm10', 'pm10', 'pm25', 'pm25', 'relativehumidity', 'so2', 'so2', 'temperature', 'wind_direction', 'wind_speed']",False,True,CPCB
10485,"Narela, Delhi - DPCC",,28.822836,77.101981,"[12235051, 34776, 12235052, 12235053, 34760, 14340755, 34792, 12235054, 12235055, 34791, 34790, 12235056, 12235057, 12235058, 34789, 12235059, 14340756, 14340757]","['co', 'co', 'no', 'no2', 'no2', 'nox', 'o3', 'o3', 'pm10', 'pm10', 'pm25', 'pm25', 'relativehumidity', 'so2', 'so2', 'temperature', 'wind_direction', 'wind_speed']",False,True,CPCB
10486,"Mundka, Delhi - DPCC",,28.684678,77.076574,"[34763, 12235298, 12235299, 34764, 12235300, 14340811, 12235301, 34765, 34766, 12235302, 34767, 12235303, 12235304, 12235305, 34769, 12235306, 14340812, 14340813]","['co', 'co', 'no', 'no2', 'no2', 'nox', 'o3', 'o3', 'pm10', 'pm10', 'pm25', 'pm25', 'relativehumidity', 'so2', 'so2', 'temperature', 'wind_direction', 'wind_speed']",False,True,CPCB
10487,"Anand Vihar, Delhi - DPCC",,28.646835,77.316032,"[34787, 34784, 34783, 34780, 34771, 34770]","['co', 'no2', 'o3', 'pm10', 'pm25', 'so2']",False,True,caaqm
10488,"Najafgarh, Delhi - DPCC",,28.570173,76.933762,"[12235060, 34779, 12235061, 34778, 12235062, 14340758, 12235063, 34777, 12235064, 34775, 34774, 12235065, 12235066, 34773, 12235067, 12235068, 14340759, 14340760]","['co', 'co', 'no', 'no2', 'no2', 'nox', 'o3', 'o3', 'pm10', 'pm10', 'pm25', 'pm25', 'relativehumidity', 'so2', 'so2', 'temperature', 'wind_direction', 'wind_speed']",False,True,CPCB
10489,"ITO, Delhi - CPCB",,28.628624,77.24106,"[34823, 34821, 34816, 34793, 35016, 35015]","['co', 'no2', 'o3', 'pm10', 'pm25', 'so2']",False,True,caaqm
10537,"Vidayagiri, Bagalkot - KSPCB",,16.172806,75.659694,"[12590500, 35449, 12590501, 35472, 12590502, 14341990, 12590503, 34960, 12590504, 34961, 34962, 12590505, 12590506, 12590507, 34963, 12590508, 14341991, 14341992]","['co', 'co', 'no', 'no2', 'no2', 'nox', 'o3', 'o3', 'pm10', 'pm10', 'pm25', 'pm25', 'relativehumidity', 'so2', 'so2', 'temperature', 'wind_direction', 'wind_speed']",False,True,CPCB
10545,"Civil Lines, Ajmer - RSPCB",,26.470859,74.646594,"[34995, 12234836, 12234837, 34994, 12234838, 14341736, 34993, 12234839, 12234840, 34992, 12234841, 34991, 12234842, 34986, 12234843, 12234844, 14341737, 14341738]","['co', 'co', 'no', 'no2', 'no2', 'nox', 'o3', 'o3', 'pm10', 'pm10', 'pm25', 'pm25', 'relativehumidity', 'so2', 'so2', 'temperature', 'wind_direction', 'wind_speed']",False,True,CPCB
10599,"Rajbansi Nagar, Patna - BSPCB",,25.599486,85.113666,"[12236097, 35189, 12236098, 12236099, 35204, 14341984, 35223, 12236100, 12236101, 35349, 35373, 12236102, 12236103, 35386, 12236104, 12236105, 14341985, 14341986]","['co', 'co', 'no', 'no2', 'no2', 'nox', 'o3', 'o3', 'pm10', 'pm10', 'pm25', 'pm25', 'relativehumidity', 'so2', 'so2', 'temperature', 'wind_direction', 'wind_speed']",False,True,CPCB
10609,"Hebbal 1st Stage, Mysuru - KSPCB",,12.210409999999998,76.37376,"[35298, 35247, 35246, 35243, 35241, 35240]","['co', 'no2', 'o3', 'pm10', 'pm25', 'so2']",False,True,caaqm
10630,"Govt. High School Shikarpur, Patna - BSPCB",,25.592539,85.227158,"[12236177, 35360, 12236178, 35350, 12236179, 14342011, 12236180, 35348, 12236181, 35341, 12236182, 35337, 12236183, 12236184, 35336, 12236185, 14342012, 14342013]","['co', 'co', 'no', 'no2', 'no2', 'nox', 'o3', 'o3', 'pm10', 'pm10', 'pm25', 'pm25', 'relativehumidity', 'so2', 'so2', 'temperature', 'wind_direction', 'wind_speed']",False,True,CPCB
10633,"Victoria, Kolkata - WBPCB",,22.5448082,88.3403691,"[12235675, 35352, 12235676, 35353, 12235677, 14341881, 12235678, 35354, 35355, 12235679, 35356, 12235680, 12235681, 35447, 12235682, 12235683, 14341882, 14341883]","['co', 'co', 'no', 'no2', 'no2', 'nox', 'o3', 'o3', 'pm10', 'pm10', 'pm25', 'pm25', 'relativehumidity', 'so2', 'so2', 'temperature', 'wind_direction', 'wind_speed']",False,True,CPCB
10645,"Industrial Area, Hajipur - BSPCB",,25.697189,85.2459,"[12236195, 35429, 12236196, 12236197, 35427, 14342017, 35423, 12236198, 12236199, 35417, 12236200, 35413, 12236201, 12236202, 35411, 12236203, 14342018, 14342019]","['co', 'co', 'no', 'no2', 'no2', 'nox', 'o3', 'o3', 'pm10', 'pm10', 'pm25', 'pm25', 'relativehumidity', 'so2', 'so2', 'temperature', 'wind_direction', 'wind_speed']",False,True,CPCB
10670,"Muradpur, Patna - BSPCB",,25.619651,85.147382,"[12236088, 35527, 12236089, 12236090, 35526, 14341981, 35519, 12236091, 12236092, 35517, 12236093, 35516, 12236094, 12236095, 35515, 12236096, 14341982, 14341983]","['co', 'co', 'no', 'no2', 'no2', 'nox', 'o3', 'o3', 'pm10', 'pm10', 'pm25', 'pm25', 'relativehumidity', 'so2', 'so2', 'temperature', 'wind_direction', 'wind_speed']",False,True,CPCB
10695,"Ratanpura, Rupnagar - Ambuja Cements",,30.032545399999997,76.5623046,"[35625, 35653, 35666, 35765, 35842]","['co', 'no2', 'pm10', 'pm25', 'so2']",False,True,caaqm
10697,"Samanpura, Patna - BSPCB",,25.596727,85.085624,"[12236106, 35630, 12236107, 12236108, 35631, 14341987, 35632, 12236109, 35633, 12236110, 35635, 12236111, 12236112, 12236113, 35636, 12236114, 14341988, 14341989]","['co', 'co', 'no', 'no2', 'no2', 'nox', 'o3', 'o3', 'pm10', 'pm10', 'pm25', 'pm25', 'relativehumidity', 'so2', 'so2', 'temperature', 'wind_direction', 'wind_speed']",False,True,CPCB
10725,"Mini Secretariat, Charkhi Dadri - HSPCB",,28.593883,76.270653,"[35760, 12236213, 12236214, 35757, 12236215, 14342023, 35756, 12236216, 12236217, 35755, 35741, 12236218, 12236219, 35739, 12236220, 12236221, 14342024, 14342025]","['co', 'co', 'no', 'no2', 'no2', 'nox', 'o3', 'o3', 'pm10', 'pm10', 'pm25', 'pm25', 'relativehumidity', 'so2', 'so2', 'temperature', 'wind_direction', 'wind_speed']",False,True,CPCB
10747,"Thavakkara, Kannur - Kerala PCB",,11.875,75.3732,"[35845, 12241385, 12241386, 36149, 12241387, 14342002, 35846, 12241388, 35847, 12241389, 35848, 12241390, 12241391, 12241392, 35850, 12241393, 14342003, 14342004]","['co', 'co', 'no', 'no2', 'no2', 'nox', 'o3', 'o3', 'pm10', 'pm10', 'pm25', 'pm25', 'relativehumidity', 'so2', 'so2', 'temperature', 'wind_direction', 'wind_speed']",False,True,CPCB
10780,"Manali Village, Chennai - TNPCB",,13.1662,80.2584,"[36026, 12235791, 12235792, 12235793, 36023, 14340913, 36021, 12235794, 36019, 12235795, 12235796, 36018, 12235797, 12235798, 36017, 12235799, 14340914, 14340915]","['co', 'co', 'no', 'no2', 'no2', 'nox', 'o3', 'o3', 'pm10', 'pm10', 'pm25', 'pm25', 'relativehumidity', 'so2', 'so2', 'temperature', 'wind_direction', 'wind_speed']",False,True,CPCB
10820,"Sector 30, Faridabad - HSPCB",,28.4417,77.3217,"[12236231, 12236232, 12236233, 14342029, 12236234, 12236235, 12236236, 12236237, 12236238, 12236239, 14342030, 14342031]","['co', 'no', 'no2', 'nox', 'o3', 'pm10', 'pm25', 'relativehumidity', 'so2', 'temperature', 'wind_direction', 'wind_speed']",False,True,CPCB
10823,"Buddha Colony, Muzaffarpur - BSPCB",,26.11442,85.39813,"[12236320, 36174, 12236321, 36173, 12236322, 14342040, 36172, 12236323, 36171, 12236324, 36170, 12236325, 12236326, 36169, 12236327, 12236328, 14342041, 14342042]","['co', 'co', 'no', 'no2', 'no2', 'nox', 'o3', 'o3', 'pm10', 'pm10', 'pm25', 'pm25', 'relativehumidity', 'so2', 'so2', 'temperature', 'wind_direction', 'wind_speed']",False,True,CPCB
10825,"Sector-51, Gurugram - HSPCB",,28.4227,77.0667,"[36177, 12236254, 12236255, 36178, 12236256, 14342035, 12236257, 36179, 36180, 12236258, 12236259, 36181, 12236260, 12236261, 36182, 12236262, 14342036, 14342037]","['co', 'co', 'no', 'no2', 'no2', 'nox', 'o3', 'o3', 'pm10', 'pm10', 'pm25', 'pm25', 'relativehumidity', 'so2', 'so2', 'temperature', 'wind_direction', 'wind_speed']",False,True,CPCB
10831,"Rohini, Delhi - DPCC",,28.732528,77.11992,"[36208, 12235087, 12235088, 36209, 12235089, 14340766, 12235090, 36213, 36382, 12235091, 12235092, 36399, 12235093, 36449, 12235094, 12235095, 14340767, 14340768]","['co', 'co', 'no', 'no2', 'no2', 'nox', 'o3', 'o3', 'pm10', 'pm10', 'pm25', 'pm25', 'relativehumidity', 'so2', 'so2', 'temperature', 'wind_direction', 'wind_speed']",False,True,CPCB
10844,"Ghusuri, Howrah - WBPCB",,22.611968,88.347422,"[36361, 12235491, 12235492, 36358, 12235493, 14341842, 12235494, 36356, 36271, 12235495, 36270, 12235496, 12235497, 36269, 12235498, 12235499, 14341843, 14341844]","['co', 'co', 'no', 'no2', 'no2', 'nox', 'o3', 'o3', 'pm10', 'pm10', 'pm25', 'pm25', 'relativehumidity', 'so2', 'so2', 'temperature', 'wind_direction', 'wind_speed']",False,True,CPCB
10851,"Bidhannagar, Kolkata - WBPCB",,22.58157048,88.41002457,"[36321, 12235989, 12235990, 36320, 12235991, 14341972, 36319, 12235992, 12235993, 36318, 12235994, 36317, 12235995, 36316, 12235996, 12235997, 14341973, 14341974]","['co', 'co', 'no', 'no2', 'no2', 'nox', 'o3', 'o3', 'pm10', 'pm10', 'pm25', 'pm25', 'relativehumidity', 'so2', 'so2', 'temperature', 'wind_direction', 'wind_speed']",False,True,CPCB
10895,"Lumpyngngad, Shillong - Meghalaya PCB",,25.5586,91.8985,"[36517, 12235998, 12235999, 12236000, 36679, 14340956, 36642, 12236001, 36599, 12236002, 36684, 12236003, 12236004, 36638, 12236005, 12236006, 14340957, 14340958]","['co', 'co', 'no', 'no2', 'no2', 'nox', 'o3', 'o3', 'pm10', 'pm10', 'pm25', 'pm25', 'relativehumidity', 'so2', 'so2', 'temperature', 'wind_direction', 'wind_speed']",False,True,CPCB
10896,"Chhoti Gwaltoli, Indore - MPPCB",,22.431,75.5213,"[36693, 36694, 36697, 36698, 36699, 36519]","['co', 'no2', 'o3', 'pm10', 'pm25', 'so2']",False,True,caaqm
10897,"ICRISAT Patancheru, Hyderabad - TSPCB",,17.5184,78.278777,"[36520, 36692, 36691, 36689, 36686, 36683]","['co', 'no2', 'o3', 'pm10', 'pm25', 'so2']",False,True,caaqm
10898,"Palayam, Kozhikode - Kerala PCB",,11.249077,75.78437099999998,"[36677, 36681, 36522, 36649, 36659, 36662]","['co', 'no2', 'o3', 'pm10', 'pm25', 'so2']",False,True,caaqm
10900,"Teri Gram, Gurugram - HSPCB",,28.4275,77.1465,"[36534, 14516015, 14728527, 36535, 14573420, 14728528, 36536, 12236249, 36538, 12236250, 36539, 12236251, 12236252, 14516016, 36540, 12236253, 14340983, 14340984]","['co', 'co', 'no', 'no2', 'no2', 'nox', 'o3', 'o3', 'pm10', 'pm10', 'pm25', 'pm25', 'relativehumidity', 'so2', 'so2', 'temperature', 'wind_direction', 'wind_speed']",False,True,CPCB
10901,"PWD Juction, Kohima - NPCB",,25.6635413,94.0989878,"[36537, 12236329, 12236330, 12236331, 36541, 14341004, 12236332, 36545, 12236333, 36603, 12236334, 36604, 12236335, 36629, 12236336, 12236337, 14341005, 14341006]","['co', 'co', 'no', 'no2', 'no2', 'nox', 'o3', 'o3', 'pm10', 'pm10', 'pm25', 'pm25', 'relativehumidity', 'so2', 'so2', 'temperature', 'wind_direction', 'wind_speed']",False,True,CPCB
10902,"Kalyana Nagara, Chikkamagaluru - KSPCB",,13.328028,75.797056,"[36579, 12236115, 12236116, 12236117, 36571, 14341993, 12236118, 36547, 12236119, 36546, 36543, 12236120, 12236121, 36542, 12236122, 12236123]","['co', 'co', 'no', 'no2', 'no2', 'nox', 'o3', 'o3', 'pm10', 'pm10', 'pm25', 'pm25', 'relativehumidity', 'so2', 'so2', 'temperature']",False,True,CPCB
10903,"Railway Colony, Guwahati - APCB",,26.181742,91.78063,"[12235756, 36548, 12235757, 12235758, 36550, 14340902, 36563, 12235759, 12235760, 36575, 36592, 12235761, 12235762, 36635, 12235763, 12235764, 14340903, 14340904]","['co', 'co', 'no', 'no2', 'no2', 'nox', 'o3', 'o3', 'pm10', 'pm10', 'pm25', 'pm25', 'relativehumidity', 'so2', 'so2', 'temperature', 'wind_direction', 'wind_speed']",False,True,CPCB
10904,"Rabindra Sarobar, Kolkata - WBPCB",,22.51106,88.35142,"[12235962, 36549, 12235963, 36551, 12235964, 14341969, 36581, 12235965, 12235966, 36602, 36609, 12235967, 12235968, 12235969, 36651, 12235970, 14341970, 14341971]","['co', 'co', 'no', 'no2', 'no2', 'nox', 'o3', 'o3', 'pm10', 'pm10', 'pm25', 'pm25', 'relativehumidity', 'so2', 'so2', 'temperature', 'wind_direction', 'wind_speed']",False,True,CPCB
10905,"Rishi Nagar, Kaithal - HSPCB",,29.8006,76.4155,"[36578, 36577, 36576, 36552, 36601, 36682]","['co', 'no2', 'o3', 'pm10', 'pm25', 'so2']",False,True,caaqm
10906,"Murthal, Sonipat - HSPCB",,29.027199999999997,77.0621,"[36568, 36567, 36565, 36557, 36556, 36553]","['co', 'no2', 'o3', 'pm10', 'pm25', 'so2']",False,True,caaqm
10907,"City Center, Gwalior - MPPCB",,26.203442,78.193251,"[12236148, 36554, 12236149, 36574, 12236150, 14340980, 36580, 12236151, 36582, 12236152, 12236153, 36584, 12236154, 36593, 12236155, 12236156, 14340981, 14340982]","['co', 'co', 'no', 'no2', 'no2', 'nox', 'o3', 'o3', 'pm10', 'pm10', 'pm25', 'pm25', 'relativehumidity', 'so2', 'so2', 'temperature', 'wind_direction', 'wind_speed']",False,True,CPCB
10908,"Sector 11, Faridabad - HSPCB",,28.376058,77.315741,"[36559, 12236240, 12236241, 36560, 12236242, 14342032, 12236243, 36561, 36562, 12236244, 36564, 12236245, 12236246, 36566, 12236247, 12236248, 14342033, 14342034]","['co', 'co', 'no', 'no2', 'no2', 'nox', 'o3', 'o3', 'pm10', 'pm10', 'pm25', 'pm25', 'relativehumidity', 'so2', 'so2', 'temperature', 'wind_direction', 'wind_speed']",False,True,CPCB
10909,"Vijay Nagar, Ramanagara - KSPCB",,12.733409,77.298051,"[36594, 12236061, 12236062, 12236063, 36586, 14341978, 12236064, 36583, 12236065, 36573, 12236066, 36572, 12236067, 12236068, 36570, 12236069, 14341979, 14341980]","['co', 'co', 'no', 'no2', 'no2', 'nox', 'o3', 'o3', 'pm10', 'pm10', 'pm25', 'pm25', 'relativehumidity', 'so2', 'so2', 'temperature', 'wind_direction', 'wind_speed']",False,True,CPCB
10910,"Sector-12, Karnal - HSPCB",,29.6953,77.0027,"[14276478, 36585, 14275733, 36587, 14276479, 14340891, 14276480, 36588, 14275734, 36589, 14275735, 36590, 14275736, 14276481, 36591, 14275737, 14690931, 14340892]","['co', 'co', 'no', 'no2', 'no2', 'nox', 'o3', 'o3', 'pm10', 'pm10', 'pm25', 'pm25', 'relativehumidity', 'so2', 'so2', 'temperature', 'wind_direction', 'wind_speed']",False,True,CPCB
10911,"Marhatal, Jabalpur - MPPCB",,23.168606,79.932247,"[12236034, 36611, 12236035, 12236036, 36600, 14340965, 36598, 12236037, 12236038, 36597, 12236039, 36596, 12236040, 36595, 12236041, 12236042, 14340966, 14340967]","['co', 'co', 'no', 'no2', 'no2', 'nox', 'o3', 'o3', 'pm10', 'pm10', 'pm25', 'pm25', 'relativehumidity', 'so2', 'so2', 'temperature', 'wind_direction', 'wind_speed']",False,True,CPCB
10912,"Phool Bagh, Gwalior - Mondelez Ind. Food",,26.210536,78.171,"[12236162, 36606, 12236163, 12236164, 1292565, 14342001, 36607, 12236165, 12236166, 36608, 36610, 12236167]","['co', 'co', 'no', 'no2', 'no2', 'nox', 'pm10', 'pm10', 'pm25', 'pm25', 'so2', 'so2']",False,True,CPCB
10913,"T T Nagar, Bhopal - MPPCB",,23.233584,77.400574,"[36612, 12236016, 12236017, 36613, 12236018, 14340959, 36614, 12236019, 12236020, 36615, 12236021, 36616, 12236022, 36617, 12236023, 12236024, 14340960, 14340961]","['co', 'co', 'no', 'no2', 'no2', 'nox', 'o3', 'o3', 'pm10', 'pm10', 'pm25', 'pm25', 'relativehumidity', 'so2', 'so2', 'temperature', 'wind_direction', 'wind_speed']",False,True,CPCB
10914,"Sector-25, Chandigarh - CPCC",,30.751462,76.762879,"[12235971, 12235972, 12235973, 14340950, 12235974, 12235975, 12235976, 12235977, 12235978, 12235979, 14340951, 14340952]","['co', 'no', 'no2', 'nox', 'o3', 'pm10', 'pm25', 'relativehumidity', 'so2', 'temperature', 'wind_direction', 'wind_speed']",False,True,CPCB
10915,"Polayathode, Kollam - Kerala PCB",,8.8787,76.6073,"[12242978, 36624, 12242979, 12242980, 36643, 14342008, 12242981, 36650, 12242982, 36653, 12242983, 36655, 12242984, 12242985, 36656, 12242986, 14342009, 14342010]","['co', 'co', 'no', 'no2', 'no2', 'nox', 'o3', 'o3', 'pm10', 'pm10', 'pm25', 'pm25', 'relativehumidity', 'so2', 'so2', 'temperature', 'wind_direction', 'wind_speed']",False,True,CPCB
10916,"Kacheripady, Ernakulam - Kerala PCB",,9.985653,76.281342,"[36636, 36631, 36630, 36626, 36625]","['co', 'no2', 'pm10', 'pm25', 'so2']",False,True,caaqm
10917,"Sahilara, Maihar - KJS Cements",,24.2613009,80.7231783,"[12235742, 36627, 12235743, 36628, 12235744, 14341929, 12235745, 36632, 12235746, 36633, 12235747, 36634]","['co', 'co', 'no', 'no2', 'no2', 'nox', 'pm10', 'pm10', 'pm25', 'pm25', 'so2', 'so2']",False,True,CPCB
10918,"Ballygunge, Kolkata - WBPCB",,22.5367507,88.3638022,"[36652, 12236007, 12236008, 36648, 12236009, 14341975, 12236010, 36647, 36644, 12236011, 12236012, 36640, 12236013, 12236014, 36639, 12236015, 14341976, 14341977]","['co', 'co', 'no', 'no2', 'no2', 'nox', 'o3', 'o3', 'pm10', 'pm10', 'pm25', 'pm25', 'relativehumidity', 'so2', 'so2', 'temperature', 'wind_direction', 'wind_speed']",False,True,CPCB
10919,"Sanjay Nagar, Ghaziabad - UPPCB",,28.685382,77.453839,"[36641, 12235765, 12235766, 36645, 12235767, 14340905, 12235768, 36646, 12235769, 36660, 36675, 12235770, 12235771, 36676, 12235772, 12235773, 14340906, 14340907]","['co', 'co', 'no', 'no2', 'no2', 'nox', 'o3', 'o3', 'pm10', 'pm10', 'pm25', 'pm25', 'relativehumidity', 'so2', 'so2', 'temperature', 'wind_direction', 'wind_speed']",False,True,CPCB
10920,"New Industrial Town, Faridabad - HSPCB",,28.39072,77.30059,"[12236222, 12236223, 12236224, 14342026, 12236225, 12236226, 12236227, 12236228, 12236229, 12236230, 14342027, 14342028]","['co', 'no', 'no2', 'nox', 'o3', 'pm10', 'pm25', 'relativehumidity', 'so2', 'temperature', 'wind_direction', 'wind_speed']",False,True,CPCB
10921,"NISE Gwal Pahari, Gurugram - IMD",,28.422681,77.148944,"[36700, 12235702, 12235703, 12235704, 36702, 14340885, 12235705, 12235706, 36703, 12235707, 36701]","['co', 'co', 'no', 'no2', 'no2', 'nox', 'o3', 'pm10', 'pm10', 'pm25', 'pm25']",False,True,CPCB
11577,"Vinoba Nagara, Shivamogga - KSPCB",,13.94,75.555917,"[12236124, 39319, 12236125, 12236126, 39317, 14341994, 12236127, 39320, 39316, 12236128, 39315, 12236129, 12236130, 39318, 12236131, 12236132, 14341995, 14341996]","['co', 'co', 'no', 'no2', 'no2', 'nox', 'o3', 'o3', 'pm10', 'pm10', 'pm25', 'pm25', 'relativehumidity', 'so2', 'so2', 'temperature', 'wind_direction', 'wind_speed']",False,True,CPCB
11578,"Royapuram, Chennai - TNPCB",,13.1036,80.2909,"[12236294, 39325, 12236295, 39323, 12236296, 14340995, 12236297, 39389, 12236298, 39322, 39321, 12236299, 12236300, 12236301, 39324, 12236302, 14340996, 14340997]","['co', 'co', 'no', 'no2', 'no2', 'nox', 'o3', 'o3', 'pm10', 'pm10', 'pm25', 'pm25', 'relativehumidity', 'so2', 'so2', 'temperature', 'wind_direction', 'wind_speed']",False,True,CPCB
11579,"Kodungaiyur, Chennai - TNPCB",,13.1278,80.2642,"[39330, 12236303, 12236304, 12236305, 39328, 14340998, 12236306, 39331, 12236307, 39327, 12236308, 39326, 12236309, 12236310, 39329, 12236311, 14340999, 14341000]","['co', 'co', 'no', 'no2', 'no2', 'nox', 'o3', 'o3', 'pm10', 'pm10', 'pm25', 'pm25', 'relativehumidity', 'so2', 'so2', 'temperature', 'wind_direction', 'wind_speed']",False,True,CPCB
11580,"Meelavittan, Thoothukudi - TNPCB",,8.816428,78.099039,"[39333, 12236312, 12236313, 12236314, 39403, 14341001, 39334, 12236315, 12236316, 39332, 12236317, 39402, 12236318, 12236319, 14341002, 14341003]","['co', 'co', 'no', 'no2', 'no2', 'nox', 'o3', 'o3', 'pm10', 'pm10', 'relativehumidity', 'so2', 'so2', 'temperature', 'wind_direction', 'wind_speed']",False,True,CPCB
11581,"Arumbakkam, Chennai - TNPCB",,13.0664,80.2112,"[12236271, 12236272, 39337, 14340986, 39336, 12236273, 12236274, 39335, 12236275, 12236276, 39521, 12236277, 14340987, 14340988]","['no', 'no2', 'no2', 'nox', 'pm10', 'pm10', 'pm25', 'pm25', 'relativehumidity', 'so2', 'so2', 'temperature', 'wind_direction', 'wind_speed']",False,True,CPCB
11582,"Stuart Hill, Madikeri - KSPCB",,12.415911,75.73505,"[12236347, 39342, 12236348, 39340, 12236349, 14342046, 12236350, 39343, 39339, 12236351, 39338, 12236352, 12236353, 39341, 12236354, 12236355, 14341007, 14341008]","['co', 'co', 'no', 'no2', 'no2', 'nox', 'o3', 'o3', 'pm10', 'pm10', 'pm25', 'pm25', 'relativehumidity', 'so2', 'so2', 'temperature', 'wind_direction', 'wind_speed']",False,True,CPCB
11583,"Kunjaban, Agartala - Tripura SPCB",,23.8628276,91.2887362,"[39348, 39346, 39349, 39345, 39344, 39347]","['co', 'no2', 'o3', 'pm10', 'pm25', 'so2']",False,True,caaqm
11602,"Bandra Kurla Complex, Mumbai - IITM",,19.053536000000005,72.84643,"[39408, 39406, 39409, 39405, 39404, 39407]","['co', 'no2', 'o3', 'pm10', 'pm25', 'so2']",False,True,caaqm
11603,"Chandni Chowk, Delhi - IITM",,28.656756,77.227234,"[39414, 12236356, 12236357, 39412, 12236358, 14342050, 12236359, 39415, 39411, 12236360, 39410, 12236361, 12236362, 12236363, 39413, 12236364, 14342051, 14342052]","['co', 'co', 'no', 'no2', 'no2', 'nox', 'o3', 'o3', 'pm10', 'pm10', 'pm25', 'pm25', 'relativehumidity', 'so2', 'so2', 'temperature', 'wind_direction', 'wind_speed']",False,True,CPCB
11604,"Deonar, Mumbai - IITM",,19.04946,72.923,"[39420, 39418, 39421, 39417, 39416, 39419]","['co', 'no2', 'o3', 'pm10', 'pm25', 'so2']",False,True,caaqm
11606,"Borivali East, Mumbai - IITM",,19.23241,72.86895,"[39431, 12236413, 12236414, 12236415, 39430, 14341020, 12236416, 39432, 39429, 12236417, 12236418, 39428, 12236419, 12236420, 14342059, 14342060]","['co', 'co', 'no', 'no2', 'no2', 'nox', 'o3', 'o3', 'pm10', 'pm10', 'pm25', 'pm25', 'relativehumidity', 'temperature', 'wind_direction', 'wind_speed']",False,True,CPCB
11607,"Lodhi Road, Delhi - IITM",,28.588333,77.221667,"[39437, 12236374, 39435, 39438, 12236375, 39434, 39433, 12236376, 12236377, 12236378, 39436, 12236379, 14342054, 14342055]","['co', 'no2', 'no2', 'o3', 'pm10', 'pm10', 'pm25', 'pm25', 'relativehumidity', 'so2', 'so2', 'temperature', 'wind_direction', 'wind_speed']",False,True,CPCB
11608,"Bhosari, Pune - IITM",,18.640051,73.848956,"[39442, 39441, 39443, 39440, 39439]","['co', 'no2', 'o3', 'pm10', 'pm25']",False,True,caaqm
11609,"Mhada Colony, Pune - IITM",,18.57304,73.927715,"[12236438, 39447, 12236439, 39446, 12236440, 14342068, 39448, 12236441, 12236442, 39445, 39444, 12236443, 15090167, 15090168, 14342069, 14342070]","['co', 'co', 'no', 'no2', 'no2', 'nox', 'o3', 'o3', 'pm10', 'pm10', 'pm25', 'pm25', 'relativehumidity', 'temperature', 'wind_direction', 'wind_speed']",False,True,CPCB
11610,"Transport Nagar-Nigdi, Pune - IITM",,18.664282,73.763966,"[12236452, 12236453, 12236454, 14342077, 12236455, 12236456, 12236457, 12343700, 12343701, 14342078, 14342079]","['co', 'no', 'no2', 'nox', 'o3', 'pm10', 'pm25', 'relativehumidity', 'temperature', 'wind_direction', 'wind_speed']",False,True,CPCB
11611,"Malad West, Mumbai - IITM",,19.19709,72.82204,"[12236421, 39458, 12236422, 39456, 12236423, 14341021, 39459, 12236424, 12236425, 39455, 12236426, 39454, 12236427, 12236428, 39457, 12236429, 14342063, 14342064]","['co', 'co', 'no', 'no2', 'no2', 'nox', 'o3', 'o3', 'pm10', 'pm10', 'pm25', 'pm25', 'relativehumidity', 'so2', 'so2', 'temperature', 'wind_direction', 'wind_speed']",False,True,CPCB
11612,"Sector-19A Nerul, Navi Mumbai - IITM",,19.044,73.03250000000001,"[39464, 39462, 39465, 39461, 39460, 39463]","['co', 'no2', 'o3', 'pm10', 'pm25', 'so2']",False,True,caaqm
11613,"Revenue Colony-Shivajinagar, Pune - IITM",,18.530085,73.849598,"[39470, 12236458, 12236459, 39468, 12236460, 14341022, 12236461, 39471, 39467, 12236462, 12236463, 39466, 12236464, 12236465, 39469, 12236466, 14341023, 14341024]","['co', 'co', 'no', 'no2', 'no2', 'nox', 'o3', 'o3', 'pm10', 'pm10', 'pm25', 'pm25', 'relativehumidity', 'so2', 'so2', 'temperature', 'wind_direction', 'wind_speed']",False,True,CPCB
12024,"Chakala-Andheri East, Mumbai - IITM",,19.11074,72.86084,"[40569, 12236406, 12236407, 40574, 12236408, 14341017, 12236409, 40570, 12442195, 40572, 12442196, 40571, 12236410, 12236411, 40573, 12236412, 14341018, 14341019]","['co', 'co', 'no', 'no2', 'no2', 'nox', 'o3', 'o3', 'pm10', 'pm10', 'pm25', 'pm25', 'relativehumidity', 'so2', 'so2', 'temperature', 'wind_direction', 'wind_speed']",False,True,CPCB
12039,"Khindipada-Bhandup West, Mumbai - IITM",,19.164394,72.928297,"[40636, 12236389, 12236390, 12236391, 40639, 14342056, 40634, 12236392, 12236393, 40615, 40608, 12236394, 12236395, 12236396, 40617, 12236397, 14342057, 14342058]","['co', 'co', 'no', 'no2', 'no2', 'nox', 'o3', 'o3', 'pm10', 'pm10', 'pm25', 'pm25', 'relativehumidity', 'so2', 'so2', 'temperature', 'wind_direction', 'wind_speed']",False,True,CPCB
12040,"Mulund West, Mumbai - MPCB",,19.175,72.9419,"[40609, 12236476, 12236477, 12236478, 40612, 14342082, 40644, 12236479, 40628, 12236480, 40641, 12236481, 12236482, 40640, 12236483, 12236484, 14342083, 14342084]","['co', 'co', 'no', 'no2', 'no2', 'nox', 'o3', 'o3', 'pm10', 'pm10', 'pm25', 'pm25', 'relativehumidity', 'so2', 'so2', 'temperature', 'wind_direction', 'wind_speed']",False,True,CPCB
12041,"Diwator Nagar, Koppal - KSPCB",,15.34763,76.181767,"[40611, 12323466, 12481471, 40631, 12481472, 14342088, 12323467, 40626, 12323468, 40629, 12323469, 40607, 12481473, 40621, 12481474, 12481475, 14342089, 14342090]","['co', 'co', 'no', 'no2', 'no2', 'nox', 'o3', 'o3', 'pm10', 'pm10', 'pm25', 'pm25', 'relativehumidity', 'so2', 'so2', 'temperature', 'wind_direction', 'wind_speed']",False,True,CPCB
12042,"Alandi, Pune - IITM",,18.675076,73.892743,"[40637, 40651, 40643, 40632, 40606]","['co', 'no2', 'o3', 'pm10', 'pm25']",False,True,CPCB
12043,"Haji Colony, Raichur - KSPCB",,16.208139,77.348417,"[40633, 12252011, 12252012, 12252013, 40610, 14342085, 40618, 40614, 12252014, 40619, 12252015, 12252016, 12252017, 40647, 12252018, 14342086, 14342087]","['co', 'co', 'no', 'no2', 'no2', 'nox', 'o3', 'pm10', 'pm10', 'pm25', 'pm25', 'relativehumidity', 'so2', 'so2', 'temperature', 'wind_direction', 'wind_speed']",False,True,CPCB
12044,"Kandivali East, Mumbai - MPCB",,19.2058,72.8682,"[12236467, 40616, 12236468, 12236469, 40624, 14341025, 12236470, 40627, 40652, 12236471, 12236472, 40650, 12236473, 40620, 12236474, 12236475, 14342080, 14342081]","['co', 'co', 'no', 'no2', 'no2', 'nox', 'o3', 'o3', 'pm10', 'pm10', 'pm25', 'pm25', 'relativehumidity', 'so2', 'so2', 'temperature', 'wind_direction', 'wind_speed']",False,True,CPCB
12045,"IITK, Kanpur - IITK",,26.511738999999995,80.235136,"[40622, 40638, 40642]","['co', 'o3', 'pm25']",False,True,caaqm
12046,"Perungudi, Chennai - TNPCB",,12.9533,80.2357,"[12236285, 12236286, 12236287, 14340992, 12236288, 12236289, 12236290, 12236291, 12236292, 12236293, 14340993, 14340994]","['co', 'no', 'no2', 'nox', 'o3', 'pm10', 'pm25', 'relativehumidity', 'so2', 'temperature', 'wind_direction', 'wind_speed']",False,True,CPCB
42240,"Pan Bazaar, Guwahati - APCB",,26.1875,91.744194,"[227038, 12236485, 12236486, 227039, 12236487, 14341026, 227036, 12236488, 227037, 12236489, 12236490, 227035, 227034, 12236491, 14341027, 14341028]","['co', 'co', 'no', 'no2', 'no2', 'nox', 'o3', 'o3', 'pm10', 'pm10', 'pm25', 'pm25', 'so2', 'so2', 'wind_direction', 'wind_speed']",False,True,CPCB
44513,"Kadri, Mangalore - KSPCB",,12.88925,74.853,"[245749, 12236492, 12236493, 12236494, 245752, 14342097, 12236495, 245750, 12236496, 245755, 12236497, 245746, 12236498, 245751]","['co', 'co', 'no', 'no2', 'no2', 'nox', 'o3', 'o3', 'pm10', 'pm10', 'pm25', 'pm25', 'so2', 'so2']",False,True,CPCB
44514,"Naubad, Bidar - KSPCB",,17.930306,77.482194,"[245759, 12362350, 12362351, 12362352, 245754, 14342091, 12362353, 245743, 12362354, 245748, 245742, 12362355, 12362356, 245757, 12362357, 12362358, 14342092, 14342093]","['co', 'co', 'no', 'no2', 'no2', 'nox', 'o3', 'o3', 'pm10', 'pm10', 'pm25', 'pm25', 'relativehumidity', 'so2', 'so2', 'temperature', 'wind_direction', 'wind_speed']",False,True,CPCB
44515,"Panchal Nagar, Gadag - KSPCB",,15.411456,75.638133,"[245753, 12522106, 12522107, 12522108, 245745, 14342094, 245744, 12522109, 245758, 12522110, 245756, 12522111, 12522112, 245747, 12531864, 12522113, 14342095, 14342096]","['co', 'co', 'no', 'no2', 'no2', 'nox', 'o3', 'o3', 'pm10', 'pm10', 'pm25', 'pm25', 'relativehumidity', 'so2', 'so2', 'temperature', 'wind_direction', 'wind_speed']",False,True,CPCB
45008,"Anthoni Pillai Nagar, Gummidipoondi - TNPCB",,13.4127,80.1081,"[14498877, 12236278, 250817, 12236279, 14340989, 14498878, 250816, 12236280, 12236281, 250819, 12236282, 250818, 12236283, 12236284, 14340990, 14340991]","['co', 'no', 'no2', 'no2', 'nox', 'o3', 'pm10', 'pm10', 'pm25', 'pm25', 'relativehumidity', 'so2', 'so2', 'temperature', 'wind_direction', 'wind_speed']",False,True,CPCB
60656,"Tamaka Ind. Area, Kolar - KSPCB",,13.1276288,78.1570122,"[12235226, 389745, 12235227, 389748, 12235228, 14341804, 12235229, 389747, 12235230, 389746, 1319146, 12235231, 12235232, 389749, 12235233, 12235234, 14341805, 14341806]","['co', 'co', 'no', 'no2', 'no2', 'nox', 'o3', 'o3', 'pm10', 'pm10', 'pm25', 'pm25', 'relativehumidity', 'so2', 'so2', 'temperature', 'wind_direction', 'wind_speed']",False,True,CPCB
60657,"Devaraj Urs Badavane, Davanagere - KSPCB",,14.4758,75.9052,"[389765, 12354705, 12355306, 389766, 12355307, 14342098, 389763, 12354706, 389776, 12251168, 12273455, 389755, 12355308, 12355309, 389773, 12355310, 14342099, 14342100]","['co', 'co', 'no', 'no2', 'no2', 'nox', 'o3', 'o3', 'pm10', 'pm10', 'pm25', 'pm25', 'relativehumidity', 'so2', 'so2', 'temperature', 'wind_direction', 'wind_speed']",False,True,CPCB
60658,"Hadapsar, Pune - IITM",,18.501793,73.927532,"[389768, 12236444, 12236445, 12236446, 389753, 14342074, 389774, 12236447, 12236448, 389758, 389762, 12236449, 12236450, 12236451, 14342075, 14342076]","['co', 'co', 'no', 'no2', 'no2', 'nox', 'o3', 'o3', 'pm10', 'pm10', 'pm25', 'pm25', 'relativehumidity', 'temperature', 'wind_direction', 'wind_speed']",False,True,CPCB
60659,"Jawahar Nagar, Puducherry - PPCC",,11.9309,79.8027,"[389772, 12236499, 12236500, 389756, 12236501, 14341032, 389775, 12236502, 389770, 12236503, 389751, 12236504, 12236505, 389764, 12236506, 12236507, 14341033, 14341034]","['co', 'co', 'no', 'no2', 'no2', 'nox', 'o3', 'o3', 'pm10', 'pm10', 'pm25', 'pm25', 'relativehumidity', 'so2', 'so2', 'temperature', 'wind_direction', 'wind_speed']",False,True,CPCB
60660,"MIT-Kothrud, Pune - IITM",,18.517754,73.8214883,"[389754, 389769, 389752, 389759, 389757]","['co', 'no2', 'o3', 'pm10', 'pm25']",False,True,caaqm
60661,"Siddharth Nagar-Worli, Mumbai - IITM",,19.000083,72.813993,"[389760, 389767, 389777, 389771, 389761]","['co', 'no2', 'o3', 'pm10', 'pm25']",False,True,caaqm
220265,"Rajbagh, Srinagar - JKSPCB",,34.06621,74.81982,"[1186321, 12251169, 12251170, 12251171, 1186324, 14342101, 1186320, 12251172, 12251173, 1186323, 12251174, 1186319, 12251175, 1186322, 12251176, 12251177, 14342102, 14342103]","['co', 'co', 'no', 'no2', 'no2', 'nox', 'o3', 'o3', 'pm10', 'pm10', 'pm25', 'pm25', 'relativehumidity', 'so2', 'so2', 'temperature', 'wind_direction', 'wind_speed']",False,True,CPCB
220353,"Brahmagiri, Udupi - KSPCB",,13.34194,74.74694,"[14391424, 1289786, 12274285, 1289784, 12274286, 14342107, 12293437, 1289782, 12241394, 1289785, 12272605, 12293438, 1289783, 12274287, 12293439, 14342108, 14342109]","['co', 'co', 'no', 'no2', 'no2', 'nox', 'o3', 'o3', 'pm10', 'pm10', 'pm25', 'relativehumidity', 'so2', 'so2', 'temperature', 'wind_direction', 'wind_speed']",False,True,CPCB
223145,"B.Katihalli, Hassan - KSPCB",,13.008556,76.12525800000002,"[1294203, 1294207, 1294202, 1294210, 1294205, 1294206]","['co', 'no2', 'o3', 'pm10', 'pm25', 'so2']",False,True,caaqm
223146,"Naharlagun, Naharlagun - APSPCB",,27.103358,93.679645,"[1294212, 12242141, 12242142, 1294208, 12242143, 14341035, 12242144, 1294211, 1294209, 12242145, 12242146, 1294201, 12242147, 1294204, 12242148, 12242149, 14341036, 14341037]","['co', 'co', 'no', 'no2', 'no2', 'nox', 'o3', 'o3', 'pm10', 'pm10', 'pm25', 'pm25', 'relativehumidity', 'so2', 'so2', 'temperature', 'wind_direction', 'wind_speed']",False,True,CPCB
227384,"Jhunsi, Prayagraj - UPPCB",,25.425601999999998,81.917152,"[1311817, 12243934, 12243935, 12243936, 1311827, 14341050, 1311818, 12243937, 12243938, 1311811, 12243939, 1311824, 12243940, 1311813, 12243941, 12243942, 14341051, 14341052]","['co', 'co', 'no', 'no2', 'no2', 'nox', 'o3', 'o3', 'pm10', 'pm10', 'pm25', 'pm25', 'relativehumidity', 'so2', 'so2', 'temperature', 'wind_direction', 'wind_speed']",False,True,CPCB
227386,"B R Ambedkar University, Lucknow - UPPCB",,26.766433000000003,80.927299,"[1311821, 12236616, 12236617, 12236618, 1311816, 14341047, 1311814, 12236619, 1311815, 12236620, 1311823, 12236621, 12236622, 12236623, 1311828, 12236624, 14341048, 14341049]","['co', 'co', 'no', 'no2', 'no2', 'nox', 'o3', 'o3', 'pm10', 'pm10', 'pm25', 'pm25', 'relativehumidity', 'so2', 'so2', 'temperature', 'wind_direction', 'wind_speed']",False,True,CPCB
227387,"Motilal Nehru NIT, Prayagraj - UPPCB",,25.494,81.863,"[1311812, 12236607, 12236608, 12236609, 1311822, 14341044, 12236610, 1311830, 12236611, 1311826, 1311819, 12236612, 12236613, 12236614, 1311825, 12236615, 14341045, 14341046]","['co', 'co', 'no', 'no2', 'no2', 'nox', 'o3', 'o3', 'pm10', 'pm10', 'pm25', 'pm25', 'relativehumidity', 'so2', 'so2', 'temperature', 'wind_direction', 'wind_speed']",False,True,CPCB
227533,"Rakhial, Ahmedabad - IITM",,23.016834,72.625775,"[12236535, 1312464, 12236536, 1312466, 12236537, 14342119, 12236538, 1312453, 12236539, 1312468, 1312460, 12236540, 12236541, 1312467, 12236542, 12236543, 14342120, 14342121]","['co', 'co', 'no', 'no2', 'no2', 'nox', 'o3', 'o3', 'pm10', 'pm10', 'pm25', 'pm25', 'relativehumidity', 'so2', 'so2', 'temperature', 'wind_direction', 'wind_speed']",False,True,CPCB
227534,"Gyaspur, Ahmedabad - IITM",,22.977134,72.553024,"[12236526, 1312455, 12236527, 1312469, 12236528, 14342116, 12236529, 1312472, 1312470, 12236530, 12236531, 1312452, 12236532, 12236533, 1312462, 12236534, 14342117, 14342118]","['co', 'co', 'no', 'no2', 'no2', 'nox', 'o3', 'o3', 'pm10', 'pm10', 'pm25', 'pm25', 'relativehumidity', 'so2', 'so2', 'temperature', 'wind_direction', 'wind_speed']",False,True,CPCB
227535,"Manoharpur, Agra - UPPCB",,27.237109999999998,78.01935999999999,"[1312459, 12236643, 12236644, 1312461, 12236645, 14341056, 12236646, 1312471, 1312458, 12236647, 12236648, 1312465, 12236649, 1312454, 12236650, 12236651, 14341057, 14341058]","['co', 'co', 'no', 'no2', 'no2', 'nox', 'o3', 'o3', 'pm10', 'pm10', 'pm25', 'pm25', 'relativehumidity', 'so2', 'so2', 'temperature', 'wind_direction', 'wind_speed']",False,True,CPCB
227536,"Chandkheda, Ahmedabad - IITM",,23.107969,72.574648,"[12236553, 1312456, 12236554, 1312463, 12236555, 14342125, 1312474, 12236556, 1312473, 12236557, 12236558, 1312451, 12236559, 1312457, 12236560, 12236561, 14342126, 14342127]","['co', 'co', 'no', 'no2', 'no2', 'nox', 'o3', 'o3', 'pm10', 'pm10', 'pm25', 'pm25', 'relativehumidity', 'so2', 'so2', 'temperature', 'wind_direction', 'wind_speed']",False,True,CPCB
227931,"Sector-3B Avas Vikas Colony, Agra - UPPCB",,27.19412,77.96236999999999,"[12236652, 1314233, 12236653, 1314235, 12236654, 14341059, 1314232, 12236655, 1314230, 12236656, 1314234, 12236657, 12236658, 12236659, 1314231, 12236660, 14341060, 14341061]","['co', 'co', 'no', 'no2', 'no2', 'nox', 'o3', 'o3', 'pm10', 'pm10', 'pm25', 'pm25', 'relativehumidity', 'so2', 'so2', 'temperature', 'wind_direction', 'wind_speed']",False,True,CPCB
228297,"SVPI Airport Hansol, Ahmedabad - IITM",,23.076793,72.627874,"[12236580, 1315784, 12236581, 1315792, 12236582, 14342131, 1315769, 12236583, 12236584, 1315800, 12236585, 1315797, 12236586, 12236587, 1315787, 12236588, 14342132, 14342133]","['co', 'co', 'no', 'no2', 'no2', 'nox', 'o3', 'o3', 'pm10', 'pm10', 'pm25', 'pm25', 'relativehumidity', 'so2', 'so2', 'temperature', 'wind_direction', 'wind_speed']",False,True,CPCB
228298,"Sardar Vallabhbhai Patel Stadium, Ahmedabad - IITM",,23.04307,72.56296800000001,"[1315774, 12236517, 12236518, 1315782, 12236519, 14342113, 12236520, 1315773, 1315766, 12236521, 1315781, 12236522, 12236523, 12236524, 1315801, 12236525, 14342114, 14342115]","['co', 'co', 'no', 'no2', 'no2', 'nox', 'o3', 'o3', 'pm10', 'pm10', 'pm25', 'pm25', 'relativehumidity', 'so2', 'so2', 'temperature', 'wind_direction', 'wind_speed']",False,True,CPCB
228299,"GIFT City, Gandhinagar - IITM",,23.163798,72.677768,"[1315795, 1315789, 1315767, 1315780, 1315791, 1315770]","['co', 'no2', 'o3', 'pm10', 'pm25', 'so2']",False,True,caaqm
228300,"SAC ISRO Satellite, Ahmedabad - IITM",,23.023389,72.515201,"[12236571, 1315771, 12236572, 12236573, 1315779, 14342128, 12236574, 1315802, 12236575, 1315778, 1315772, 12236576, 12236577, 12236578, 1315790, 12236579, 14342129, 14342130]","['co', 'co', 'no', 'no2', 'no2', 'nox', 'o3', 'o3', 'pm10', 'pm10', 'pm25', 'pm25', 'relativehumidity', 'so2', 'so2', 'temperature', 'wind_direction', 'wind_speed']",False,True,CPCB
228301,"IIPHG Lekawada, Gandhinagar - IITM",,23.243639,72.68994,"[1315799, 12236589, 12236590, 12236591, 1315788, 14341041, 1315804, 12236592, 12236593, 1315777, 1315764, 12236594, 12236595, 12236596, 1315794, 12236597, 14341042, 14341043]","['co', 'co', 'no', 'no2', 'no2', 'nox', 'o3', 'o3', 'pm10', 'pm10', 'pm25', 'pm25', 'relativehumidity', 'so2', 'so2', 'temperature', 'wind_direction', 'wind_speed']",False,True,CPCB
228303,"SAC ISRO Bopal, Ahmedabad - IITM",,23.041137,72.456691,"[1315798, 12236562, 12236563, 12236564, 1315786, 14341038, 12236565, 1315776, 12236566, 1315796, 1315765, 12236567, 12236568, 12236569, 1315768, 12236570, 14341039, 14341040]","['co', 'co', 'no', 'no2', 'no2', 'nox', 'o3', 'o3', 'pm10', 'pm10', 'pm25', 'pm25', 'relativehumidity', 'so2', 'so2', 'temperature', 'wind_direction', 'wind_speed']",False,True,CPCB
228352,"Shastripuram, Agra - UPPCB",,27.198620000000002,77.92066,"[12236634, 1316049, 12236635, 1316051, 12236636, 14341053, 1316053, 12236637, 12236638, 1316050, 1316054, 12236639, 12236640, 1316052, 12236641, 12236642, 14341054, 14341055]","['co', 'co', 'no', 'no2', 'no2', 'nox', 'o3', 'o3', 'pm10', 'pm10', 'pm25', 'pm25', 'relativehumidity', 'so2', 'so2', 'temperature', 'wind_direction', 'wind_speed']",False,True,CPCB
228397,"IESD Banaras Hindu University, Varanasi - UPPCB",,25.262326,82.995408,"[1316309, 12236661, 12236662, 1316312, 12236663, 14341062, 12236664, 1316308, 1316311, 12236665, 1316310, 12236666, 12236667, 12236668, 1316313, 12236669, 14341063, 14341064]","['co', 'co', 'no', 'no2', 'no2', 'nox', 'o3', 'o3', 'pm10', 'pm10', 'pm25', 'pm25', 'relativehumidity', 'so2', 'so2', 'temperature', 'wind_direction', 'wind_speed']",False,True,CPCB
228403,"Bhelupur, Varanasi - UPPCB",,25.301778,82.996789,"[12236670, 1316344, 12236671, 12236672, 1316349, 14341065, 12236673, 1316347, 12236674, 1316348, 1316350, 12236675, 12236676, 12236677, 1316345, 12236678, 14341066, 14341067]","['co', 'co', 'no', 'no2', 'no2', 'nox', 'o3', 'o3', 'pm10', 'pm10', 'pm25', 'pm25', 'relativehumidity', 'so2', 'so2', 'temperature', 'wind_direction', 'wind_speed']",False,True,CPCB
228840,"Madan Mohan Malaviya University of Technology, Gorakhpur - UPPCB",,26.730136,83.433859,"[1318589, 12236679, 12236680, 1318586, 12236681, 14341068, 12236682, 1318585, 1318587, 12236683, 1318588, 12236684, 12236685, 1318584, 12236686, 12236687, 14341069, 14341070]","['co', 'co', 'no', 'no2', 'no2', 'nox', 'o3', 'o3', 'pm10', 'pm10', 'pm25', 'pm25', 'relativehumidity', 'so2', 'so2', 'temperature', 'wind_direction', 'wind_speed']",False,True,CPCB
229195,"Maldahiya, Varanasi - UPPCB",,25.323929999999997,82.99687,"[1320301, 12236697, 12236698, 1320303, 12236699, 14341074, 12236700, 1320306, 1320304, 12236701, 1320302, 12236702, 12236703, 1320305, 12236704, 12236705, 14341075, 14341076]","['co', 'co', 'no', 'no2', 'no2', 'nox', 'o3', 'o3', 'pm10', 'pm10', 'pm25', 'pm25', 'relativehumidity', 'so2', 'so2', 'temperature', 'wind_direction', 'wind_speed']",False,True,CPCB
229252,"NSI Kalyanpur, Kanpur - UPPCB",,26.509953999999997,80.249612,"[1320641, 12236688, 12236689, 12236690, 1320644, 14341071, 1320639, 12236691, 1320642, 12236692, 12236693, 1320643, 12236694, 12236695, 1320645, 12236696, 14341072, 14341073]","['co', 'co', 'no', 'no2', 'no2', 'nox', 'o3', 'o3', 'pm10', 'pm10', 'pm25', 'pm25', 'relativehumidity', 'so2', 'so2', 'temperature', 'wind_direction', 'wind_speed']",False,True,CPCB
229404,"Kukrail Picnic Spot-1, Lucknow - UPPCB",,26.90723,80.98579000000001,"[1321500, 12236625, 12236626, 1321497, 12236627, 14342137, 1321499, 12236628, 12236629, 1321496, 1321498, 12236630, 12236631, 12236632, 1321495, 12236633, 14342138, 14342139]","['co', 'co', 'no', 'no2', 'no2', 'nox', 'o3', 'o3', 'pm10', 'pm10', 'pm25', 'pm25', 'relativehumidity', 'so2', 'so2', 'temperature', 'wind_direction', 'wind_speed']",False,True,CPCB
229473,blore_India_07_14_official,,13.003347077,77.628012188,[1321837],['pm25'],False,False,HabitatMap
229728,"Kamalnath Nagar, Bettiah - BSPCB",,26.80365,84.51954,"[12236706, 1323088, 12236707, 12236708, 1323086, 14341077, 12236709, 1324433, 1323079, 1323090, 12236710, 1323093, 12236711, 12236712, 12236713, 1323077, 12236714, 14341078, 14341079]","['co', 'co', 'no', 'no2', 'no2', 'nox', 'o3', 'o3', 'o3', 'pm10', 'pm10', 'pm25', 'pm25', 'relativehumidity', 'so2', 'so2', 'temperature', 'wind_direction', 'wind_speed']",False,True,CPCB
229729,"Nagla Bhau, Firozabad - UPPCB",,27.168896999999998,78.37696,"[1323075, 12236730, 12236731, 1323076, 12236732, 14341086, 1323091, 12236733, 1323084, 12236734, 12236735, 1323092, 12236736, 12236737, 1323081, 12236738, 14341087, 14341088]","['co', 'co', 'no', 'no2', 'no2', 'nox', 'o3', 'o3', 'pm10', 'pm10', 'pm25', 'pm25', 'relativehumidity', 'so2', 'so2', 'temperature', 'wind_direction', 'wind_speed']",False,True,CPCB
229730,"Town Hall - Lal Bagh, Darbhanga - BSPCB",,26.151459999999997,85.89342,"[1323078, 1323087, 1323080, 1323085, 1323094, 1323072]","['co', 'no2', 'o3', 'pm10', 'pm25', 'so2']",False,True,caaqm
229731,"Gandak Colony, Motihari - BSPCB",,26.63086,84.90051,"[12236715, 1323083, 12236716, 1323071, 12236717, 14341080, 12236718, 1323082, 1323089, 12236719, 1323074, 12236720, 12236721, 1323073, 12236722, 12236723, 14341081, 14341082]","['co', 'co', 'no', 'no2', 'no2', 'nox', 'o3', 'o3', 'pm10', 'pm10', 'pm25', 'pm25', 'relativehumidity', 'so2', 'so2', 'temperature', 'wind_direction', 'wind_speed']",False,True,CPCB
229985,"D M Colony, Bihar Sharif - BSPCB",,25.204762,85.51496,"[12241396, 1324462, 12236739, 12236740, 1324459, 14341089, 12236741, 1324458, 12236742, 1324460, 1324461, 12236743, 12236744, 12236745, 1324463, 12236746, 14341090, 14341091]","['co', 'co', 'no', 'no2', 'no2', 'nox', 'o3', 'o3', 'pm10', 'pm10', 'pm25', 'pm25', 'relativehumidity', 'so2', 'so2', 'temperature', 'wind_direction', 'wind_speed']",False,True,CPCB
229987,"MIT-Daudpur Kothi, Muzaffarpur - BSPCB",,26.1403345,85.3650192,"[1324464, 12236724, 12236725, 12236726, 1324467, 14341083, 12236727, 1324465, 12239610, 1324468, 12241395, 1562139, 12236728, 12259967, 1324466, 12236729, 14341084, 14341085]","['co', 'co', 'no', 'no2', 'no2', 'nox', 'o3', 'o3', 'pm10', 'pm10', 'pm25', 'pm25', 'relativehumidity', 'so2', 'so2', 'temperature', 'wind_direction', 'wind_speed']",False,True,CPCB
233414,"Omex Eternity, Vrindavan - UPPCB",,27.571409000000003,77.655757,"[12236756, 1342946, 12236757, 1342950, 12236758, 14341095, 12236759, 1342951, 12236760, 1342939, 12236761, 1342941, 12236762, 12236763, 1342948, 12236764, 14341096, 14341097]","['co', 'co', 'no', 'no2', 'no2', 'nox', 'o3', 'o3', 'pm10', 'pm10', 'pm25', 'pm25', 'relativehumidity', 'so2', 'so2', 'temperature', 'wind_direction', 'wind_speed']",False,True,CPCB
233415,"Sector 22, Chandigarh - CPCC",,30.735567,76.77571400000001,"[12236801, 1342949, 12236802, 12236803, 1342954, 14341110, 12236804, 1342947, 12236805, 1342944, 1342953, 12236806, 12236807, 12236808, 1342943, 12236809, 14341111, 14341112]","['co', 'co', 'no', 'no2', 'no2', 'nox', 'o3', 'o3', 'pm10', 'pm10', 'pm25', 'pm25', 'relativehumidity', 'so2', 'so2', 'temperature', 'wind_direction', 'wind_speed']",False,True,CPCB
233416,"Nagar Nigam, Prayagraj - UPPCB",,25.44919916,81.82735986,"[1342955, 12236765, 12236766, 1342938, 12236767, 14341098, 1342940, 12236768, 12236769, 1342945, 12236770, 1342942, 12236771, 12236772, 1342952, 12236773, 14341099, 14341100]","['co', 'co', 'no', 'no2', 'no2', 'nox', 'o3', 'o3', 'pm10', 'pm10', 'pm25', 'pm25', 'relativehumidity', 'so2', 'so2', 'temperature', 'wind_direction', 'wind_speed']",False,True,CPCB
234568,"FTI Kidwai Nagar, Kanpur - UPPCB",,26.428282,80.327067,"[12236810, 1349383, 12236811, 1349386, 12236812, 14341113, 1349385, 12236813, 12236814, 1349384, 12236815, 1349388, 12236816, 12236817, 1349387, 12236818, 14341114, 14341115]","['co', 'co', 'no', 'no2', 'no2', 'nox', 'o3', 'o3', 'pm10', 'pm10', 'pm25', 'pm25', 'relativehumidity', 'so2', 'so2', 'temperature', 'wind_direction', 'wind_speed']",False,True,CPCB
234997,"Dharmapuri, Agra - UPPCB",,27.169338,78.03582,"[12236819, 1351507, 12236820, 12236821, 1351506, 14341116, 12236822, 1351511, 12236823, 1351508, 12236824, 1351510, 12236825, 12236826, 1351509, 12236827, 14341117, 14341118]","['co', 'co', 'no', 'no2', 'no2', 'nox', 'o3', 'o3', 'pm10', 'pm10', 'pm25', 'pm25', 'relativehumidity', 'so2', 'so2', 'temperature', 'wind_direction', 'wind_speed']",False,True,CPCB
236406,"Mangala, Bilaspur - CECB",,22.08815,82.13736999999999,"[1358851, 12236828, 12236829, 1358850, 12236830, 14341119, 1358849, 12236831, 12236832, 1358852, 12236833, 1358853, 12236834, 12236835, 14341120, 14341121]","['co', 'co', 'no', 'no2', 'no2', 'nox', 'pm10', 'pm10', 'pm25', 'pm25', 'relativehumidity', 'so2', 'so2', 'temperature', 'wind_direction', 'wind_speed']",False,True,CPCB
270697,"Employment Office, Moradabad - UPPCB",,28.885279999999998,78.7388,"[12241397, 1561911, 12241398, 1561912, 12241399, 14341122, 12241400, 1561914, 1561910, 12241401, 1561913, 12241402, 12241403, 1561909, 12241404, 12241405, 14341123, 14341124]","['co', 'co', 'no', 'no2', 'no2', 'nox', 'o3', 'o3', 'pm10', 'pm10', 'pm25', 'pm25', 'relativehumidity', 'so2', 'so2', 'temperature', 'wind_direction', 'wind_speed']",False,True,CPCB
270703,"Dada Peer, Sasaram - BSPCB",,24.952822,84.00239599999999,"[1727801, 12236774, 12236775, 1561940, 12236776, 14341101, 12236777, 1561939, 1561936, 12236778, 12236779, 1561938, 12236780, 12236781, 1561942, 12236782, 14341102, 14341103]","['co', 'co', 'no', 'no2', 'no2', 'nox', 'o3', 'o3', 'pm10', 'pm10', 'pm25', 'pm25', 'relativehumidity', 'so2', 'so2', 'temperature', 'wind_direction', 'wind_speed']",False,True,CPCB
270704,"Town Hall, Munger - BSPCB",,25.376776,86.471523,"[12236792, 1561964, 12236793, 12236794, 1561935, 14341107, 12236795, 1561934, 12236796, 1561937, 12236797, 1561941, 12236798, 1561933, 12236799, 12236800, 14341108, 14341109]","['co', 'co', 'no', 'no2', 'no2', 'nox', 'o3', 'o3', 'pm10', 'pm10', 'pm25', 'pm25', 'relativehumidity', 'so2', 'so2', 'temperature', 'wind_direction', 'wind_speed']",False,True,CPCB
270708,"Civic Center, Bhilai - Bhilai Steel Plant",,21.185571,81.343175,"[1561949, 12236836, 12236837, 12236838, 1561952, 14342140, 12236839, 2057519, 12236840, 1561951, 1561953, 12236841, 12236842, 1561950]","['co', 'co', 'no', 'no2', 'no2', 'nox', 'o3', 'o3', 'pm10', 'pm10', 'pm25', 'pm25', 'so2', 'so2']",False,True,CPCB
270720,"Mirchaibari, Katihar - BSPCB",,25.560083,87.553265,"[1562045, 12236915, 12241406, 1561998, 12236916, 14341146, 12236917, 1562001, 12236918, 1562035, 12236919, 1562041, 12236920, 12236921, 1562015, 12236922, 14341147, 14341148]","['co', 'co', 'no', 'no2', 'no2', 'nox', 'o3', 'o3', 'pm10', 'pm10', 'pm25', 'pm25', 'relativehumidity', 'so2', 'so2', 'temperature', 'wind_direction', 'wind_speed']",False,True,CPCB
270721,"Mayaganj, Bhagalpur - BSPCB",,25.265194,87.012947,"[12236870, 1562032, 12236871, 12236872, 1562004, 14341134, 12236873, 1562037, 12236874, 1562002, 12236875, 1562009, 12236876, 12236877, 1562022, 12236878, 14341135, 14341136]","['co', 'co', 'no', 'no2', 'no2', 'nox', 'o3', 'o3', 'pm10', 'pm10', 'pm25', 'pm25', 'relativehumidity', 'so2', 'so2', 'temperature', 'wind_direction', 'wind_speed']",False,True,CPCB
270722,"Central Jail, Buxar - BSPCB",,25.555605,83.950942,"[1562020, 1561996, 1562028, 1562000, 1561992, 1562043]","['co', 'no2', 'o3', 'pm10', 'pm25', 'so2']",False,True,caaqm
270723,"DM Office_Kachari Chowk, Bhagalpur - BSPCB",,25.251013,86.989001,"[12236888, 1561990, 12236889, 1562040, 12236890, 14341140, 1562034, 12236891, 1561997, 12236892, 1562011, 12236893, 12236894, 1562042, 12236895, 12236896, 14341141, 14341142]","['co', 'co', 'no', 'no2', 'no2', 'nox', 'o3', 'o3', 'pm10', 'pm10', 'pm25', 'pm25', 'relativehumidity', 'so2', 'so2', 'temperature', 'wind_direction', 'wind_speed']",False,True,CPCB
270724,"Kareemganj, Gaya - BSPCB",,24.792403,84.992416,"[1562012, 12236932, 12236933, 1561988, 12236934, 14341152, 1562017, 12236935, 1561989, 12236936, 12244847, 1562024, 12236937, 12236938, 1562038, 12236939, 14341153, 14341154]","['co', 'co', 'no', 'no2', 'no2', 'nox', 'o3', 'o3', 'pm10', 'pm10', 'pm25', 'pm25', 'relativehumidity', 'so2', 'so2', 'temperature', 'wind_direction', 'wind_speed']",False,True,CPCB
270725,"Mariam Nagar, Purnia - BSPCB",,25.765657,87.466829,"[12236940, 1562003, 12236941, 12236942, 1562008, 14341155, 12236943, 1562039, 1562006, 12236944, 12236945, 1562023, 12236946, 1562021, 12236947, 12236948, 14341156, 14341157]","['co', 'co', 'no', 'no2', 'no2', 'nox', 'o3', 'o3', 'pm10', 'pm10', 'pm25', 'pm25', 'relativehumidity', 'so2', 'so2', 'temperature', 'wind_direction', 'wind_speed']",False,True,CPCB
270726,"Chitragupta Nagar, Siwan - BSPCB",,26.2271665,84.35704270000001,"[1582348, 12250378, 12250379, 1562014, 12250380, 14341161, 1561999, 12250381, 12250382, 1562019, 1561993, 12250383, 12250384, 12250385, 1562029, 12250386, 14341162, 14341163]","['co', 'co', 'no', 'no2', 'no2', 'nox', 'o3', 'o3', 'pm10', 'pm10', 'pm25', 'pm25', 'relativehumidity', 'so2', 'so2', 'temperature', 'wind_direction', 'wind_speed']",False,True,CPCB
270727,"SDM Office_Khagra, Kishanganj - BSPCB",,26.0881305,87.93840336,"[12236923, 1562051, 12236924, 12236925, 1562027, 14341149, 1562030, 12236926, 1562025, 12236927, 1562036, 12236928, 12236929, 12236930, 1562005, 12236931, 14341150, 14341151]","['co', 'co', 'no', 'no2', 'no2', 'nox', 'o3', 'o3', 'pm10', 'pm10', 'pm25', 'pm25', 'relativehumidity', 'so2', 'so2', 'temperature', 'wind_direction', 'wind_speed']",False,True,CPCB
270728,"Police Line, Saharsa - BSPCB",,25.892357,86.590325,"[12236958, 1562096, 12236959, 12236960, 1562033, 14342144, 12236961, 1562013, 1562018, 12236962, 1562010, 12236963, 12236964, 1562016, 12236965, 12236966, 14342145, 14342146]","['co', 'co', 'no', 'no2', 'no2', 'nox', 'o3', 'o3', 'pm10', 'pm10', 'pm25', 'pm25', 'relativehumidity', 'so2', 'so2', 'temperature', 'wind_direction', 'wind_speed']",False,True,CPCB
270729,"Darshan Nagar, Chhapra - BSPCB",,25.780825699999998,84.7446768,"[1562026, 12236906, 12236907, 1562031, 12236908, 14342141, 12236909, 1561991, 12236910, 1561995, 12236911, 1561994, 12236912, 1562007, 12236913, 12236914, 14342142, 14342143]","['co', 'co', 'no', 'no2', 'no2', 'nox', 'o3', 'o3', 'pm10', 'pm10', 'pm25', 'pm25', 'relativehumidity', 'so2', 'so2', 'temperature', 'wind_direction', 'wind_speed']",False,True,CPCB
270730,"Dangi Tola, Rajgir - BSPCB",,25.0328,85.41948000000001,"[1732800, 12236783, 12236784, 12236785, 1562049, 14341104, 12236786, 1562046, 12236787, 1562050, 12236788, 1562047, 12236789, 1562048, 12236790, 12236791, 14341105, 14341106]","['co', 'co', 'no', 'no2', 'no2', 'nox', 'o3', 'o3', 'pm10', 'pm10', 'pm25', 'pm25', 'relativehumidity', 'so2', 'so2', 'temperature', 'wind_direction', 'wind_speed']",False,True,CPCB
270737,"Forest Rest House, Manguraha - BSPCB",,27.307773,84.529114,"[12236949, 1562227, 12236950, 12236951, 1562136, 14341158, 1562102, 12236952, 12236953, 1562137, 1562138, 12236954, 12236955, 12236956, 1562228, 12236957, 14341159, 14341160]","['co', 'co', 'no', 'no2', 'no2', 'nox', 'o3', 'o3', 'pm10', 'pm10', 'pm25', 'pm25', 'relativehumidity', 'so2', 'so2', 'temperature', 'wind_direction', 'wind_speed']",False,True,CPCB
270771,"Buddhi Vihar, Moradabad - UPPCB",,28.835259999999998,78.7446,"[12236976, 1562188, 12236977, 12236978, 1562184, 14341164, 1562185, 12236979, 1562186, 12236980, 1562187, 12236981, 12236982, 1562183, 12236983, 12236984, 14341165, 14341166]","['co', 'co', 'no', 'no2', 'no2', 'nox', 'o3', 'o3', 'pm10', 'pm10', 'pm25', 'pm25', 'relativehumidity', 'so2', 'so2', 'temperature', 'wind_direction', 'wind_speed']",False,True,CPCB
270774,"New DM Office, Arrah - BSPCB",,25.5626095,84.663264,"[12236843, 1562209, 12236844, 1562211, 12236845, 14341125, 1562207, 12236846, 12236847, 1562208, 1562210, 12236848, 12236849, 1562212, 12236850, 12236851, 14341126, 14341127]","['co', 'co', 'no', 'no2', 'no2', 'nox', 'o3', 'o3', 'pm10', 'pm10', 'pm25', 'pm25', 'relativehumidity', 'so2', 'so2', 'temperature', 'wind_direction', 'wind_speed']",False,True,CPCB
270775,"Kharahiya Basti, Araria - BSPCB",,26.146529,87.454184,"[12236852, 1562234, 12236853, 12236854, 1562215, 14341128, 1562217, 12236855, 12236856, 1562214, 1562216, 12236857, 12236858, 1562213, 12236859, 12236860, 14341129, 14341130]","['co', 'co', 'no', 'no2', 'no2', 'nox', 'o3', 'o3', 'pm10', 'pm10', 'pm25', 'pm25', 'relativehumidity', 'so2', 'so2', 'temperature', 'wind_direction', 'wind_speed']",False,True,CPCB
270777,"Jigar Colony, Moradabad - UPPCB",,28.856664000000002,78.772638,"[1562224, 12236985, 12236986, 12236987, 1562225, 14341167, 1562222, 12236988, 1562223, 12236989, 1562221, 12236990, 12236991, 12236992, 1562226, 12236993, 14341168, 14341169]","['co', 'co', 'no', 'no2', 'no2', 'nox', 'o3', 'o3', 'pm10', 'pm10', 'pm25', 'pm25', 'relativehumidity', 'so2', 'so2', 'temperature', 'wind_direction', 'wind_speed']",False,True,CPCB
270877,"Eco Herbal Park, Moradabad - UPPCB",,28.840739000000003,78.69753100000001,"[12236994, 1562625, 12236995, 12236996, 1562627, 14341170, 12236997, 1562626, 1562624, 12236998, 1562629, 12236999, 12237000, 12237001, 1562628, 12237002, 14341171, 14341172]","['co', 'co', 'no', 'no2', 'no2', 'nox', 'o3', 'o3', 'pm10', 'pm10', 'pm25', 'pm25', 'relativehumidity', 'so2', 'so2', 'temperature', 'wind_direction', 'wind_speed']",False,True,CPCB
278159,"Rohta, Agra - UPPCB",,27.106972,78.000111,"[1583418, 12236747, 12236748, 12236749, 1583419, 14341092, 1583417, 12236750, 12236751, 1583420, 12236752, 1583416, 12236753, 12236754, 1583415, 12236755, 14341093, 14341094]","['co', 'co', 'no', 'no2', 'no2', 'nox', 'o3', 'o3', 'pm10', 'pm10', 'pm25', 'pm25', 'relativehumidity', 'so2', 'so2', 'temperature', 'wind_direction', 'wind_speed']",False,True,CPCB
278418,"Sector-53, Chandigarh - CPCC",,30.719859000000003,76.738637,"[12237003, 1584286, 12237004, 1584285, 12237005, 14342150, 12237006, 1584287, 12237007, 1584283, 1584284, 12237008, 12237009, 1584282, 12237010, 12237011, 14341173, 14341174]","['co', 'co', 'no', 'no2', 'no2', 'nox', 'o3', 'o3', 'pm10', 'pm10', 'pm25', 'pm25', 'relativehumidity', 'so2', 'so2', 'temperature', 'wind_direction', 'wind_speed']",False,True,CPCB
278671,"Shivaji Nagar, Jhansi - UPPCB",,25.4547,78.6039,"[12237012, 1585302, 12237013, 1585298, 12237014, 14341175, 12237015, 1585301, 12237016, 1585299, 12237017, 1585300, 12237018, 12237019, 1585303, 12237020, 14341176, 14341177]","['co', 'co', 'no', 'no2', 'no2', 'nox', 'o3', 'o3', 'pm10', 'pm10', 'pm25', 'pm25', 'relativehumidity', 'so2', 'so2', 'temperature', 'wind_direction', 'wind_speed']",False,True,CPCB
301387,"Raikhad, Ahmedabad - IITM",,23.020509,72.579261,"[12236544, 1713357, 12236545, 1713361, 12236546, 14342122, 12236547, 1713374, 12236548, 1713376, 1713360, 12236549, 12236550, 1713373, 12236551, 12236552, 14342123, 14342124]","['co', 'co', 'no', 'no2', 'no2', 'nox', 'o3', 'o3', 'pm10', 'pm10', 'pm25', 'pm25', 'relativehumidity', 'so2', 'so2', 'temperature', 'wind_direction', 'wind_speed']",False,True,CPCB
301388,"Sardar Patel Inter College, Baghpat - UPPCB",,28.964949,77.278761,"[12237030, 1854533, 12237031, 12237032, 1719189, 14341181, 12237033, 1713356, 12237034, 1713358, 1713367, 12237035, 12237036, 12237037, 1719188, 12237038, 14341182, 14341183]","['co', 'co', 'no', 'no2', 'no2', 'nox', 'o3', 'o3', 'pm10', 'pm10', 'pm25', 'pm25', 'relativehumidity', 'so2', 'so2', 'temperature', 'wind_direction', 'wind_speed']",False,True,CPCB
301389,"HIMUDA Complex Phase-1, Baddi - HPPCB",,30.943887,76.801991,"[12237039, 1713370, 12237040, 12237041, 1713364, 14341184, 12237042, 1719187, 12237043, 1713362, 12237044, 1713366, 12237045, 12237046, 1713371, 12237047, 14341185, 14341186]","['co', 'co', 'no', 'no2', 'no2', 'nox', 'o3', 'o3', 'pm10', 'pm10', 'pm25', 'pm25', 'relativehumidity', 'so2', 'so2', 'temperature', 'wind_direction', 'wind_speed']",False,True,CPCB
301390,"Bardowali, Agartala - Tripura SPCB",,23.8175497,91.2726974,"[12237048, 1713377, 12237049, 12237050, 1713368, 14341187, 12237051, 1713354, 12237052, 1713375, 12237053, 1713372, 12237054, 12237055, 1713369, 12237056, 14341188, 14341189]","['co', 'co', 'no', 'no2', 'no2', 'nox', 'o3', 'o3', 'pm10', 'pm10', 'pm25', 'pm25', 'relativehumidity', 'so2', 'so2', 'temperature', 'wind_direction', 'wind_speed']",False,True,CPCB
301391,"DM Office_Kasipur, Samastipur - BSPCB",,25.859655,85.77944000000001,"[1970469, 12236967, 12236968, 1713359, 12236969, 14342147, 12236970, 1713363, 1719388, 12236971, 1713355, 12236972, 12236973, 12236974, 1713365, 12236975, 14342148, 14342149]","['co', 'co', 'no', 'no2', 'no2', 'nox', 'o3', 'o3', 'pm10', 'pm10', 'pm25', 'pm25', 'relativehumidity', 'so2', 'so2', 'temperature', 'wind_direction', 'wind_speed']",False,True,CPCB
301670,"Collector Office, Yadgir - KSPCB",,16.7602,77.1428,"[1715716, 12236052, 12236053, 1715373, 12236054, 14340971, 1714899, 12236055, 1715988, 12236056, 1715831, 12236057, 12236058, 1715584, 12236059, 12236060, 14340972, 14340973]","['co', 'co', 'no', 'no2', 'no2', 'nox', 'o3', 'o3', 'pm10', 'pm10', 'pm25', 'pm25', 'relativehumidity', 'so2', 'so2', 'temperature', 'wind_direction', 'wind_speed']",False,True,CPCB
304956,"Gurdeo Nagar, Aurangabad - BSPCB",,24.757460000000002,84.366208,"[1731285, 12236897, 12236898, 12236899, 1731282, 14341143, 12236900, 1731286, 12236901, 1731284, 12236902, 1731287, 12236903, 1731283, 12236904, 12236905, 14341144, 14341145]","['co', 'co', 'no', 'no2', 'no2', 'nox', 'o3', 'o3', 'pm10', 'pm10', 'pm25', 'pm25', 'relativehumidity', 'so2', 'so2', 'temperature', 'wind_direction', 'wind_speed']",False,True,CPCB
306252,"DRCC Anandpur, Begusarai - BSPCB",,25.444266,86.140169,"[1738037, 1738038, 1741820, 1738039, 1802679, 1738040]","['co', 'no2', 'o3', 'pm10', 'pm25', 'so2']",False,True,caaqm
307463,"Zero Point GICI, Gangtok - SSPCB",,27.338529999999995,88.614099,"[1744313, 1744314, 1744315, 1744316, 1744312, 1744317]","['co', 'no2', 'o3', 'pm10', 'pm25', 'so2']",False,True,caaqm
309803,"Ashwini Nagar, Haveri - KSPCB",,14.7918,75.38959999999999,"[1757430, 1757425, 1757428, 1757427, 1757429, 1757426]","['co', 'no2', 'o3', 'pm10', 'pm25', 'so2']",False,True,caaqm
313410,"DM College of Science, Imphal - Manipur PCB",,24.8207389,93.94230849999998,"[1776514, 1776520, 1776521, 1776518, 1776524, 1776519]","['co', 'no2', 'o3', 'pm10', 'pm25', 'so2']",False,True,caaqm
313411,"JN Stadium, Shillong - Meghalaya PCB",,25.5803419,91.8942571,"[12403013, 1776517, 12403014, 1776525, 12403015, 14341193, 12403016, 1776515, 12403017, 1776522, 12403018, 1776523, 12403019, 12403020, 1776516, 12403021, 14341194, 14341195]","['co', 'co', 'no', 'no2', 'no2', 'nox', 'o3', 'o3', 'pm10', 'pm10', 'pm25', 'pm25', 'relativehumidity', 'so2', 'so2', 'temperature', 'wind_direction', 'wind_speed']",False,True,CPCB
313923,"Manipur University, Imphal - Manipur PCB",,24.7524239,93.92862179999999,"[1779958, 1779956, 1779959, 1779954, 1779955, 1779957]","['co', 'no2', 'o3', 'pm10', 'pm25', 'so2']",False,True,caaqm
317035,"Doon University, Dehradun - UKPCB",,30.269444,78.044167,"[1799318, 12237075, 12237076, 1799320, 12237077, 14341196, 12237078, 1799315, 12237079, 1799317, 1799316, 12237080, 12237081, 12237082, 1799319, 12237083, 14341197, 14341198]","['co', 'co', 'no', 'no2', 'no2', 'nox', 'o3', 'o3', 'pm10', 'pm10', 'pm25', 'pm25', 'relativehumidity', 'so2', 'so2', 'temperature', 'wind_direction', 'wind_speed']",False,True,CPCB
330021,"Vibhab Nagar, Firozabad - UPPCB",,27.1594,78.3953,"[12237021, 1877854, 12237022, 1877852, 12237023, 14341178, 12237024, 1877853, 12237025, 1877855, 1877851, 12237026, 12237027, 1877856, 12237028, 12237029, 14341179, 14341180]","['co', 'co', 'no', 'no2', 'no2', 'nox', 'o3', 'o3', 'pm10', 'pm10', 'pm25', 'pm25', 'relativehumidity', 'so2', 'so2', 'temperature', 'wind_direction', 'wind_speed']",False,True,CPCB
344103,"ECIL Kapra, Hyderabad - TSPCB",,17.470431,78.566959,"[1960397, 12237093, 12237094, 12237095, 1960403, 14341202, 1960395, 12237096, 1960400, 12237097, 12237098, 1960399, 12237099, 12237100, 1960401, 12237101, 14341203, 14341204]","['co', 'co', 'no', 'no2', 'no2', 'nox', 'o3', 'o3', 'pm10', 'pm10', 'pm25', 'pm25', 'relativehumidity', 'so2', 'so2', 'temperature', 'wind_direction', 'wind_speed']",False,True,CPCB
344104,"Kompally Municipal Office, Hyderabad - TSPCB",,17.544898999999997,78.486949,"[12237120, 1960396, 12237121, 1960398, 12237122, 14341208, 12237123, 1960402, 1960404, 12237124, 1960394, 12237125, 12237126, 1960405, 12237127, 12237128, 14341209, 14341210]","['co', 'co', 'no', 'no2', 'no2', 'nox', 'o3', 'o3', 'pm10', 'pm10', 'pm25', 'pm25', 'relativehumidity', 'so2', 'so2', 'temperature', 'wind_direction', 'wind_speed']",False,True,CPCB
344140,"Somajiguda, Hyderabad - TSPCB",,17.417094,78.457437,"[12237111, 1960604, 12237112, 1960586, 12237113, 14341205, 12237114, 1960600, 1960606, 12237115, 1960587, 12237116, 12237117, 12237118, 1960599, 12237119, 14341206, 14341207]","['co', 'co', 'no', 'no2', 'no2', 'nox', 'o3', 'o3', 'pm10', 'pm10', 'pm25', 'pm25', 'relativehumidity', 'so2', 'so2', 'temperature', 'wind_direction', 'wind_speed']",False,True,CPCB
344142,"Nacharam_TSIIC IALA, Hyderabad - TSPCB",,17.429398,78.569354,"[1960601, 12237129, 12237130, 12237131, 1960613, 14341211, 12237132, 1960594, 12237133, 1960597, 1960609, 12237134, 12237135, 12237136, 1960596, 12237137, 14341212, 14341213]","['co', 'co', 'no', 'no2', 'no2', 'nox', 'o3', 'o3', 'pm10', 'pm10', 'pm25', 'pm25', 'relativehumidity', 'so2', 'so2', 'temperature', 'wind_direction', 'wind_speed']",False,True,CPCB
344144,"IITH Kandi, Hyderabad - TSPCB",,17.585704999999997,78.126199,"[1960591, 12237102, 12237103, 1960589, 12237104, 14342157, 12237105, 1960612, 12237106, 1960603, 1960590, 12237107, 12237108, 12237109, 1960593, 12237110, 14342158, 14342159]","['co', 'co', 'no', 'no2', 'no2', 'nox', 'o3', 'o3', 'pm10', 'pm10', 'pm25', 'pm25', 'relativehumidity', 'so2', 'so2', 'temperature', 'wind_direction', 'wind_speed']",False,True,CPCB
346257,"Ramachandrapuram, Hyderabad - TSPCB",,17.528544,78.28619499999999,"[12242159, 1970972, 12242160, 12242161, 1970971, 14341217, 12242162, 1970974, 12242163, 1970973, 12242164, 1970968, 12242165, 12242166, 1970965, 12242167, 14341218, 14341219]","['co', 'co', 'no', 'no2', 'no2', 'nox', 'o3', 'o3', 'pm10', 'pm10', 'pm25', 'pm25', 'relativehumidity', 'so2', 'so2', 'temperature', 'wind_direction', 'wind_speed']",False,True,CPCB
346258,"Kokapet, Hyderabad - TSPCB",,17.393559,78.33919399999999,"[1970967, 12237156, 12237157, 12237158, 1970969, 14341223, 12237159, 12237160, 1970966, 1970970, 12237161, 12237162, 12237163, 1970975, 12237164, 14341224, 14341225]","['co', 'co', 'no', 'no2', 'no2', 'nox', 'o3', 'pm10', 'pm10', 'pm25', 'pm25', 'relativehumidity', 'so2', 'so2', 'temperature', 'wind_direction', 'wind_speed']",False,True,CPCB
346438,"Rajendra Nagar, Bareilly - UPPCB",,28.38910936,79.42963708,"[12237138, 1971906, 12237139, 1971909, 12237140, 14341214, 12237141, 1971902, 12237142, 1971905, 12237143, 1971907, 12237144, 1971903, 12237145, 12237146, 14341215, 14341216]","['co', 'co', 'no', 'no2', 'no2', 'nox', 'o3', 'o3', 'pm10', 'pm10', 'pm25', 'pm25', 'relativehumidity', 'so2', 'so2', 'temperature', 'wind_direction', 'wind_speed']",False,True,CPCB
346439,"Kalindi Kunj, Khurja - UPPCB",,28.234892699999996,77.8683002,"[12237147, 1971899, 12237148, 12237149, 1971910, 14341220, 1971901, 12237150, 1971904, 12237151, 12237152, 1971908, 12237153, 12237154, 1971900, 12237155, 14341221, 14341222]","['co', 'co', 'no', 'no2', 'no2', 'nox', 'o3', 'o3', 'pm10', 'pm10', 'pm25', 'pm25', 'relativehumidity', 'so2', 'so2', 'temperature', 'wind_direction', 'wind_speed']",False,True,CPCB
352465,"New Malakpet, Hyderabad - TSPCB",,17.37206,78.50864,"[2002324, 12237084, 12237085, 12237086, 2002328, 14341199, 12237087, 2002325, 12237088, 2002329, 12237089, 2002327, 12237090, 2002326, 12237091, 12237092, 14341200, 14341201]","['co', 'co', 'no', 'no2', 'no2', 'nox', 'o3', 'o3', 'pm10', 'pm10', 'pm25', 'pm25', 'relativehumidity', 'so2', 'so2', 'temperature', 'wind_direction', 'wind_speed']",False,True,CPCB
352777,"Kashiram Nagar, Moradabad - UPPCB",,28.849399,78.742362,"[2003327, 12237266, 12237267, 2003323, 12237268, 14341248, 2003325, 12237269, 12237270, 2003328, 2003326, 12237271, 12237272, 12237273, 2003324, 12237274, 14341249, 14341250]","['co', 'co', 'no', 'no2', 'no2', 'nox', 'o3', 'o3', 'pm10', 'pm10', 'pm25', 'pm25', 'relativehumidity', 'so2', 'so2', 'temperature', 'wind_direction', 'wind_speed']",False,True,CPCB
353715,"Transport Nagar, Moradabad - UPPCB",,28.802625,78.75372800000001,"[2007704, 12237215, 12237216, 2007702, 12237217, 14341240, 12237218, 2007706, 2007701, 12237219, 12237220, 2007707, 12237221, 12237222, 2007705, 12237223, 14341241, 14341242]","['co', 'co', 'no', 'no2', 'no2', 'nox', 'o3', 'o3', 'pm10', 'pm10', 'pm25', 'pm25', 'relativehumidity', 'so2', 'so2', 'temperature', 'wind_direction', 'wind_speed']",False,True,CPCB
358448,"Kumaran College, Tirupur - TNPCB",,11.0973603,77.3228673,"[12237175, 2028393, 12237176, 2028392, 12237177, 14341230, 12255215, 2028389, 12237178, 2028394, 12237179, 2028391, 12237180, 2028390, 12237181, 12237182, 14341231, 14341232]","['co', 'co', 'no', 'no2', 'no2', 'nox', 'o3', 'o3', 'pm10', 'pm10', 'pm25', 'pm25', 'relativehumidity', 'so2', 'so2', 'temperature', 'wind_direction', 'wind_speed']",False,True,CPCB
358450,"Bombay Castel, Ooty - TNPCB",,11.4068288,76.7138973,"[12237286, 2028427, 12237287, 2028415, 12237288, 14341256, 2028441, 12237289, 12237290, 2028410, 12237291, 2028436, 12237292, 2028402, 12237293, 12237294, 14341257, 14341258]","['co', 'co', 'no', 'no2', 'no2', 'nox', 'o3', 'o3', 'pm10', 'pm10', 'pm25', 'pm25', 'relativehumidity', 'so2', 'so2', 'temperature', 'wind_direction', 'wind_speed']",False,True,CPCB
358451,"Vasanthapuram, Vellore - TNPCB",,12.909494,79.131861,"[2028420, 2028424, 2028396, 2028421, 2028400, 2028406]","['co', 'no2', 'o3', 'pm10', 'pm25', 'so2']",False,True,caaqm
358452,"Chalai Bazaar, Ramanathapuram - TNPCB",,9.36399,78.831977,"[12237295, 2028426, 12237296, 12237297, 2028445, 14341259, 2028418, 12237298, 2028408, 12237299, 2028437, 12237300, 12237301, 2028443, 12237302, 12237303, 14341260, 14341261]","['co', 'co', 'no', 'no2', 'no2', 'nox', 'o3', 'o3', 'pm10', 'pm10', 'pm25', 'pm25', 'relativehumidity', 'so2', 'so2', 'temperature', 'wind_direction', 'wind_speed']",False,True,CPCB
358453,"Mendonsa Colony, Dindigul - TNPCB",,10.358535,77.984321,"[12237183, 2028412, 12237184, 2028397, 12237185, 14342160, 12237186, 2028398, 12237187, 2028447, 12237188, 2028449, 12237189, 2028442, 12237190, 12237191, 14342161, 14342162]","['co', 'co', 'no', 'no2', 'no2', 'nox', 'o3', 'o3', 'pm10', 'pm10', 'pm25', 'pm25', 'relativehumidity', 'so2', 'so2', 'temperature', 'wind_direction', 'wind_speed']",False,True,CPCB
358454,"SIPCOT Phase-1, Hosur - TNPCB",,12.746998,77.813811,"[2028414, 2028409, 2028413, 2028446, 2028423, 2028428]","['co', 'no2', 'o3', 'pm10', 'pm25', 'so2']",False,True,caaqm
358455,"Sona College of Technology, Salem - TNPCB",,11.679111,78.125052,"[2028422, 2028435, 2028439, 2028429, 2028434, 2028430]","['co', 'no2', 'o3', 'pm10', 'pm25', 'so2']",False,True,caaqm
358456,"Gulzarpet, Anantapur - APPCB",,14.675885999999998,77.593027,"[12237335, 2028433, 12237336, 2028399, 12237337, 14341272, 12237338, 2028419, 12237339, 2028438, 12237340, 2028432, 12237341, 12237342, 2028403, 12237343, 14341273, 14341274]","['co', 'co', 'no', 'no2', 'no2', 'nox', 'o3', 'o3', 'pm10', 'pm10', 'pm25', 'pm25', 'relativehumidity', 'so2', 'so2', 'temperature', 'wind_direction', 'wind_speed']",False,True,CPCB
358457,"PSG College of Arts and Science, Coimbatore - TNPCB",,11.0328,77.0349,"[2028405, 13146094, 12244857, 2028425, 12244858, 14342179, 12244859, 2028401, 12354707, 2028411, 2028431, 12262466, 12237284, 2028407, 12253614, 12237285, 14341254, 14341255]","['co', 'co', 'no', 'no2', 'no2', 'nox', 'o3', 'o3', 'pm10', 'pm10', 'pm25', 'pm25', 'relativehumidity', 'so2', 'so2', 'temperature', 'wind_direction', 'wind_speed']",False,True,CPCB
358467,"Civil Lines, Bareilly - UPPCB",,28.359581,79.414455,"[12237320, 2028471, 12237321, 12237322, 2028490, 14341266, 12237323, 2028470, 12237324, 2028462, 12237325, 2028498, 12237326, 12237327, 2028455, 12237328, 14341267, 14341268]","['co', 'co', 'no', 'no2', 'no2', 'nox', 'o3', 'o3', 'pm10', 'pm10', 'pm25', 'pm25', 'relativehumidity', 'so2', 'so2', 'temperature', 'wind_direction', 'wind_speed']",False,True,CPCB
358627,"Crescent University, Chengalpattu - TNPCB",,12.877731599999999,80.08348070000001,"[12322823, 2029320, 12322824, 2029324, 12322825, 14341226, 12322826, 2029321, 12237165, 2029323, 2029325, 12237166, 12322827, 2029322]","['co', 'co', 'no', 'no2', 'no2', 'nox', 'o3', 'o3', 'pm10', 'pm10', 'pm25', 'pm25', 'so2', 'so2']",False,True,CPCB
358665,"Ramteerth Nagar, Belgaum - KSPCB",,15.888653,74.541751,"[2029500, 12261792, 12261793, 2029499, 12261794, 14342104, 12261795, 2029502, 2029501, 12261796, 12261797, 2029503, 12261798, 2029504, 12261799, 12261800, 14342105, 14342106]","['co', 'co', 'no', 'no2', 'no2', 'nox', 'o3', 'o3', 'pm10', 'pm10', 'pm25', 'pm25', 'relativehumidity', 'so2', 'so2', 'temperature', 'wind_direction', 'wind_speed']",False,True,CPCB
361378,"Paryavaran Parisar, Bhopal - MPPCB",,23.210494,77.425409,"[12237353, 2042942, 12237354, 12237355, 2042811, 14341278, 2042810, 12237356, 2042813, 12237357, 12237358, 2042812, 12237359, 12237360, 2042814, 12237361, 14341279, 14341280]","['co', 'co', 'no', 'no2', 'no2', 'nox', 'o3', 'o3', 'pm10', 'pm10', 'pm25', 'pm25', 'relativehumidity', 'so2', 'so2', 'temperature', 'wind_direction', 'wind_speed']",False,True,CPCB
361411,"IITG, Guwahati - PCBA",,26.2028636,91.70046436,"[2042941, 2042937, 2042940, 2042939, 2042938, 2042943]","['co', 'no2', 'o3', 'pm10', 'pm25', 'so2']",False,True,caaqm
363601,"Girls College, Sivasagar - PCBA",,26.987634000000003,94.636574,"[12237407, 2053705, 12237408, 2053703, 12237409, 14341300, 12237410, 2053701, 2053702, 12237411, 2053704, 12237412, 12237413, 12237414, 2053700, 12237415, 14341301, 14341302]","['co', 'co', 'no', 'no2', 'no2', 'nox', 'o3', 'o3', 'pm10', 'pm10', 'pm25', 'pm25', 'relativehumidity', 'so2', 'so2', 'temperature', 'wind_direction', 'wind_speed']",False,True,CPCB
1236037,Dhopagachi,,22.3743,88.415,"[11714950, 11714939, 6530267, 11714952, 6530266, 11714940]","['pm1', 'pm10', 'pm25', 'relativehumidity', 'temperature', 'um003']",False,False,AirGradient
1285345,SPARTAN - IIT Kanpur,Kanpur,26.5128,80.2316,[6566245],['pm25'],False,True,SPARTAN Network
2498781,SiriJaya,,12.909153635368195,77.52476183092863,"[7970796, 7979312, 7971081, 7979259, 7951363, 7972171, 7951362, 7972174]","['pm1', 'pm1', 'pm10', 'pm10', 'pm25', 'relativehumidity', 'temperature', 'um003']",False,False,AirGradient
2860223,GK1 (Oberoi Terrace),,28.5500047,77.2431058,"[9320365, 9320368, 9320367, 9320350, 9320356, 9320361]","['pm1', 'pm10', 'pm25', 'relativehumidity', 'temperature', 'um003']",False,False,AirGradient
3024966,NASA GSFC Rutgers Calib. N8,,28.31733,76.91603,[10326358],['pm25'],False,False,Clarity
3174188,Malav,,22.70763,75.85257,"[11056922, 11056921, 11056907, 11056923, 11056908, 11056920, 11056910]","['co', 'pm25', 'pressure', 'relativehumidity', 'temperature', 'wind_direction', 'wind_speed']",False,True,Clean Air Catalyst
3174189,Bicholi Hapsi,,22.71771,75.93739,"[11056913, 11056915, 11056918, 11056919, 11056914, 11056906]","['pm25', 'pressure', 'relativehumidity', 'temperature', 'wind_direction', 'wind_speed']",False,True,Clean Air Catalyst
3174190,Musakhedi,,22.6967,75.89488,"[11056917, 11056909, 11056905, 11056912, 11056916, 11056911]","['pm25', 'pressure', 'relativehumidity', 'temperature', 'wind_direction', 'wind_speed']",False,True,Clean Air Catalyst
3409309,"Lajpat Nagar, Moradabad - UPPCB",,28.825341,78.7213009,"[13857024, 13857025, 13857026, 14341754, 13857027, 13857028, 13857029, 13857030, 13857031, 13857032, 14341755, 14341756]","['co', 'no', 'no2', 'nox', 'o3', 'pm10', 'pm25', 'relativehumidity', 'so2', 'temperature', 'wind_direction', 'wind_speed']",False,True,CPCB
3409312,"BWSSB Kadabesanahalli, Bengaluru - CPCB",,12.9352049,77.6814488,"[14406990, 14406991, 14406992, 14406993, 14406994, 14411592, 14406995, 14753588, 14406996, 14406997, 14753589, 14753590]","['co', 'no', 'no2', 'nox', 'o3', 'pm10', 'pm25', 'relativehumidity', 'so2', 'temperature', 'wind_direction', 'wind_speed']",False,True,CPCB
3409317,"Chauhan Colony, Chandrapur - MPCB",,19.9629,79.298714,"[12235464, 12235465, 12235466, 14340848, 12235467, 12235468, 12235469, 12235470, 12235471, 12235472, 14340849, 14340850]","['co', 'no', 'no2', 'nox', 'o3', 'pm10', 'pm25', 'relativehumidity', 'so2', 'temperature', 'wind_direction', 'wind_speed']",False,True,CPCB
3409318,"Central School, Lucknow - CPCB",,26.8821003,80.9302753,"[12235473, 12235474, 12235475, 14341837, 12235476, 12235477, 12235478, 12235479, 12235480, 12235481, 14341838, 14341839]","['co', 'no', 'no2', 'nox', 'o3', 'pm10', 'pm25', 'relativehumidity', 'so2', 'temperature', 'wind_direction', 'wind_speed']",False,True,CPCB
3409319,"Alandur Bus Depot, Chennai - CPCB",,12.9099161,80.1076538,"[12235544, 12235545, 12235546, 14341857, 12235547, 12235548, 12235549, 14484666, 12235550, 14018152, 14341858, 14341859]","['co', 'no', 'no2', 'nox', 'o3', 'pm10', 'pm25', 'relativehumidity', 'so2', 'temperature', 'wind_direction', 'wind_speed']",False,True,CPCB
3409320,"Rabindra Bharati University, Kolkata - WBPCB",,22.627875,88.3804,"[12235560, 12235561, 12235562, 14341860, 12235563, 12235564, 12235565, 12235566, 12235567, 12235568, 14341861, 14341862]","['co', 'no', 'no2', 'nox', 'o3', 'pm10', 'pm25', 'relativehumidity', 'so2', 'temperature', 'wind_direction', 'wind_speed']",False,True,CPCB
3409321,Haldia - WBSPCB,,22.06047,88.109737,"[12235596, 12235597, 12235598, 14341869, 12235599, 12235600, 12235601, 12235602, 12235603, 12235604, 14341870, 14341871]","['co', 'no', 'no2', 'nox', 'o3', 'pm10', 'pm25', 'relativehumidity', 'so2', 'temperature', 'wind_direction', 'wind_speed']",False,True,CPCB
3409322,"Pimpleshwar Mandir, Thane - MPCB",,19.192056,72.9585188,"[12235639, 12235640, 12235641, 14341878, 12235642, 12235643, 12235644, 12235645, 12235646, 12235647, 14341879, 14341880]","['co', 'no', 'no2', 'nox', 'o3', 'pm10', 'pm25', 'relativehumidity', 'so2', 'temperature', 'wind_direction', 'wind_speed']",False,True,CPCB
3409323,"Worli, Mumbai - MPCB",,18.9936162,72.8128113,"[12235909, 12235910, 12235911, 14341954, 12235912, 12235913, 12235914, 12235915, 12235916, 12235917, 14341955, 14341956]","['co', 'no', 'no2', 'nox', 'o3', 'pm10', 'pm25', 'relativehumidity', 'so2', 'temperature', 'wind_direction', 'wind_speed']",False,True,CPCB
3409327,"Kunjaban, Agartala - Tripura SPCB",,23.8628276,91.2887362,"[16453541, 16453542, 16453543, 16453544, 16453545, 16453546, 16453547, 16453548, 16453549, 16453550]","['co', 'no', 'no2', 'nox', 'o3', 'pm10', 'pm25', 'so2', 'wind_direction', 'wind_speed']",False,True,CPCB
3409328,"Bandra Kurla Complex, Mumbai - IITM",,19.0627,72.84614,"[12708241, 12708242, 12708243, 14342047, 12708244, 12708245, 12708246, 12708247, 12708248, 12708249, 14342048, 14342049]","['co', 'no', 'no2', 'nox', 'o3', 'pm10', 'pm25', 'relativehumidity', 'so2', 'temperature', 'wind_direction', 'wind_speed']",False,True,CPCB
3409329,"Deonar, Mumbai - IITM",,19.04946,72.923,"[12236380, 12236381, 12236382, 14341011, 12236383, 12236384, 12236385, 12236386, 12236387, 12236388, 14341012, 14341013]","['co', 'no', 'no2', 'nox', 'o3', 'pm10', 'pm25', 'relativehumidity', 'so2', 'temperature', 'wind_direction', 'wind_speed']",False,True,CPCB
3409330,"Sector-19A Nerul, Navi Mumbai - IITM",,19.044,73.0325,"[14230325, 14230326, 14342061, 14230327, 14230328, 14230329, 14342062]","['no', 'no2', 'nox', 'pm10', 'relativehumidity', 'temperature', 'wind_direction']",False,True,CPCB
3409331,"Bhosari, Pune - IITM",,18.640051,73.848956,"[12304610, 12304611, 12304612, 14342071, 12304613, 12304614, 12304615, 12304616, 12304617, 14342072, 14342073]","['co', 'no', 'no2', 'nox', 'o3', 'pm10', 'pm25', 'relativehumidity', 'temperature', 'wind_direction', 'wind_speed']",False,True,CPCB
3409334,"Ashwini Nagar, Haveri - KSPCB",,14.7918,75.3896,"[12291458, 12291459, 12291460, 14341029, 12292444, 12291461, 12291462, 12291463, 12291464, 12291465, 14341030, 14341031]","['co', 'no', 'no2', 'nox', 'o3', 'pm10', 'pm25', 'relativehumidity', 'so2', 'temperature', 'wind_direction', 'wind_speed']",False,True,CPCB
3409335,"B.Katihalli, Hassan - KSPCB",,13.008556,76.125258,"[12236508, 12236509, 12236510, 14342110, 12236511, 12236512, 12236513, 12236514, 12236515, 12236516, 14342111, 14342112]","['co', 'no', 'no2', 'nox', 'o3', 'pm10', 'pm25', 'relativehumidity', 'so2', 'temperature', 'wind_direction', 'wind_speed']",False,True,CPCB
3409336,"GIFT City, Gandhinagar - IITM",,23.163798,72.677768,"[12236598, 12236599, 12236600, 14342134, 12236601, 12236602, 12236603, 12236604, 12236605, 12236606, 14342135, 14342136]","['co', 'no', 'no2', 'nox', 'o3', 'pm10', 'pm25', 'relativehumidity', 'so2', 'temperature', 'wind_direction', 'wind_speed']",False,True,CPCB
3409338,"DRCC Anandpur, Begusarai - BSPCB",,25.444266,86.140169,"[12236861, 12236862, 12236863, 14341131, 12236864, 12236865, 12236866, 12236867, 12236868, 12236869, 14341132, 14341133]","['co', 'no', 'no2', 'nox', 'o3', 'pm10', 'pm25', 'relativehumidity', 'so2', 'temperature', 'wind_direction', 'wind_speed']",False,True,CPCB
3409339,"Central Jail, Buxar - BSPCB",,25.555605,83.950942,"[12236879, 12236880, 12236881, 14341137, 12236882, 12236883, 12236884, 12236885, 12236886, 12236887, 14341138, 14341139]","['co', 'no', 'no2', 'nox', 'o3', 'pm10', 'pm25', 'relativehumidity', 'so2', 'temperature', 'wind_direction', 'wind_speed']",False,True,CPCB
3409340,"Zero Point GICI, Gangtok - SSPCB",,27.33853,88.614099,"[12237057, 12237058, 12237059, 14341190, 12237060, 12237061, 12237062, 12237063, 12237064, 12237065, 14341191, 14341192]","['co', 'no', 'no2', 'nox', 'o3', 'pm10', 'pm25', 'relativehumidity', 'so2', 'temperature', 'wind_direction', 'wind_speed']",False,True,CPCB
3409341,"Manipur University, Imphal - Manipur PCB",,24.752423899999997,93.9286218,"[12237066, 12237067, 12237068, 14342151, 12237069, 12237070, 12237071, 12237072, 12237073, 12237074, 14342152, 14342153]","['co', 'no', 'no2', 'nox', 'o3', 'pm10', 'pm25', 'relativehumidity', 'so2', 'temperature', 'wind_direction', 'wind_speed']",False,True,CPCB
3409342,"DM College of Science, Imphal - Manipur PCB",,24.8207389,93.9423085,"[12242150, 12242151, 12242152, 14342154, 12242153, 12242154, 12242155, 12242156, 12242157, 12242158, 14342155, 14342156]","['co', 'no', 'no2', 'nox', 'o3', 'pm10', 'pm25', 'relativehumidity', 'so2', 'temperature', 'wind_direction', 'wind_speed']",False,True,CPCB
3409343,"Keelapalur, Ariyalur - TNPCB",,11.06825,79.07033,"[12237167, 12237168, 14341227, 12237169, 12237170, 12237171, 12237172, 12237173, 12237174, 14341228, 14341229]","['no', 'no2', 'nox', 'o3', 'pm10', 'pm25', 'relativehumidity', 'so2', 'temperature', 'wind_direction', 'wind_speed']",False,True,CPCB
3409344,"Municipal Corporation Office, Tirunelveli - TNPCB",,8.728442,77.6962,"[12237192, 12237193, 12237194, 14341233, 12237195, 12237196, 12237197, 12237198, 12237199, 12237200, 14341234, 14341235]","['co', 'no', 'no2', 'nox', 'o3', 'pm10', 'pm25', 'relativehumidity', 'so2', 'temperature', 'wind_direction', 'wind_speed']",False,True,CPCB
3409345,"Parisutham Nagar, Thanjavur - TNPCB",,10.7654824,79.1389968,"[12237201, 12237202, 12237203, 14342163, 12237204, 12237205, 12237206, 12237207, 12237208, 12237209, 14342164, 14342165]","['co', 'no', 'no2', 'nox', 'o3', 'pm10', 'pm25', 'relativehumidity', 'so2', 'temperature', 'wind_direction', 'wind_speed']",False,True,CPCB
3409346,"Semmandalam, Cuddalore - TNPCB",,11.7637683,79.7499835,"[16385293, 12237210, 12237211, 14341236, 12237212, 12237213, 12237214]","['co', 'no', 'no2', 'nox', 'o3', 'pm10', 'pm25']",False,True,CPCB
3409347,"SIPCOT Phase-1, Hosur - TNPCB",,12.746998,77.813811,"[12475178, 12475179, 12475180, 14341237, 12475181, 12475182, 12475183, 12475184, 12475185, 12475186, 14341238, 14341239]","['co', 'no', 'no2', 'nox', 'o3', 'pm10', 'pm25', 'relativehumidity', 'so2', 'temperature', 'wind_direction', 'wind_speed']",False,True,CPCB
3409348,"Uchapatti, Madurai - TNPCB",,9.865935,78.022669,"[12237224, 12237225, 12237226, 14342166, 12237227, 12237228, 12237229, 12237230, 12237231, 12237232, 14342167, 14342168]","['co', 'no', 'no2', 'nox', 'o3', 'pm10', 'pm25', 'relativehumidity', 'so2', 'temperature', 'wind_direction', 'wind_speed']",False,True,CPCB
3409349,"Vasanthapuram, Vellore - TNPCB",,12.909494,79.131861,"[12237233, 12237234, 12237235, 14342169, 12237236, 12237237, 12237238, 12237239, 12237240, 12237241, 14342170, 14342171]","['co', 'no', 'no2', 'nox', 'o3', 'pm10', 'pm25', 'relativehumidity', 'so2', 'temperature', 'wind_direction', 'wind_speed']",False,True,CPCB
3409350,"Velippalayam, Nagapattinam - TNPCB",,10.798548,79.838212,"[12237242, 12237243, 12237244, 14341243, 12237245, 12237246, 12237247, 12237248, 12237249, 12237250, 14341244, 14341245]","['co', 'no', 'no2', 'nox', 'o3', 'pm10', 'pm25', 'relativehumidity', 'so2', 'temperature', 'wind_direction', 'wind_speed']",False,True,CPCB
3409351,"VOC Nagar_SIPCOT, Ranipet - TNPCB",,12.952707,79.30394,"[12243943, 12237251, 12237252, 14342172, 12237253, 12237254, 12237255, 12237256, 12237257, 12237258, 14342173, 14342174]","['co', 'no', 'no2', 'nox', 'o3', 'pm10', 'pm25', 'relativehumidity', 'so2', 'temperature', 'wind_direction', 'wind_speed']",False,True,CPCB
3409353,"Kilambi, Kanchipuram - TNPCB",,12.864618,79.659968,"[12237259, 12237260, 12237261, 14341246, 12237262, 12237263, 12237264, 12511251, 12237265, 12511252, 14341247, 14342175]","['co', 'no', 'no2', 'nox', 'o3', 'pm10', 'pm25', 'relativehumidity', 'so2', 'temperature', 'wind_direction', 'wind_speed']",False,True,CPCB
3409354,"Kudikadu, Cuddalore - TNPCB",,11.6829898,79.7532099,"[12244848, 12244849, 12244850, 14341251, 12244851, 12244852, 12244853, 12244854, 12244855, 12244856, 14341252, 14341253]","['co', 'no', 'no2', 'nox', 'o3', 'pm10', 'pm25', 'relativehumidity', 'so2', 'temperature', 'wind_direction', 'wind_speed']",False,True,CPCB
3409355,"Sona College of Technology, Salem - TNPCB",,11.679111,78.125052,"[12237275, 12237276, 12237277, 14342176, 12237278, 12237279, 12237280, 12237281, 12237282, 12237283, 14342177, 14342178]","['co', 'no', 'no2', 'nox', 'o3', 'pm10', 'pm25', 'relativehumidity', 'so2', 'temperature', 'wind_direction', 'wind_speed']",False,True,CPCB
3409356,"Bharathidasan University, Palkalaiperur - TNPCB",,10.681158,78.74174599999999,"[12237304, 12237305, 12237306, 14342180, 12580495, 12237307, 12237308, 12237309, 12580496, 12237310, 14341262, 14341263]","['co', 'no', 'no2', 'nox', 'o3', 'pm10', 'pm25', 'relativehumidity', 'so2', 'temperature', 'wind_direction', 'wind_speed']",False,True,CPCB
3409357,"Kamadenu Nagar, Karur - TNPCB",,10.96782,78.080882,"[12237311, 12237312, 12237313, 14342181, 12237314, 12237315, 12237316, 12237317, 12237318, 12237319, 14341264, 14341265]","['co', 'no', 'no2', 'nox', 'o3', 'pm10', 'pm25', 'relativehumidity', 'so2', 'temperature', 'wind_direction', 'wind_speed']",False,True,CPCB
3409358,"St Joseph College, Tiruchirappalli - TNPCB",,10.830158,78.691849,"[12239611, 12237329, 12237330, 14341269, 12332103, 12237331, 12237332, 12237333, 12332104, 12237334, 14341270, 14341271]","['co', 'no', 'no2', 'nox', 'o3', 'pm10', 'pm25', 'relativehumidity', 'so2', 'temperature', 'wind_direction', 'wind_speed']",False,True,CPCB
3409359,"Kalabhavan, Dharwad - KSPCB",,15.459706,75.008381,"[12237344, 12237345, 12237346, 14341275, 12237347, 12237348, 12237349, 12237350, 12237351, 12237352, 14341276, 14341277]","['co', 'no', 'no2', 'nox', 'o3', 'pm10', 'pm25', 'relativehumidity', 'so2', 'temperature', 'wind_direction', 'wind_speed']",False,True,CPCB
3409360,"IITG, Guwahati - PCBA",,26.202863600000004,91.70046436,"[12237362, 12237363, 12237364, 14341281, 12237365, 12237366, 12237367, 12237368, 12237369, 12237370, 14341282, 14341283]","['co', 'no', 'no2', 'nox', 'o3', 'pm10', 'pm25', 'relativehumidity', 'so2', 'temperature', 'wind_direction', 'wind_speed']",False,True,CPCB
3409361,"AIIMS, Raipur - CECB",,21.258815,81.578979,"[12237371, 12237372, 12237373, 14341284, 12237374, 12237375, 12237376, 12237377, 12237378, 12237379, 14341285, 14341286]","['co', 'no', 'no2', 'nox', 'o3', 'pm10', 'pm25', 'relativehumidity', 'so2', 'temperature', 'wind_direction', 'wind_speed']",False,True,CPCB
3409362,"Siltara Phase-II, Raipur - CECB",,21.371751,81.664929,"[12237380, 12237381, 12237382, 14341287, 12237383, 12237384, 12237385, 12237386, 12237387, 12237388, 14341288, 14341289]","['co', 'no', 'no2', 'nox', 'o3', 'pm10', 'pm25', 'relativehumidity', 'so2', 'temperature', 'wind_direction', 'wind_speed']",False,True,CPCB
3409363,"Krishak Nagar, Raipur - CECB",,21.237755,81.705301,"[12237389, 12237390, 12237391, 14341290, 12237392, 12237393, 12237394, 12237395, 12237396, 12237397, 14342182, 14342183]","['co', 'no', 'no2', 'nox', 'o3', 'pm10', 'pm25', 'relativehumidity', 'so2', 'temperature', 'wind_direction', 'wind_speed']",False,True,CPCB
3409364,"Bhatagaon New ISBT, Raipur - CECB",,21.219665,81.630094,"[12263426, 12263427, 12263428, 14341291, 12263429, 12263430, 12263431, 12263432, 12263433, 12263434, 14341292, 14341293]","['co', 'no', 'no2', 'nox', 'o3', 'pm10', 'pm25', 'relativehumidity', 'so2', 'temperature', 'wind_direction', 'wind_speed']",False,True,CPCB
3409365,"Rampur, Korba - CECB",,22.368195,82.746431,"[12242168, 12242169, 12242170, 14341294, 12242171, 12242172, 12242173, 12242174, 12242175, 12242176, 14341295, 14341296]","['co', 'no', 'no2', 'nox', 'o3', 'pm10', 'pm25', 'relativehumidity', 'so2', 'temperature', 'wind_direction', 'wind_speed']",False,True,CPCB
3409366,"Urja Nagar, Korba - CECB",,22.348441,82.549611,"[12237398, 12237399, 12237400, 14341297, 12237401, 12237402, 12237403, 12237404, 12237405, 12237406, 14341298, 14341299]","['co', 'no', 'no2', 'nox', 'o3', 'pm10', 'pm25', 'relativehumidity', 'so2', 'temperature', 'wind_direction', 'wind_speed']",False,True,CPCB
3409367,"Hathkhoj, Bhilai - CECB",,21.224231,81.40835,"[12237416, 12237417, 12237418, 14341303, 12237419, 12237420, 12237421, 12237422, 12237423, 12237424, 14341304, 14341305]","['co', 'no', 'no2', 'nox', 'o3', 'pm10', 'pm25', 'relativehumidity', 'so2', 'temperature', 'wind_direction', 'wind_speed']",False,True,CPCB
3409368,"32Bungalows, Bhilai - CECB",,21.194815,81.31477,"[12237425, 12237426, 12237427, 14341306, 12237428, 12237429, 12237430, 12237431, 12237432, 12237433, 14341307, 14341308]","['co', 'no', 'no2', 'nox', 'o3', 'pm10', 'pm25', 'relativehumidity', 'so2', 'temperature', 'wind_direction', 'wind_speed']",False,True,CPCB
3409369,"Maharaj Bada, Gwalior - MPPCB",,26.200388,78.14771400000001,"[12239612, 12237434, 12237435, 14341309, 12237436, 12237437, 12237438, 12237439, 12237440, 12237441, 14341310, 14341311]","['co', 'no', 'no2', 'nox', 'o3', 'pm10', 'pm25', 'relativehumidity', 'so2', 'temperature', 'wind_direction', 'wind_speed']",False,True,CPCB
3409370,"Civil Lines, Sagar - MPPCB",,23.838586,78.759431,"[12237442, 12237443, 12237444, 14341312, 12237445, 12237446, 12237447, 12237448, 12237449, 12237450, 14341313, 14341314]","['co', 'no', 'no2', 'nox', 'o3', 'pm10', 'pm25', 'relativehumidity', 'so2', 'temperature', 'wind_direction', 'wind_speed']",False,True,CPCB
3409371,"Science Center, Surat - SMC",,21.170046,72.795405,"[12237451, 12237452, 12237453, 14341315, 12237454, 12237455, 12237456, 12237457, 12237458, 14341316, 14341317]","['co', 'no', 'no2', 'nox', 'pm10', 'pm25', 'relativehumidity', 'so2', 'temperature', 'wind_direction', 'wind_speed']",False,True,CPCB
3409372,"Gangineni Cheruvu, Chittoor - APPCB",,13.20488,79.097889,"[12239613, 12237459, 12239614, 14342184, 12239615, 12237460, 12237461, 12239616, 12239617, 12239618, 14341318, 14341319]","['co', 'no', 'no2', 'nox', 'o3', 'pm10', 'pm25', 'relativehumidity', 'so2', 'temperature', 'wind_direction', 'wind_speed']",False,True,CPCB
3409373,"Vaikuntapuram, Tirupathi - APPCB",,13.615387,79.40923000000001,"[12237462, 12237463, 12237464, 14341320, 12237465, 12237466, 12237467, 12237468, 12237469, 12237470, 14341321, 14341322]","['co', 'no', 'no2', 'nox', 'o3', 'pm10', 'pm25', 'relativehumidity', 'so2', 'temperature', 'wind_direction', 'wind_speed']",False,True,CPCB
3409374,"Deen Dayal Nagar, Gwalior - MPPCB",,26.259241999999997,78.216432,"[12237471, 12237472, 12237473, 14342185, 12237474, 12237475, 12237476, 12237477, 12237478, 12237479, 14342186, 14342187]","['co', 'no', 'no2', 'nox', 'o3', 'pm10', 'pm25', 'relativehumidity', 'so2', 'temperature', 'wind_direction', 'wind_speed']",False,True,CPCB
3409375,"Bata Chowk, Nalbari - PCBA",,26.446912,91.43905699999999,"[12237480, 12237481, 12237482, 14342188, 12237483, 12237484, 12237485, 12237486, 12237487, 12237488, 14341323, 14341324]","['co', 'no', 'no2', 'nox', 'o3', 'pm10', 'pm25', 'relativehumidity', 'so2', 'temperature', 'wind_direction', 'wind_speed']",False,True,CPCB
3409376,"Central Academy for SFS, Byrnihat - PCBA",,26.071317999999998,91.87488,"[12237489, 12237490, 12237491, 14342189, 12237492, 12237493, 12237494, 12237495, 12237496, 12237497, 14342190, 14342191]","['co', 'no', 'no2', 'nox', 'o3', 'pm10', 'pm25', 'relativehumidity', 'so2', 'temperature', 'wind_direction', 'wind_speed']",False,True,CPCB
3409377,"Meher Colony, Baripada - OSPCB",,21.941841,86.728318,"[12237498, 12237499, 12237500, 14341325, 12237501, 12237502, 12237503, 12237504, 12237505, 14341326, 14341327]","['co', 'no', 'no2', 'nox', 'o3', 'pm10', 'pm25', 'so2', 'temperature', 'wind_direction', 'wind_speed']",False,True,CPCB
3409378,"Jagamohanpur, Keonjhar - OSPCB",,21.6439,85.599355,"[12237506, 12237507, 12237508, 14341328, 12237509, 12237510, 12237511, 12237512, 12237513, 12237514, 14341329, 14341330]","['co', 'no', 'no2', 'nox', 'o3', 'pm10', 'pm25', 'relativehumidity', 'so2', 'temperature', 'wind_direction', 'wind_speed']",False,True,CPCB
3409379,"Divisional Forest Office, Rairangpur - OSPCB",,22.265816,86.174829,"[12237515, 12237516, 12237517, 14342192, 12237518, 12237519, 12237520, 12237521, 12237522, 12237523, 14342193, 14342194]","['co', 'no', 'no2', 'nox', 'o3', 'pm10', 'pm25', 'relativehumidity', 'so2', 'temperature', 'wind_direction', 'wind_speed']",False,True,CPCB
3409380,"Tata Township, Bileipada - OSPCB",,22.06156703,85.47409613,"[12237524, 12237525, 12237526, 14341331, 12237527, 12237528, 12237529, 12237530, 12237531, 12237532, 14341332, 14341333]","['co', 'no', 'no2', 'nox', 'o3', 'pm10', 'pm25', 'relativehumidity', 'so2', 'temperature', 'wind_direction', 'wind_speed']",False,True,CPCB
3409381,"Dabuna, Nayagarh - OSPCB",,21.847279,85.416905,"[12237533, 12237534, 12237535, 14341334, 12237536, 12237537, 12237538, 14011880, 12237539, 12237540, 14341335, 14341336]","['co', 'no', 'no2', 'nox', 'o3', 'pm10', 'pm25', 'relativehumidity', 'so2', 'temperature', 'wind_direction', 'wind_speed']",False,True,CPCB
3409382,"Raghunathpali, Rourkela - OSPCB",,22.220833,84.809444,"[12237541, 12237542, 12237543, 14341337, 12237544, 12237545, 12237546, 12237547, 12237548, 12237549, 14341338, 14341339]","['co', 'no', 'no2', 'nox', 'o3', 'pm10', 'pm25', 'relativehumidity', 'so2', 'temperature', 'wind_direction', 'wind_speed']",False,True,CPCB
3409383,"OMC Colony, Suakati - OSPCB",,21.606865,85.510538,"[12237550, 12237551, 12237552, 14342195, 12237553, 12237554, 12237555, 12237556, 12237557, 12237558, 14342196, 14342197]","['co', 'no', 'no2', 'nox', 'o3', 'pm10', 'pm25', 'relativehumidity', 'so2', 'temperature', 'wind_direction', 'wind_speed']",False,True,CPCB
3409384,"Barsua Iron Ore Mines, Tensa - OSPCB",,21.869985,85.167016,"[12237559, 12237560, 12237561, 14342198, 12237562, 12237563, 12237564, 12237565, 12237566, 12237567, 14342199, 14342200]","['co', 'no', 'no2', 'nox', 'o3', 'pm10', 'pm25', 'relativehumidity', 'so2', 'temperature', 'wind_direction', 'wind_speed']",False,True,CPCB
3409385,"RVCE-Mailasandra, Bengaluru - KSPCB",,12.921418,77.502466,"[12237568, 12237569, 12237570, 14341340, 12237571, 12237572, 12237573, 12237574, 12237575, 12237576, 14341341, 14341342]","['co', 'no', 'no2', 'nox', 'o3', 'pm10', 'pm25', 'relativehumidity', 'so2', 'temperature', 'wind_direction', 'wind_speed']",False,True,CPCB
3409386,"Mahatma Basaveswar Colony, Kalaburgi - KSPCB",,17.336318,76.847397,"[12237577, 12237578, 12237579, 14341343, 12237580, 12237581, 12237582, 12237583, 12237584, 12237585, 14341344, 14341345]","['co', 'no', 'no2', 'nox', 'o3', 'pm10', 'pm25', 'relativehumidity', 'so2', 'temperature', 'wind_direction', 'wind_speed']",False,True,CPCB
3409387,"Lingaraj Nagar, Hubballi - KSPCB",,15.3714823,75.1160168,"[12237586, 12237587, 12237588, 14341346, 12237589, 12237590, 12237591, 12237592, 12237593, 12237594, 14341347, 14341348]","['co', 'no', 'no2', 'nox', 'o3', 'pm10', 'pm25', 'relativehumidity', 'so2', 'temperature', 'wind_direction', 'wind_speed']",False,True,CPCB
3409388,"Kasturi Nagar, Bengaluru - KSPCB",,13.003872,77.664217,"[12237595, 12237596, 12237597, 14341349, 12237598, 12237599, 12237600, 12237601, 12237602, 12237603, 14341350, 14341351]","['co', 'no', 'no2', 'nox', 'o3', 'pm10', 'pm25', 'relativehumidity', 'so2', 'temperature', 'wind_direction', 'wind_speed']",False,True,CPCB
3409389,"Thimmalapura, Tumakuru - KSPCB",,13.377516,77.09907199999999,"[12237604, 12237605, 12237606, 14342201, 12237607, 12237608, 12237609, 12237610, 12237611, 12237612, 14342202, 14342203]","['co', 'no', 'no2', 'nox', 'o3', 'pm10', 'pm25', 'relativehumidity', 'so2', 'temperature', 'wind_direction', 'wind_speed']",False,True,CPCB
3409390,"LGBI Airport, Guwahati - PCBA",,26.10887,91.58954399999999,"[12237613, 12237614, 12237615, 14342204, 12237616, 12237617, 12237618, 12237619, 12237620, 12237621, 14342205, 14342206]","['co', 'no', 'no2', 'nox', 'o3', 'pm10', 'pm25', 'relativehumidity', 'so2', 'temperature', 'wind_direction', 'wind_speed']",False,True,CPCB
3409391,"Tarapur, Silchar - PCBA",,24.82827,92.79525,"[12237622, 12237623, 12237624, 14341352, 12237625, 12237626, 12237627, 12237628, 12237629, 12237630, 14341353, 14341354]","['co', 'no', 'no2', 'nox', 'o3', 'pm10', 'pm25', 'relativehumidity', 'so2', 'temperature', 'wind_direction', 'wind_speed']",False,True,CPCB
3409392,"Kanuru, Vijayawada - APPCB",,16.486692,80.69943599999999,"[12237631, 12237632, 12237633, 14342207, 12237634, 12237635, 12237636, 12237637, 12237638, 12237639, 14342208, 14342209]","['co', 'no', 'no2', 'nox', 'o3', 'pm10', 'pm25', 'relativehumidity', 'so2', 'temperature', 'wind_direction', 'wind_speed']",False,True,CPCB
3409393,"Shivapura_Peenya, Bengaluru - KSPCB",,13.0246342,77.5080115,"[12237640, 12237641, 12237642, 14341355, 12237643, 12237644, 12237645, 12237646, 12237647, 12237648, 14341356, 14341357]","['co', 'no', 'no2', 'nox', 'o3', 'pm10', 'pm25', 'relativehumidity', 'so2', 'temperature', 'wind_direction', 'wind_speed']",False,True,CPCB
3409394,"Fertilizer Township, Rourkela - OSPCB",,22.18972222,84.86277778,"[12237649, 12237650, 12237651, 14342210, 12237652, 12237653, 12237654, 12237655, 14342211, 14342212]","['co', 'no', 'no2', 'nox', 'o3', 'pm10', 'pm25', 'so2', 'wind_direction', 'wind_speed']",False,True,CPCB
3409395,"Sector-2, Rourkela - OSPCB",,22.245,84.88111111,"[12237656, 12237657, 12237658, 14342213, 12237659, 12237660, 12237661]","['co', 'no', 'no2', 'nox', 'pm10', 'pm25', 'so2']",False,True,CPCB
3409396,"Nawapara SECL Colony, Chhal - CECB",,22.118125,83.140608,"[12237662, 12237663, 12237664, 14341358, 12237665, 12237666, 12237667, 12237668, 12237669, 12237670, 14342214, 14342215]","['co', 'no', 'no2', 'nox', 'o3', 'pm10', 'pm25', 'relativehumidity', 'so2', 'temperature', 'wind_direction', 'wind_speed']",False,True,CPCB
3409397,"OP Jindal School, Kunjemura - CECB",,22.12665,83.483212,"[12237671, 12237672, 12237673, 14341359, 12237674, 12237675, 12237676, 12237677, 12237678, 12237679, 14341360, 14341361]","['co', 'no', 'no2', 'nox', 'o3', 'pm10', 'pm25', 'relativehumidity', 'so2', 'temperature', 'wind_direction', 'wind_speed']",False,True,CPCB
3409398,"Govt. Higher Secondary School, Milupara - CECB",,22.191017199999997,83.5197009,"[12237680, 12237681, 12237682, 14341362, 12237683, 12237684, 12237685, 12237686, 12237687, 12237688, 14341363, 14341364]","['co', 'no', 'no2', 'nox', 'o3', 'pm10', 'pm25', 'relativehumidity', 'so2', 'temperature', 'wind_direction', 'wind_speed']",False,True,CPCB
3409399,"OP Jindal Industrial Park, Tumidih - CECB",,22.06631475,83.33820077,"[12237689, 12237690, 12237691, 14341365, 12237692, 12237693, 12237694, 12237695, 12237696, 12237697, 14341366, 14341367]","['co', 'no', 'no2', 'nox', 'o3', 'pm10', 'pm25', 'relativehumidity', 'so2', 'temperature', 'wind_direction', 'wind_speed']",False,True,CPCB
3409400,"Yerramukkapalli, Kadapa - APPCB",,14.465051999999998,78.824187,"[12237698, 12237699, 12237700, 14342216, 12237701, 12237702, 12237703, 12237704, 12237705, 12237706, 14342217, 14342218]","['co', 'no', 'no2', 'nox', 'o3', 'pm10', 'pm25', 'relativehumidity', 'so2', 'temperature', 'wind_direction', 'wind_speed']",False,True,CPCB
3409401,"Samrat Ashok Udhyan, Jodhpur - RSPCB",,26.253384000000004,72.97657099999999,"[12237707, 12237708, 12237709, 14341368, 12237710, 12237711, 12237712, 12237713, 12237714, 12237715, 14341369, 14341370]","['co', 'no', 'no2', 'nox', 'o3', 'pm10', 'pm25', 'relativehumidity', 'so2', 'temperature', 'wind_direction', 'wind_speed']",False,True,CPCB
3409402,"Krishna Nagar, Bharatpur - RSPCB",,27.215415000000004,77.50873,"[12237716, 12237717, 12237718, 14341371, 12237719, 12237720, 12237721, 12237722, 12237723, 12237724, 14341372, 14341373]","['co', 'no', 'no2', 'nox', 'o3', 'pm10', 'pm25', 'relativehumidity', 'so2', 'temperature', 'wind_direction', 'wind_speed']",False,True,CPCB
3409403,"MM Ground, Bikaner - RSPCB",,28.018791999999998,73.29265799999999,"[12237725, 12237726, 12237727, 14341374, 12237728, 12237729, 12237730, 12237731, 12237732, 12237733, 14341375, 14341376]","['co', 'no', 'no2', 'nox', 'o3', 'pm10', 'pm25', 'relativehumidity', 'so2', 'temperature', 'wind_direction', 'wind_speed']",False,True,CPCB
3409404,"Subash Chowk, Churu - RSPCB",,28.296139,74.96169599999999,"[12237734, 12237735, 12237736, 14342219, 12237737, 12237738, 12237739, 12237740, 12237741, 12237742, 14342220, 14342221]","['co', 'no', 'no2', 'nox', 'o3', 'pm10', 'pm25', 'relativehumidity', 'so2', 'temperature', 'wind_direction', 'wind_speed']",False,True,CPCB
3409405,"Raja Ganj, Dholpur - RSPCB",,26.699557000000002,77.898881,"[12237743, 12237744, 12237745, 14341377, 12237746, 12237747, 12237748, 12237749, 12237750, 12237751, 14341378, 14341379]","['co', 'no', 'no2', 'nox', 'o3', 'pm10', 'pm25', 'relativehumidity', 'so2', 'temperature', 'wind_direction', 'wind_speed']",False,True,CPCB
3409406,"Nayapura, Kota - RSPCB",,25.196023999999998,75.85566800000001,"[12237752, 12237753, 12237754, 14341380, 12237755, 12237756, 12237757, 12237758, 12237759, 12237760, 14341381, 14342222]","['co', 'no', 'no2', 'nox', 'o3', 'pm10', 'pm25', 'relativehumidity', 'so2', 'temperature', 'wind_direction', 'wind_speed']",False,True,CPCB
3409407,"Shastri Nagar, Tonk - RSPCB",,26.159933,75.780517,"[12237761, 12237762, 12237763, 14341382, 12237764, 12237765, 12237766, 12237767, 12237768, 12237769, 14341383, 14341384]","['co', 'no', 'no2', 'nox', 'o3', 'pm10', 'pm25', 'relativehumidity', 'so2', 'temperature', 'wind_direction', 'wind_speed']",False,True,CPCB
3409408,"Shivaji Nagar, Rishikesh - UKPCB",,30.075910999999998,78.2859547,"[12237770, 12237771, 12237772, 14342223, 12237773, 12237774, 12237775, 12237776, 12237777, 12237778, 14342224, 14342225]","['co', 'no', 'no2', 'nox', 'o3', 'pm10', 'pm25', 'relativehumidity', 'so2', 'temperature', 'wind_direction', 'wind_speed']",False,True,CPCB
3409409,"Govt. Girls Inter College, Kashipur - UKPCB",,29.2124114,78.96117530000001,"[12242987, 12242988, 12242989, 14341385, 12242990, 12242991, 12242992, 12242993, 12242994, 12242995, 14341386, 14341387]","['co', 'no', 'no2', 'nox', 'o3', 'pm10', 'pm25', 'relativehumidity', 'so2', 'temperature', 'wind_direction', 'wind_speed']",False,True,CPCB
3409410,"Vedhaynath Colony, Sirohi - RSPCB",,24.885261,72.857549,"[12237779, 12237780, 12237781, 14341388, 12237782, 12237783, 12237784, 12237785, 12237786, 12237787, 14341389, 14341390]","['co', 'no', 'no2', 'nox', 'o3', 'pm10', 'pm25', 'relativehumidity', 'so2', 'temperature', 'wind_direction', 'wind_speed']",False,True,CPCB
3409411,"Christianpatty, Nagaon - PCBA",,26.349082,92.68449,"[12237788, 12237789, 12237790, 14341391, 12237791, 12237792, 12237793, 12237794, 12237795, 12237796, 14341392, 14341393]","['co', 'no', 'no2', 'nox', 'o3', 'pm10', 'pm25', 'relativehumidity', 'so2', 'temperature', 'wind_direction', 'wind_speed']",False,True,CPCB
3409412,"Dhanmandi, Kota - RSPCB",,25.164089999999998,75.858137,"[12237797, 12237798, 12237799, 14341394, 12237800, 12237801, 12237802, 12237803, 12237804, 12237805, 14341395, 14341396]","['co', 'no', 'no2', 'nox', 'o3', 'pm10', 'pm25', 'relativehumidity', 'so2', 'temperature', 'wind_direction', 'wind_speed']",False,True,CPCB
3409413,"Idgah Hills, Bhopal - MPPCB",,23.264758999999998,77.381568,"[12237806, 12237807, 12237808, 14341397, 12237809, 12237810, 12237811, 12237812, 12237813, 12237814, 14341398, 14341399]","['co', 'no', 'no2', 'nox', 'o3', 'pm10', 'pm25', 'relativehumidity', 'so2', 'temperature', 'wind_direction', 'wind_speed']",False,True,CPCB
3409414,"Vijay Nagar Scheme-78, Indore - Glenmark",,22.76726,75.8871,"[12237815, 12237816, 14342226, 12237817, 12237818, 12237819]","['no', 'no2', 'nox', 'pm10', 'pm25', 'so2']",False,True,CPCB
3409415,"Sardar Patel Nagar, Dhanbad - JSPCB",,23.80569,86.44268000000001,"[12242996, 12242997, 12242998, 14342227, 12242999, 12243000, 12243001, 12243002]","['co', 'no', 'no2', 'nox', 'o3', 'pm10', 'pm25', 'so2']",False,True,CPCB
3409416,"Rati Talai, Banswara - RSPCB",,23.55519,74.44001,"[12237820, 12237821, 12237822, 14341400, 12237823, 12237824, 12237825, 12237826, 12237827, 12237828, 14341401, 14341402]","['co', 'no', 'no2', 'nox', 'o3', 'pm10', 'pm25', 'relativehumidity', 'so2', 'temperature', 'wind_direction', 'wind_speed']",False,True,CPCB
3409417,"Shastri Nagar, Chittorgarh - RSPCB",,24.892047,74.623527,"[12237829, 12237830, 12237831, 14341403, 12237832, 12237833, 12237834, 12237835, 12237836, 12237837, 14341404, 14341405]","['co', 'no', 'no2', 'nox', 'o3', 'pm10', 'pm25', 'relativehumidity', 'so2', 'temperature', 'wind_direction', 'wind_speed']",False,True,CPCB
3409418,"Khatikan Mohalla, Dausa - RSPCB",,26.895552000000002,76.334753,"[12237838, 12237839, 12237840, 14342228, 12237841, 12237842, 12237843, 12237844, 12237845, 12237846, 14342229, 14342230]","['co', 'no', 'no2', 'nox', 'o3', 'pm10', 'pm25', 'relativehumidity', 'so2', 'temperature', 'wind_direction', 'wind_speed']",False,True,CPCB
3409419,"Railway Colony, Barmer - RSPCB",,25.747298999999998,71.393989,"[12237847, 12237848, 12237849, 14341406, 12237850, 12237851, 12237852, 12237853, 12237854, 12237855, 14341407, 14341408]","['co', 'no', 'no2', 'nox', 'o3', 'pm10', 'pm25', 'relativehumidity', 'so2', 'temperature', 'wind_direction', 'wind_speed']",False,True,CPCB
3409420,"Housing Board, Hanumangarh - RSPCB",,29.61075,74.283608,"[12237856, 12237857, 12237858, 14341409, 12237859, 12237860, 12237861, 12237862, 12237863, 12237864, 14342231, 14341410]","['co', 'no', 'no2', 'nox', 'o3', 'pm10', 'pm25', 'relativehumidity', 'so2', 'temperature', 'wind_direction', 'wind_speed']",False,True,CPCB
3409421,"Sahu Nagar, Sawai Madhopur - RSPCB",,26.031443,76.35932700000001,"[12237865, 12237866, 12237867, 14341411, 12237868, 12237869, 12237870, 12237871, 12237872, 12237873, 14341412, 14341413]","['co', 'no', 'no2', 'nox', 'o3', 'pm10', 'pm25', 'relativehumidity', 'so2', 'temperature', 'wind_direction', 'wind_speed']",False,True,CPCB
3409422,"Indra Nagar, Jhunjhunu - RSPCB",,28.108988,75.386577,"[12237874, 12237875, 12237876, 14341414, 12237877, 12237878, 12237879, 12237880, 12237881, 12237882, 14341415, 14341416]","['co', 'no', 'no2', 'nox', 'o3', 'pm10', 'pm25', 'relativehumidity', 'so2', 'temperature', 'wind_direction', 'wind_speed']",False,True,CPCB
3409423,"Dhoinda, Rajsamand - RSPCB",,25.036360000000002,73.88350200000001,"[12237883, 12237884, 12237885, 14341417, 12237886, 12237887, 12237888, 12237889, 12237890, 12237891, 14341418, 14341419]","['co', 'no', 'no2', 'nox', 'o3', 'pm10', 'pm25', 'relativehumidity', 'so2', 'temperature', 'wind_direction', 'wind_speed']",False,True,CPCB
3409424,"Old City, Sri Ganganagar - RSPCB",,29.931624,73.864511,"[12237892, 12237893, 12237894, 14341420, 12237895, 12237896, 12237897, 12237898, 12237899, 12237900, 14341421, 14341422]","['co', 'no', 'no2', 'nox', 'o3', 'pm10', 'pm25', 'relativehumidity', 'so2', 'temperature', 'wind_direction', 'wind_speed']",False,True,CPCB
3409425,"Jhalamand, Jodhpur - RSPCB",,26.215415000000004,73.07015600000001,"[12237901, 12237902, 12237903, 14341423, 12237904, 12237905, 12237906, 12237907, 12237908, 12237909, 14341424, 14341425]","['co', 'no', 'no2', 'nox', 'o3', 'pm10', 'pm25', 'relativehumidity', 'so2', 'temperature', 'wind_direction', 'wind_speed']",False,True,CPCB
3409426,"Pragati Nagar, Pratapgarh - RSPCB",,24.041198,74.780702,"[12237910, 12237911, 12237912, 14341426, 12237913, 12237914, 12237915, 12237916, 12237917, 12237918, 14341427, 14341428]","['co', 'no', 'no2', 'nox', 'o3', 'pm10', 'pm25', 'relativehumidity', 'so2', 'temperature', 'wind_direction', 'wind_speed']",False,True,CPCB
3409427,"Radhakishan Pura, Sikar - RSPCB",,27.608912,75.153302,"[12237919, 12237920, 12237921, 14341429, 12237922, 12237923, 12237924, 12237925, 12237926, 12237927, 14341430, 14341431]","['co', 'no', 'no2', 'nox', 'o3', 'pm10', 'pm25', 'relativehumidity', 'so2', 'temperature', 'wind_direction', 'wind_speed']",False,True,CPCB
3409428,"Satyawati Vihar, Karauli - RSPCB",,26.506177,77.025989,"[12237928, 12237929, 12237930, 14341432, 12237931, 12237932, 12237933, 12237934, 12237935, 12237936, 14341433, 14341434]","['co', 'no', 'no2', 'nox', 'o3', 'pm10', 'pm25', 'relativehumidity', 'so2', 'temperature', 'wind_direction', 'wind_speed']",False,True,CPCB
3409429,"Rajlaxmi Nagar, Jhalawar - RSPCB",,24.588397,76.172782,"[12237937, 12237938, 12237939, 14341435, 12237940, 12237941, 12237942, 12237943, 12237944, 12237945, 14341436, 14341437]","['co', 'no', 'no2', 'nox', 'o3', 'pm10', 'pm25', 'relativehumidity', 'so2', 'temperature', 'wind_direction', 'wind_speed']",False,True,CPCB
3409430,"Mansarovar Sector-12, Jaipur - RSPCB",,26.843698,75.766894,"[12237946, 12237947, 12237948, 14341438, 12237949, 12237950, 12237951, 12237952, 12237953, 12237954, 14341439, 14341440]","['co', 'no', 'no2', 'nox', 'o3', 'pm10', 'pm25', 'relativehumidity', 'so2', 'temperature', 'wind_direction', 'wind_speed']",False,True,CPCB
3409431,"Digari Kalan, Jodhpur - RSPCB",,26.295809999999996,73.08228299999999,"[12237955, 12237956, 12237957, 14341441, 12237958, 12237959, 12237960, 12237961, 12237962, 12237963, 14341442, 14341443]","['co', 'no', 'no2', 'nox', 'o3', 'pm10', 'pm25', 'relativehumidity', 'so2', 'temperature', 'wind_direction', 'wind_speed']",False,True,CPCB
3409432,"Sector-2 Murlipura, Jaipur - RSPCB",,26.960669,75.771817,"[12237964, 12237965, 12237966, 14342232, 12237967, 12237968, 12237969, 12237970, 12237971, 12237972, 14342233, 14342234]","['co', 'no', 'no2', 'nox', 'o3', 'pm10', 'pm25', 'relativehumidity', 'so2', 'temperature', 'wind_direction', 'wind_speed']",False,True,CPCB
3409433,"RIICO Sitapura, Jaipur - RSPCB",,26.786682,75.827928,"[12237973, 12237974, 12237975, 14341444, 12237976, 12237977, 12237978, 12237979, 12237980, 12237981, 14341445, 14341446]","['co', 'no', 'no2', 'nox', 'o3', 'pm10', 'pm25', 'relativehumidity', 'so2', 'temperature', 'wind_direction', 'wind_speed']",False,True,CPCB
3409434,"Jigani, Bengaluru - KSPCB",,12.7816279,77.6299145,"[12243003, 12243004, 12243005, 14342235, 12243006, 12243007, 12243008, 12243009, 12243010, 12243011, 14342236, 14342237]","['co', 'no', 'no2', 'nox', 'o3', 'pm10', 'pm25', 'relativehumidity', 'so2', 'temperature', 'wind_direction', 'wind_speed']",False,True,CPCB
3409435,"Gavalinagar, Pimpri Chinchwad - MPCB",,18.63673,73.82487,"[12237982, 12237983, 12237984, 14341447, 12237985, 12237986, 12237987, 12237988, 12237989, 12237990, 14341448, 14341449]","['co', 'no', 'no2', 'nox', 'o3', 'pm10', 'pm25', 'relativehumidity', 'so2', 'temperature', 'wind_direction', 'wind_speed']",False,True,CPCB
3409436,"Park Street Wakad, Pimpri Chinchwad - MPCB",,18.59051,73.77946,"[12237991, 12237992, 12237993, 14341450, 12237994, 12237995, 12237996, 12237997, 12237998, 12237999, 14341451, 14341452]","['co', 'no', 'no2', 'nox', 'o3', 'pm10', 'pm25', 'relativehumidity', 'so2', 'temperature', 'wind_direction', 'wind_speed']",False,True,CPCB
3409437,"Thergaon, Pimpri Chinchwad - MPCB",,18.616318,73.765797,"[12243012, 12243013, 12243014, 14341453, 12243015, 12243016, 12243017, 12243018, 12243019, 12243020, 14341454, 14341455]","['co', 'no', 'no2', 'nox', 'o3', 'pm10', 'pm25', 'relativehumidity', 'so2', 'temperature', 'wind_direction', 'wind_speed']",False,True,CPCB
3409438,"Katraj Dairy, Pune - MPCB",,18.45445,73.854155,"[12248365, 12248366, 12248367, 14341456, 12248368, 12248369, 12248370, 12248371, 12248372, 12248373, 14341457, 14341458]","['co', 'no', 'no2', 'nox', 'o3', 'pm10', 'pm25', 'relativehumidity', 'so2', 'temperature', 'wind_direction', 'wind_speed']",False,True,CPCB
3409439,"Savitribai Phule Pune University, Pune - MPCB",,18.547056,73.826908,"[12238000, 12238001, 12238002, 14341459, 12238003, 12238004, 12238005, 12238006, 12238007, 12238008, 14342238, 14342239]","['co', 'no', 'no2', 'nox', 'o3', 'pm10', 'pm25', 'relativehumidity', 'so2', 'temperature', 'wind_direction', 'wind_speed']",False,True,CPCB
3409440,"Shivaji University, Kolhapur - MPCB",,16.6870449,74.2505872,"[12238009, 12238010, 12238011, 14341460, 12238012, 12238013, 12238014, 12238015, 12238016, 12238017, 14341461, 14341462]","['co', 'no', 'no2', 'nox', 'o3', 'pm10', 'pm25', 'relativehumidity', 'so2', 'temperature', 'wind_direction', 'wind_speed']",False,True,CPCB
3409441,"Sinchan Bhavan, Kolhapur - MPCB",,16.7143745,74.2426398,"[12238018, 12238019, 12238020, 14341463, 12238021, 12238022, 12238023, 12238024, 12238025, 12238026, 14341464, 14341465]","['co', 'no', 'no2', 'nox', 'o3', 'pm10', 'pm25', 'relativehumidity', 'so2', 'temperature', 'wind_direction', 'wind_speed']",False,True,CPCB
3409442,"Pratap Nagar, Bhilwara - RSPCB",,25.339605,74.618883,"[12238027, 12238028, 12238029, 14341466, 12238030, 12238031, 12238032, 12238033, 12238034, 12238035, 14341467, 14341468]","['co', 'no', 'no2', 'nox', 'o3', 'pm10', 'pm25', 'relativehumidity', 'so2', 'temperature', 'wind_direction', 'wind_speed']",False,True,CPCB
3409443,"New Colony, Bundi - RSPCB",,25.435774,75.644272,"[12238036, 12238037, 12238038, 14341469, 12238039, 12238040, 12238041, 12238042, 12238043, 12238044, 14341470, 14341471]","['co', 'no', 'no2', 'nox', 'o3', 'pm10', 'pm25', 'relativehumidity', 'so2', 'temperature', 'wind_direction', 'wind_speed']",False,True,CPCB
3409444,"Sadar Bazar, Jaisalmer - RSPCB",,26.912329,70.909168,"[12238045, 12238046, 12238047, 14341472, 12238048, 12238049, 12238050, 12238051, 12238052, 12238053, 14341473, 14341474]","['co', 'no', 'no2', 'nox', 'o3', 'pm10', 'pm25', 'relativehumidity', 'so2', 'temperature', 'wind_direction', 'wind_speed']",False,True,CPCB
3409445,"Mandor, Jodhpur - RSPCB",,26.358805,73.047444,"[12238054, 12238055, 12238056, 14341475, 12238057, 12238058, 12238059, 12238060, 12238061, 12238062, 14341476, 14341477]","['co', 'no', 'no2', 'nox', 'o3', 'pm10', 'pm25', 'relativehumidity', 'so2', 'temperature', 'wind_direction', 'wind_speed']",False,True,CPCB
3409446,"Vijay Nagar, Sangli - MPCB",,16.843813,74.615091,"[12238063, 12238064, 12238065, 14341478, 12238066, 12238067, 12238068, 12238069, 12238070, 12238071, 14341479, 14341480]","['co', 'no', 'no2', 'nox', 'o3', 'pm10', 'pm25', 'relativehumidity', 'so2', 'temperature', 'wind_direction', 'wind_speed']",False,True,CPCB
3409447,"Bamboliya, Baran - RSPCB",,25.106006,76.469948,"[12238072, 12238073, 12238074, 14341481, 12238075, 12238076, 12238077, 12238078, 12238079, 12238080, 14341482, 14341483]","['co', 'no', 'no2', 'nox', 'o3', 'pm10', 'pm25', 'relativehumidity', 'so2', 'temperature', 'wind_direction', 'wind_speed']",False,True,CPCB
3409448,"Ratandeep Housing Society, Solapur - MPCB",,17.65439,75.90649,"[12238081, 12238082, 12238083, 14341484, 12238084, 12238085, 12238086, 12238087, 12238088, 12238089, 14341485, 14341486]","['co', 'no', 'no2', 'nox', 'o3', 'pm10', 'pm25', 'relativehumidity', 'so2', 'temperature', 'wind_direction', 'wind_speed']",False,True,CPCB
3409449,"Dnyaneshwar Nagar, Solapur - MPCB",,17.6336264,75.9132495,"[12238090, 12238091, 12238092, 14341487, 12238093, 12238094, 12238095, 12238096, 12238097, 12238098, 14341488, 14341489]","['co', 'no', 'no2', 'nox', 'o3', 'pm10', 'pm25', 'relativehumidity', 'so2', 'temperature', 'wind_direction', 'wind_speed']",False,True,CPCB
3409450,"Karni Colony, Nagaur - RSPCB",,27.213494,73.734444,"[12238099, 12238100, 12238101, 14341490, 12238102, 12238103, 12238104, 12238105, 12238106, 12238107, 14341491, 14341492]","['co', 'no', 'no2', 'nox', 'o3', 'pm10', 'pm25', 'relativehumidity', 'so2', 'temperature', 'wind_direction', 'wind_speed']",False,True,CPCB
3409451,"Pandav Nagari, Nashik - MPCB",,19.9591346,73.7788008,"[12241407, 12238108, 12238109, 14341493, 12238110, 12238111, 12238112, 12238113, 12238114, 12238115, 14341494, 14341495]","['co', 'no', 'no2', 'nox', 'o3', 'pm10', 'pm25', 'relativehumidity', 'so2', 'temperature', 'wind_direction', 'wind_speed']",False,True,CPCB
3409452,"Sawe Wadi, Latur - MPCB",,18.39963,76.57452,"[12238116, 12238117, 12238118, 14341496, 12238119, 12238120, 12238121, 12238122, 12238123, 12238124, 14341497, 14341498]","['co', 'no', 'no2', 'nox', 'o3', 'pm10', 'pm25', 'relativehumidity', 'so2', 'temperature', 'wind_direction', 'wind_speed']",False,True,CPCB
3409453,"MIDC Ambad, Nashik - MPCB",,19.95022,73.73148,"[12238125, 12238126, 12238127, 14341499, 12238128, 12238129, 12238130, 12238131, 12238132, 12238133, 14341500, 14341501]","['co', 'no', 'no2', 'nox', 'o3', 'pm10', 'pm25', 'relativehumidity', 'so2', 'temperature', 'wind_direction', 'wind_speed']",False,True,CPCB
3409454,"Hirawadi, Nashik - MPCB",,20.021503,73.813844,"[12238134, 12238135, 12238136, 14341502, 12238137, 12238138, 12238139, 12238140, 12238141, 12238142, 14342240, 14342241]","['co', 'no', 'no2', 'nox', 'o3', 'pm10', 'pm25', 'relativehumidity', 'so2', 'temperature', 'wind_direction', 'wind_speed']",False,True,CPCB
3409455,"Kamble Tarf Birwadi, Mahad - MPCB",,18.1023399,73.4783687,"[12238143, 12238144, 12238145, 14341503, 12238146, 12238147, 12238148, 12238149, 12238150, 12238151, 14341504, 14341505]","['co', 'no', 'no2', 'nox', 'o3', 'pm10', 'pm25', 'relativehumidity', 'so2', 'temperature', 'wind_direction', 'wind_speed']",False,True,CPCB
3409456,"Ramdaspeth, Akola - MPCB",,20.719516,77.000253,"[12238152, 12238153, 12238154, 14341506, 12238155, 12238156, 12238157, 12238158, 12238159, 12238160, 14341507, 14341508]","['co', 'no', 'no2', 'nox', 'o3', 'pm10', 'pm25', 'relativehumidity', 'so2', 'temperature', 'wind_direction', 'wind_speed']",False,True,CPCB
3409457,"Tarakpur, Ahmednagar - MPCB",,19.10122,74.73339,"[12241408, 12241409, 12241410, 14341509, 12241411, 12238161, 12238162, 12241412, 12241413, 12241414, 14342242, 14342243]","['co', 'no', 'no2', 'nox', 'o3', 'pm10', 'pm25', 'relativehumidity', 'so2', 'temperature', 'wind_direction', 'wind_speed']",False,True,CPCB
3409458,"Shivneri Colony, Amravati - MPCB",,20.9402359,77.7895248,"[12238163, 12238164, 12238165, 14342244, 12238166, 12238167, 12238168, 12238169, 12238170, 12238171, 14342245, 14342246]","['co', 'no', 'no2', 'nox', 'o3', 'pm10', 'pm25', 'relativehumidity', 'so2', 'temperature', 'wind_direction', 'wind_speed']",False,True,CPCB
3409459,"Shri Shivaji Science College, Amaravati - MPCB",,20.939198,77.765701,"[12238172, 12238173, 12238174, 14341510, 12238175, 12238176, 12238177, 12238178, 12238179, 12238180, 14341511, 14341512]","['co', 'no', 'no2', 'nox', 'o3', 'pm10', 'pm25', 'relativehumidity', 'so2', 'temperature', 'wind_direction', 'wind_speed']",False,True,CPCB
3409460,"MIDC Chilkalthana, Aurangabad - MPCB",,19.87562,75.38731,"[12238181, 12238182, 12238183, 14341513, 12238184, 12238185, 12238186, 12238187, 12238188, 12238189, 14341514, 14341515]","['co', 'no', 'no2', 'nox', 'o3', 'pm10', 'pm25', 'relativehumidity', 'so2', 'temperature', 'wind_direction', 'wind_speed']",False,True,CPCB
3409461,"Rachnakar Colony, Aurangabad - MPCB",,19.863756,75.321188,"[12238190, 12238191, 12238192, 14342247, 12238193, 12238194, 12238195, 12238196, 12238197, 12238198, 14342248, 14342249]","['co', 'no', 'no2', 'nox', 'o3', 'pm10', 'pm25', 'relativehumidity', 'so2', 'temperature', 'wind_direction', 'wind_speed']",False,True,CPCB
3409462,"Prabhat Colony, Jalgaon - MPCB",,21.001264,75.565602,"[12238199, 12238200, 12238201, 14341516, 12238202, 12238203, 12238204, 12238205, 12238206, 12238207, 14341517, 14341518]","['co', 'no', 'no2', 'nox', 'o3', 'pm10', 'pm25', 'relativehumidity', 'so2', 'temperature', 'wind_direction', 'wind_speed']",False,True,CPCB
3409463,"Old MIDC, Jalna - MPCB",,19.854616,75.905894,"[12250387, 12250388, 12250389, 14341519, 12250390, 12250391, 12250392, 12250393, 12250394, 12250395, 14341520, 14341521]","['co', 'no', 'no2', 'nox', 'o3', 'pm10', 'pm25', 'relativehumidity', 'so2', 'temperature', 'wind_direction', 'wind_speed']",False,True,CPCB
3409464,"Ambazari, Nagpur - MPCB",,21.121801,79.04952,"[12238208, 12238209, 12238210, 14341522, 12238211, 12238212, 12238213, 12238214, 12238215, 12238216, 14341523, 14341524]","['co', 'no', 'no2', 'nox', 'o3', 'pm10', 'pm25', 'relativehumidity', 'so2', 'temperature', 'wind_direction', 'wind_speed']",False,True,CPCB
3409465,"Ram Nagar, Nagpur - MPCB",,21.143383,79.048912,"[12238217, 12238218, 12238219, 14341525, 12238220, 12238221, 12238222, 12238223, 12238224, 12238225, 14341526, 14341527]","['co', 'no', 'no2', 'nox', 'o3', 'pm10', 'pm25', 'relativehumidity', 'so2', 'temperature', 'wind_direction', 'wind_speed']",False,True,CPCB
3409466,"Masoom Colony, Parbhani - MPCB",,19.265594,76.761463,"[12238226, 12238227, 12238228, 14341528, 12238229, 12238230, 12238231, 12238232, 12238233, 12238234, 14341529, 14341530]","['co', 'no', 'no2', 'nox', 'o3', 'pm10', 'pm25', 'relativehumidity', 'so2', 'temperature', 'wind_direction', 'wind_speed']",False,True,CPCB
3409467,"Sneh Nagar, Nanded - MPCB",,19.173852,77.296291,"[12238235, 12238236, 12238237, 14341531, 12238238, 12238239, 12238240, 12238241, 12238242, 12238243, 14341532, 14341533]","['co', 'no', 'no2', 'nox', 'o3', 'pm10', 'pm25', 'relativehumidity', 'so2', 'temperature', 'wind_direction', 'wind_speed']",False,True,CPCB
3409468,"Mahal, Nagpur - MPCB",,21.14472,79.107595,"[12238244, 12238245, 12238246, 14341534, 12238247, 12238248, 12238249, 12238250, 12238251, 12238252, 14341535, 14341536]","['co', 'no', 'no2', 'nox', 'o3', 'pm10', 'pm25', 'relativehumidity', 'so2', 'temperature', 'wind_direction', 'wind_speed']",False,True,CPCB
3409469,"Kasarvadavali, Thane - MPCB",,19.26777,72.97182,"[12238253, 12238254, 12238255, 14341537, 12238256, 12238257, 12238258, 12238259, 12238260, 12238261, 14341538, 14341539]","['co', 'no', 'no2', 'nox', 'o3', 'pm10', 'pm25', 'relativehumidity', 'so2', 'temperature', 'wind_direction', 'wind_speed']",False,True,CPCB
3409470,"Katrap, Badlapur - MPCB",,19.16485,73.23409,"[12238262, 12238263, 12238264, 14341540, 12238265, 12238266, 12238267, 12238268, 12238269, 12238270, 14341541, 14341542]","['co', 'no', 'no2', 'nox', 'o3', 'pm10', 'pm25', 'relativehumidity', 'so2', 'temperature', 'wind_direction', 'wind_speed']",False,True,CPCB
3409471,"Sector-2E Kalamboli, Navi Mumbai - MPCB",,19.02579,73.10297,"[12238271, 12238272, 12238273, 14341543, 12238274, 12238275, 12238276, 12238277, 12238278, 12238279, 14341544, 14341545]","['co', 'no', 'no2', 'nox', 'o3', 'pm10', 'pm25', 'relativehumidity', 'so2', 'temperature', 'wind_direction', 'wind_speed']",False,True,CPCB
3409472,"Upvan Fort, Thane - MPCB",,19.222279,72.957979,"[12238280, 12238281, 12238282, 14341546, 12238283, 12238284, 12238285, 12238286, 12238287, 12238288, 14341547, 14341548]","['co', 'no', 'no2', 'nox', 'o3', 'pm10', 'pm25', 'relativehumidity', 'so2', 'temperature', 'wind_direction', 'wind_speed']",False,True,CPCB
3409473,"Deopur, Dhule - MPCB",,20.918946,74.776388,"[12238289, 12238290, 12238291, 14342250, 12238292, 12238293, 12238294, 12238295, 12238296, 12238297, 14342251, 14342252]","['co', 'no', 'no2', 'nox', 'o3', 'pm10', 'pm25', 'relativehumidity', 'so2', 'temperature', 'wind_direction', 'wind_speed']",False,True,CPCB
3409474,"Mahesh Nagar, Malegaon - MPCB",,20.555712,74.529236,"[12238298, 12238299, 12238300, 14341549, 12238301, 12238302, 12238303, 12238304, 12238305, 12238306, 14341550, 14341551]","['co', 'no', 'no2', 'nox', 'o3', 'pm10', 'pm25', 'relativehumidity', 'so2', 'temperature', 'wind_direction', 'wind_speed']",False,True,CPCB
3409475,"Tondare-Taloja, Navi Mumbai - MPCB",,19.063,73.1209,"[12238307, 12238308, 12238309, 14341552, 12238310, 12238311, 12238312, 12238313, 12238314, 12238315, 14341553, 14341554]","['co', 'no', 'no2', 'nox', 'o3', 'pm10', 'pm25', 'relativehumidity', 'so2', 'temperature', 'wind_direction', 'wind_speed']",False,True,CPCB
3409476,"CBD Belapur, Belapur - MPCB",,19.0243902,73.0406721,"[12238316, 12238317, 12238318, 14341555, 12238319, 12238320, 12238321, 12238322, 12238323, 12238324, 14341556, 14341557]","['co', 'no', 'no2', 'nox', 'o3', 'pm10', 'pm25', 'relativehumidity', 'so2', 'temperature', 'wind_direction', 'wind_speed']",False,True,CPCB
3409477,"Kopripada-Vashi, Navi Mumbai - MPCB",,19.090337,73.014232,"[12238325, 12238326, 12238327, 14341558, 12238328, 12238329, 12238330, 12238331, 12238332, 12238333, 14341559, 14341560]","['co', 'no', 'no2', 'nox', 'o3', 'pm10', 'pm25', 'relativehumidity', 'so2', 'temperature', 'wind_direction', 'wind_speed']",False,True,CPCB
3409478,"Bhayandar West, Mira-Bhayandar - MPCB",,19.296481,72.840923,"[12238334, 12238335, 12238336, 14341561, 12238337, 12238338, 12238339, 12238340, 12238341, 12238342, 14341562, 14341563]","['co', 'no', 'no2', 'nox', 'o3', 'pm10', 'pm25', 'relativehumidity', 'so2', 'temperature', 'wind_direction', 'wind_speed']",False,True,CPCB
3409479,"Mindspace-Malad West, Mumbai - MPCB",,19.1878657,72.8304069,"[12238343, 12238344, 12238345, 14341564, 12238346, 12238347, 12238348, 12238349, 12238350, 12238351, 14341565, 14341566]","['co', 'no', 'no2', 'nox', 'o3', 'pm10', 'pm25', 'relativehumidity', 'so2', 'temperature', 'wind_direction', 'wind_speed']",False,True,CPCB
3409480,"Bolinj, Virar - MPCB",,19.445821,72.7988231,"[12238352, 12238353, 12238354, 14341567, 12238355, 12238356, 12238357, 12238358, 12238359, 12238360, 14341568, 14341569]","['co', 'no', 'no2', 'nox', 'o3', 'pm10', 'pm25', 'relativehumidity', 'so2', 'temperature', 'wind_direction', 'wind_speed']",False,True,CPCB
3409481,"Khaira, Boisar - MPCB",,19.786089,72.757971,"[12238361, 12238362, 12238363, 14341570, 12238364, 12238365, 12238366, 12238367, 12238368, 12238369, 14341571, 14341572]","['co', 'no', 'no2', 'nox', 'o3', 'pm10', 'pm25', 'relativehumidity', 'so2', 'temperature', 'wind_direction', 'wind_speed']",False,True,CPCB
3409482,"Bandra Kurla Complex, Mumbai - MPCB",,19.065931,72.862131,"[12238370, 12238371, 12238372, 14341573, 12238373, 12238374, 12238375, 12238376, 12238377, 12238378, 14341574, 14341575]","['co', 'no', 'no2', 'nox', 'o3', 'pm10', 'pm25', 'relativehumidity', 'so2', 'temperature', 'wind_direction', 'wind_speed']",False,True,CPCB
3409483,"Chembur, Mumbai - MPCB",,19.0364585,72.8954371,"[12238379, 12238380, 12238381, 14341576, 12238382, 12238383, 12238384, 12238385, 12238386, 12238387, 14341577, 14341578]","['co', 'no', 'no2', 'nox', 'o3', 'pm10', 'pm25', 'relativehumidity', 'so2', 'temperature', 'wind_direction', 'wind_speed']",False,True,CPCB
3409484,"Sidhi Vinayak Nagar, Ulhasnagar - MPCB",,19.235581,73.159121,"[12238388, 12238389, 12238390, 14341579, 12238391, 12238392, 12238393, 12238394, 12238395, 12238396, 14341580, 14341581]","['co', 'no', 'no2', 'nox', 'o3', 'pm10', 'pm25', 'relativehumidity', 'so2', 'temperature', 'wind_direction', 'wind_speed']",False,True,CPCB
3409485,"Gokul Nagar, Bhiwandi - MPCB",,19.309073,73.057223,"[12238397, 12238398, 12238399, 14341582, 12238400, 12238401, 12238402, 12238403, 12238404, 12238405, 14341583, 14341584]","['co', 'no', 'no2', 'nox', 'o3', 'pm10', 'pm25', 'relativehumidity', 'so2', 'temperature', 'wind_direction', 'wind_speed']",False,True,CPCB
3409486,"Kherwadi_Bandra East, Mumbai - MPCB",,19.0632143,72.8456324,"[12238406, 12238407, 12238408, 14341585, 12238409, 12238410, 12238411, 12238412, 12238413, 12238414, 14341586, 14341587]","['co', 'no', 'no2', 'nox', 'o3', 'pm10', 'pm25', 'relativehumidity', 'so2', 'temperature', 'wind_direction', 'wind_speed']",False,True,CPCB
3409487,"Sanpada, Navi Mumbai - MPCB",,19.0575752,73.0151367,"[12243944, 12243945, 12243946, 14341588, 12243947, 12243948, 12243949, 12243950, 12243951, 12243952, 14341589, 14341590]","['co', 'no', 'no2', 'nox', 'o3', 'pm10', 'pm25', 'relativehumidity', 'so2', 'temperature', 'wind_direction', 'wind_speed']",False,True,CPCB
3409488,"Suhagi, Jabalpur - JMC",,23.218135,79.95777,"[12238415, 12238416, 12238417, 14341591, 12238418, 12238419, 12238420, 12238421, 12238422, 12238423, 14341592, 14341593]","['co', 'no', 'no2', 'nox', 'o3', 'pm10', 'pm25', 'relativehumidity', 'so2', 'temperature', 'wind_direction', 'wind_speed']",False,True,CPCB
3409489,"Gupteshwar, Jabalpur - JMC",,23.142888,79.916147,"[12238424, 12238425, 12238426, 14341594, 12238427, 12238428, 12238429, 12238430, 12238431, 12238432, 14342253, 14342254]","['co', 'no', 'no2', 'nox', 'o3', 'pm10', 'pm25', 'relativehumidity', 'so2', 'temperature', 'wind_direction', 'wind_speed']",False,True,CPCB
3409492,"HB Colony, Vijayawada - APPCB",,16.536107,80.594233,"[12238433, 12238434, 12238435, 14341595, 12238436, 12238437, 12238438, 12238439, 12238440, 12238441, 14341596, 14341597]","['co', 'no', 'no2', 'nox', 'o3', 'pm10', 'pm25', 'relativehumidity', 'so2', 'temperature', 'wind_direction', 'wind_speed']",False,True,CPCB
3409493,"Rajiv Gandhi Park, Vijayawada - APPCB",,16.509717,80.612222,"[12238442, 12238443, 12238444, 14341598, 12238445, 12238446, 12238447, 12238448, 12238449, 12238450, 14341599, 14341600]","['co', 'no', 'no2', 'nox', 'o3', 'pm10', 'pm25', 'relativehumidity', 'so2', 'temperature', 'wind_direction', 'wind_speed']",False,True,CPCB
3409494,"Bhoiwada, Dungarpur - RSPCB",,23.837789,73.714926,"[12238451, 12238452, 12238453, 14342255, 12238454, 12238455, 12238456, 12238457, 12238458, 12238459, 14342256, 14342257]","['co', 'no', 'no2', 'nox', 'o3', 'pm10', 'pm25', 'relativehumidity', 'so2', 'temperature', 'wind_direction', 'wind_speed']",False,True,CPCB
3409495,"Mudtra Sili, Jalore - RSPCB",,25.344694,72.626208,"[12238460, 12238461, 12238462, 14341601, 12238463, 12238464, 12238465, 12238466, 12238467, 12238468, 14341602, 14341603]","['co', 'no', 'no2', 'nox', 'o3', 'pm10', 'pm25', 'relativehumidity', 'so2', 'temperature', 'wind_direction', 'wind_speed']",False,True,CPCB
3409496,"New Moti Bagh, Delhi - MHUA",,28.57834,77.184,"[15646331, 15646332, 15646333, 15646334, 15646335, 15646336, 15646337, 15646338, 15646339]","['co', 'no', 'no2', 'nox', 'pm25', 'relativehumidity', 'temperature', 'wind_direction', 'wind_speed']",False,True,CPCB
3409497,"KHB Colony, Karwar - KSPCB",,14.816666,74.141003,"[12275154, 12361759, 12361760, 14342258, 16803819, 12238469, 12238470, 12361761, 12238471, 12361762, 14342259, 14342260]","['co', 'no', 'no2', 'nox', 'o3', 'pm10', 'pm25', 'relativehumidity', 'so2', 'temperature', 'wind_direction', 'wind_speed']",False,True,CPCB
3409498,"Residency Area, Indore - IMC",,22.7084,75.8815,"[12238472, 12238473, 12238474, 14341604, 12238475, 12238476, 12238477, 12238478, 12238479, 12238480, 14341605, 14341606]","['co', 'no', 'no2', 'nox', 'o3', 'pm10', 'pm25', 'relativehumidity', 'so2', 'temperature', 'wind_direction', 'wind_speed']",False,True,CPCB
3409499,"Regional Park, Indore - MPPCB",,22.678,75.8559,"[12238481, 12238482, 12238483, 14341607, 12238484, 12238485, 12238486, 12238487, 12238488, 12238489, 14341608, 14341609]","['co', 'no', 'no2', 'nox', 'o3', 'pm10', 'pm25', 'relativehumidity', 'so2', 'temperature', 'wind_direction', 'wind_speed']",False,True,CPCB
3409500,"Maguda Nagar, Indore - IMC",,22.7524,75.8872,"[12815117, 12815118, 12815119, 14341610, 12815120, 12815121, 12815122, 12815123, 12815124, 12815125, 14341611]","['co', 'no', 'no2', 'nox', 'o3', 'pm10', 'pm25', 'relativehumidity', 'so2', 'temperature', 'wind_direction']",False,True,CPCB
3409501,"Airport Area, Indore - IMC",,22.7289,75.8076,"[12238490, 12238491, 12238492, 14341612, 12238493, 12238494, 12238495, 12238496, 12238497, 12238498, 14341613, 14341614]","['co', 'no', 'no2', 'nox', 'o3', 'pm10', 'pm25', 'relativehumidity', 'so2', 'temperature', 'wind_direction', 'wind_speed']",False,True,CPCB
3409502,"Kalidaspur, Balasore - OSPCB",,21.51161,86.89088,"[12243021, 12243022, 12243023, 14341615, 12243024, 12243025, 12243026, 12243027, 12243028, 12243029, 14341616, 14341617]","['co', 'no', 'no2', 'nox', 'o3', 'pm10', 'pm25', 'relativehumidity', 'so2', 'temperature', 'wind_direction', 'wind_speed']",False,True,CPCB
3409503,"Forest Office, Barbil - OSPCB",,22.1166054,85.3945546,"[12238499, 12238500, 12238501, 14341618, 12238502, 12238503, 12238504, 12238505, 12238506, 12238507, 14341619, 14341620]","['co', 'no', 'no2', 'nox', 'o3', 'pm10', 'pm25', 'relativehumidity', 'so2', 'temperature', 'wind_direction', 'wind_speed']",False,True,CPCB
3409504,"Hakimapada, Angul - OSPCB",,20.832874,85.104082,"[12238508, 12238509, 12238510, 14341621, 12238511, 12238512, 12238513, 12238514, 12238515, 12238516, 14341622, 14341623]","['co', 'no', 'no2', 'nox', 'o3', 'pm10', 'pm25', 'relativehumidity', 'so2', 'temperature', 'wind_direction', 'wind_speed']",False,True,CPCB
3409505,"Lingraj Mandir, Bhubaneswar - OSPCB",,20.24079,85.836784,"[12238517, 12238518, 12238519, 14341624, 12238520, 12238521, 12238522, 12238523, 12238524, 12238525, 14341625, 14341626]","['co', 'no', 'no2', 'nox', 'o3', 'pm10', 'pm25', 'relativehumidity', 'so2', 'temperature', 'wind_direction', 'wind_speed']",False,True,CPCB
3409506,"CDA Area, Cuttack - OSPCB",,20.48891,85.84768,"[12238526, 12238527, 12238528, 14341627, 12238529, 12238530, 12238531, 12238532, 12238533, 12238534, 14341628, 14341629]","['co', 'no', 'no2', 'nox', 'o3', 'pm10', 'pm25', 'relativehumidity', 'so2', 'temperature', 'wind_direction', 'wind_speed']",False,True,CPCB
3409507,"Ferro Chrome Colony, Byasanagar - OSPCB",,20.94185,86.1151,"[12238535, 12238536, 12238537, 14341630, 12238538, 12238539, 12238540, 12238541, 12238542, 12238543, 14341631, 14341632]","['co', 'no', 'no2', 'nox', 'o3', 'pm10', 'pm25', 'relativehumidity', 'so2', 'temperature', 'wind_direction', 'wind_speed']",False,True,CPCB
3409508,"Patia, Bhubaneswar - OSPCB",,20.34652,85.8163,"[12238544, 12238545, 12238546, 14341633, 12238547, 12238548, 12238549, 12238550, 12238551, 12238552, 14341634, 14341635]","['co', 'no', 'no2', 'nox', 'o3', 'pm10', 'pm25', 'relativehumidity', 'so2', 'temperature', 'wind_direction', 'wind_speed']",False,True,CPCB
3409509,"SVSPA Campus, Barrackpore - WBPCB",,22.7605581,88.3617589,"[12238553, 12238554, 12238555, 14341636, 12238556, 12238557, 12238558, 12238559, 12238560, 12238561, 14341637, 14341638]","['co', 'no', 'no2', 'nox', 'o3', 'pm10', 'pm25', 'relativehumidity', 'so2', 'temperature', 'wind_direction', 'wind_speed']",False,True,CPCB
3409510,"Byculla, Mumbai - BMC",,18.9767,72.838,"[12238562, 12238563, 12238564, 14341639, 12238565, 12238566, 12238567, 12238568, 12238569, 12238570, 14341640, 14341641]","['co', 'no', 'no2', 'nox', 'o3', 'pm10', 'pm25', 'relativehumidity', 'so2', 'temperature', 'wind_direction', 'wind_speed']",False,True,CPCB
3409511,"Shivaji Nagar, Mumbai - BMC",,19.060498,72.923356,"[12238571, 12238572, 12238573, 14341642, 12238574, 12238575, 12238576, 12238577, 12238578, 12238579, 14341643, 14341644]","['co', 'no', 'no2', 'nox', 'o3', 'pm10', 'pm25', 'relativehumidity', 'so2', 'temperature', 'wind_direction', 'wind_speed']",False,True,CPCB
3409512,"Kandivali West, Mumbai - BMC",,19.215859,72.831718,"[12238580, 12238581, 12238582, 14342261, 12238583, 12238584, 12238585, 12238586, 12238587, 12238588, 14342262, 14342263]","['co', 'no', 'no2', 'nox', 'o3', 'pm10', 'pm25', 'relativehumidity', 'so2', 'temperature', 'wind_direction', 'wind_speed']",False,True,CPCB
3409513,"Sewri, Mumbai - BMC",,19.000084,72.85673,"[12238589, 12238590, 12238591, 14342264, 12238592, 12238593, 12238594, 12238595, 12238596, 12238597, 14342265, 14342266]","['co', 'no', 'no2', 'nox', 'o3', 'pm10', 'pm25', 'relativehumidity', 'so2', 'temperature', 'wind_direction', 'wind_speed']",False,True,CPCB
3409514,"Ghatkopar, Mumbai - BMC",,19.083694,72.920967,"[12238598, 12238599, 12238600, 14341645, 12238601, 12238602, 12238603, 12238604, 12238605, 12238606, 14341646, 14341647]","['co', 'no', 'no2', 'nox', 'o3', 'pm10', 'pm25', 'relativehumidity', 'so2', 'temperature', 'wind_direction', 'wind_speed']",False,True,CPCB
3409515,"Govindh Bhavan Colony, Jabalpur - MPPCB",,23.163174,79.973061,"[12238607, 12238608, 12238609, 14341648, 12238610, 12238611, 12238612, 12238613, 12238614, 12238615, 14341649, 14341650]","['co', 'no', 'no2', 'nox', 'o3', 'pm10', 'pm25', 'relativehumidity', 'so2', 'temperature', 'wind_direction', 'wind_speed']",False,True,CPCB
3409516,"SIPCOT Nathampannai, Pudukottai - TNPCB",,10.423417,78.784889,"[12239619, 12239620, 14342267, 12250396, 12250397, 12238616, 12315058, 12238617, 14341651, 14341652]","['no', 'no2', 'nox', 'pm10', 'pm25', 'relativehumidity', 'so2', 'temperature', 'wind_direction', 'wind_speed']",False,True,CPCB
3409517,"Collectorate Office, Virudhunagar - TNPCB",,9.559382,77.948828,"[12238618, 12238619, 12238620, 14342268, 12244860, 12238621, 12238622, 12238623, 12238624, 12238625, 14342269, 14342270]","['co', 'no', 'no2', 'nox', 'o3', 'pm10', 'pm25', 'relativehumidity', 'so2', 'temperature', 'wind_direction', 'wind_speed']",False,True,CPCB
3409518,"Rajiv Nagar, Vijayawada - APPCB",,16.554731,80.64911,"[12238626, 12238627, 12238628, 14342271, 12238629, 12238630, 12238631, 12238632, 12238633, 12238634, 14341653, 14341654]","['co', 'no', 'no2', 'nox', 'o3', 'pm10', 'pm25', 'relativehumidity', 'so2', 'temperature', 'wind_direction', 'wind_speed']",False,True,CPCB
3409519,"Vasundhara Nagar_UIT, Bhiwadi - RSPCB",,28.207266,76.829265,"[12238635, 12238636, 12238637, 14341655, 12238638, 12238639, 12238640, 12238641, 12238642, 12238643, 14341656, 14341657]","['co', 'no', 'no2', 'nox', 'o3', 'pm10', 'pm25', 'relativehumidity', 'so2', 'temperature', 'wind_direction', 'wind_speed']",False,True,CPCB
3409520,"PCBL Residential Complex, Durgapur - WBPCB",,23.508764,87.35444,"[12238644, 12238645, 12238646, 14341658, 12238647, 12238648, 12238649, 12238650, 12238651, 12238652, 14341659, 14341660]","['co', 'no', 'no2', 'nox', 'o3', 'pm10', 'pm25', 'relativehumidity', 'so2', 'temperature', 'wind_direction', 'wind_speed']",False,True,CPCB
3409521,"Evelyn Lodge, Asansol - WBPCB",,23.697936,86.944395,"[12238653, 12238654, 12238655, 14341661, 12238656, 12238657, 12238658, 12238659, 12238660, 12238661, 14341662, 14341663]","['co', 'no', 'no2', 'nox', 'o3', 'pm10', 'pm25', 'relativehumidity', 'so2', 'temperature', 'wind_direction', 'wind_speed']",False,True,CPCB
3409522,"Mahabir Colliery, Asansol - WBPCB",,23.618183,87.105718,"[12238662, 12238663, 12238664, 14341664, 12238665, 12238666, 12238667, 12238668, 12238669, 12238670, 14341665, 14341666]","['co', 'no', 'no2', 'nox', 'o3', 'pm10', 'pm25', 'relativehumidity', 'so2', 'temperature', 'wind_direction', 'wind_speed']",False,True,CPCB
3409523,"Bhumkar Nagar, Pune - IITM",,18.60577,73.749976,"[12238671, 12238672, 12238673, 14342272, 12238674, 12238675, 12238676, 12238677, 12238678, 14342273, 14342274]","['co', 'no', 'no2', 'nox', 'o3', 'pm10', 'pm25', 'relativehumidity', 'temperature', 'wind_direction', 'wind_speed']",False,True,CPCB
3409524,"Botanical Garden, Howrah - WBPCB",,22.554954,88.292568,"[12243953, 12243954, 12243955, 14341667, 12243956, 12243957, 12243958, 12243959, 12243960, 12243961, 14341668, 14341669]","['co', 'no', 'no2', 'nox', 'o3', 'pm10', 'pm25', 'relativehumidity', 'so2', 'temperature', 'wind_direction', 'wind_speed']",False,True,CPCB
3409525,"Trivenidevi Bhalotia College, Asansol - WBPCB",,23.616515,87.119133,"[12238679, 12238680, 12238681, 14341670, 12238682, 12238683, 12238684, 12238685, 12238686, 12238687, 14341671, 14341672]","['co', 'no', 'no2', 'nox', 'o3', 'pm10', 'pm25', 'relativehumidity', 'so2', 'temperature', 'wind_direction', 'wind_speed']",False,True,CPCB
3409526,"Panchawati_Pashan, Pune - IITM",,18.536457,73.805454,"[12238688, 12238689, 12238690, 14342275, 12238691, 12238692, 12238693, 12238694, 12238695, 14342276, 14342277]","['co', 'no', 'no2', 'nox', 'o3', 'pm10', 'pm25', 'relativehumidity', 'temperature', 'wind_direction', 'wind_speed']",False,True,CPCB
3409527,"SIPCOT Industrial Park, Perundurai - TNPCB",,11.258242,77.552761,"[12238696, 12238697, 12238698, 14341673, 12238699, 12238700, 12238701, 12238702, 12238703, 12238704, 14341674]","['co', 'no', 'no2', 'nox', 'o3', 'pm10', 'pm25', 'relativehumidity', 'so2', 'temperature', 'wind_direction']",False,True,CPCB
3409528,"Savta Mali Nagar, Pimpri-Chinchwad - IITM",,18.614767,73.799516,"[12238705, 12238706, 12238707, 14342278, 12238708, 12238709, 12238710, 12343702, 12343703, 14342279, 14342280]","['co', 'no', 'no2', 'nox', 'o3', 'pm10', 'pm25', 'relativehumidity', 'temperature', 'wind_direction', 'wind_speed']",False,True,CPCB
3409529,"Mahishkapur Road_B-Zone, Durgapur - WBPCB",,23.567923,87.306843,"[12243030, 12243031, 12243032, 14341675, 12243033, 12243034, 12243035, 12243036, 12243037, 12243038, 14341676, 14341677]","['co', 'no', 'no2', 'nox', 'o3', 'pm10', 'pm25', 'relativehumidity', 'so2', 'temperature', 'wind_direction', 'wind_speed']",False,True,CPCB
3409530,"Dasnagar, Howrah - WBPCB",,22.6025571,88.3105664,"[12244861, 12244862, 12244863, 14341678, 12244864, 12244865, 12244866, 12244867, 12244868, 12244869, 14341679, 14341680]","['co', 'no', 'no2', 'nox', 'o3', 'pm10', 'pm25', 'relativehumidity', 'so2', 'temperature', 'wind_direction', 'wind_speed']",False,True,CPCB
3410003,"Police Line, Sri Vijaya Puram - ANPCC",,11.654054,92.734055,"[12238711, 12238712, 12238713, 14342281, 12238714, 12238715, 12238716, 12238717, 12238718, 12238719, 14342282, 14342283]","['co', 'no', 'no2', 'nox', 'o3', 'pm10', 'pm25', 'relativehumidity', 'so2', 'temperature', 'wind_direction', 'wind_speed']",False,True,N/A
3410004,"Amity University, Panchgaon - IITM",,28.3153,76.9143,"[12238720, 12238721, 12238722, 14342284, 12238723, 12238724, 12238725, 12238726, 12238727, 12238728, 14342285, 14342286]","['co', 'no', 'no2', 'nox', 'o3', 'pm10', 'pm25', 'relativehumidity', 'so2', 'temperature', 'wind_direction', 'wind_speed']",False,True,N/A
3410005,"Dhankawadi, Pune - IITM",,18.459883,73.852193,"[12238729, 12238730, 12238731, 14341681, 12238732, 12238733, 12238734, 12238735, 12238736, 14341682, 14341683]","['co', 'no', 'no2', 'nox', 'o3', 'pm10', 'pm25', 'relativehumidity', 'temperature', 'wind_direction', 'wind_speed']",False,True,N/A
3774726,"Ponnusamy Nagar, Namakkal - TNPCB",,11.273992,78.163545,"[12532519, 12532520, 12532521, 14341684, 12532522, 12532523, 12532524, 12532525, 12532526, 12532527, 14341685, 14341686]","['co', 'no', 'no2', 'nox', 'o3', 'pm10', 'pm25', 'relativehumidity', 'so2', 'temperature', 'wind_direction', 'wind_speed']",False,False,N/A
4512170,"Altair's Home - Bemina, Srinagar",,34.0702669,74.7754688,"[13135296, 13135297, 13135298, 13135299, 13135300]","['pm1', 'pm25', 'relativehumidity', 'temperature', 'um003']",False,False,AirGradient
4663956,"Santushti Apartments, Vasant Kunj",,28.5266,77.1493,"[13273789, 13273790, 13273791, 13273792, 13273793]","['pm1', 'pm25', 'relativehumidity', 'temperature', 'um003']",False,False,AirGradient
4712609,Air Check,,28.623056,77.234167,"[15289074, 15289075, 15289076, 15289077, 15289078]","['pm1', 'pm25', 'relativehumidity', 'temperature', 'um003']",False,False,AirGradient
4720578,Hyderabad,,17.492676,78.405394,"[13317466, 13317467, 13317468, 13317469, 13317470]","['pm1', 'pm25', 'relativehumidity', 'temperature', 'um003']",False,False,AirGradient
4916349,CURAJ,,26.6236,75.0273,"[13478100, 13478101, 13478102, 13478103, 13478104]","['pm1', 'pm25', 'relativehumidity', 'temperature', 'um003']",False,False,AirGradient
5057509,IIMA Ventures,,23.034568596154394,72.53287536498033,"[13587480, 13587481, 13587482, 13587483, 13587484]","['pm1', 'pm25', 'relativehumidity', 'temperature', 'um003']",False,False,AirGradient
5728639,"Bemina, Srinagar",,34.07023554237501,74.77548492160591,"[14077537, 14077538, 14077539, 14077540, 14077541]","['pm1', 'pm25', 'relativehumidity', 'temperature', 'um003']",False,False,AirGradient
5929186,Psychopath Studios,,34.0584621,74.8324004,"[14224272, 14224273, 14224274, 14224275, 14224276]","['pm1', 'pm25', 'relativehumidity', 'temperature', 'um003']",False,False,AirGradient
5963701,Max,,34.070227923365785,74.77548616383625,"[14250312, 14250313]","['relativehumidity', 'temperature']",False,False,AirGradient
6003651,SVNIT Surat,,21.7653,72.7855,"[14278509, 14278510, 14278511, 14278512, 14278513]","['pm1', 'pm25', 'relativehumidity', 'temperature', 'um003']",False,False,AirGradient
6013125,Kanipora,,34.0132271,74.8398961,"[14285556, 14285557, 14285558, 14285559, 14285560]","['pm1', 'pm25', 'relativehumidity', 'temperature', 'um003']",False,False,AirGradient
6061085,JKPCB,,34.067893918880145,74.81864018646164,"[14320781, 14320782, 14320783, 14320784, 14320785]","['pm1', 'pm25', 'relativehumidity', 'temperature', 'um003']",False,False,AirGradient
6105800,"Sector 1, Noida extension",,28.583491,77.431714,"[14453756, 14453757, 14453758, 14453759, 14453760]","['pm1', 'pm25', 'relativehumidity', 'temperature', 'um003']",False,False,AirGradient
6112064,VNIT NAGPUR,,21.123229,79.052856,"[14499368, 14499369, 14499370, 14499371, 14499372]","['pm1', 'pm25', 'relativehumidity', 'temperature', 'um003']",False,False,AirGradient
6119271,Kumaraswamy Layout,,12.9044,77.5649,"[14551749, 14551750, 14551751, 14551752, 14551753]","['pm1', 'pm25', 'relativehumidity', 'temperature', 'um003']",False,False,AirGradient
6119272,"Sector - 5, Vasundhara, Ghaziabad, Uttar Pradesh ",,28.658398,77.3780531,"[14551754, 14551755, 14551756, 14551757, 14551758]","['pm1', 'pm25', 'relativehumidity', 'temperature', 'um003']",False,False,AirGradient
6125489,"Uptitude Cloud Pvt Ltd - Sector 62, GGN",,28.40240847053802,77.08477464826682,"[14598775, 14598776, 14598777, 14598778, 14598779]","['pm1', 'pm25', 'relativehumidity', 'temperature', 'um003']",False,False,AirGradient
6145551,Anand Lok,,28.5587,77.21886,"[14745877, 14745878, 14745879, 14745880, 14745881]","['pm1', 'pm25', 'relativehumidity', 'temperature', 'um003']",False,False,AirGradient
6146655,Bellandur,,12.9178128,77.6955288,"[14754074, 14754075, 14754076, 14754077, 14754078]","['pm1', 'pm25', 'relativehumidity', 'temperature', 'um003']",False,False,AirGradient
6146812,Araria,,26.137989,87.457768,"[14755254, 14755255, 14755256, 14755257, 14755258]","['pm1', 'pm25', 'relativehumidity', 'temperature', 'um003']",False,False,AirGradient
6148686,"IIT Delhi, Delhi - IITM",,28.54246,77.191651,"[14769468, 14769469, 14769470, 14769471, 14769472, 14769473, 14769474]","['co', 'no', 'no2', 'nox', 'o3', 'pm10', 'pm25']",False,False,N/A
6167193,"Khunmoh, Srinagar - JKPCC",,34.06313,74.96017,"[14908692, 14908693, 14908694, 14908695, 14908696, 14908697, 14908698, 14908699, 14908700, 14908701]","['no', 'no2', 'nox', 'pm10', 'pm25', 'relativehumidity', 'so2', 'temperature', 'wind_direction', 'wind_speed']",False,False,N/A
6167988,"Khrew, Pampore - JKPCC",,34.031606,75.009712,"[14914376, 14914377, 14914378, 14914379, 14914380, 14914381, 14914382, 14914383, 14914384, 14914385]","['no', 'no2', 'nox', 'pm10', 'pm25', 'relativehumidity', 'so2', 'temperature', 'wind_direction', 'wind_speed']",False,False,N/A
6193521,Maitreye Weather Station,,12.0000374,79.8180856,"[15105823, 15105824, 15105825, 15105826, 15105827]","['pm1', 'pm25', 'relativehumidity', 'temperature', 'um003']",False,False,AirGradient
6194938,"Mahashweta Nagar, Ujjain - MPPCB",,23.1633321,75.800225,"[15115533, 15116294, 15116295, 15116296, 15115534, 15115535, 15115536, 15115537, 15115538, 15115539, 15115540, 15115541]","['co', 'no', 'no2', 'nox', 'o3', 'pm10', 'pm25', 'relativehumidity', 'so2', 'temperature', 'wind_direction', 'wind_speed']",False,False,N/A
6203210,Talab Tillo Jammu,,32.740106329099916,74.83177768465765,"[15175973, 15175974, 15175975, 15175976, 15175977]","['pm1', 'pm25', 'relativehumidity', 'temperature', 'um003']",False,False,AirGradient
6206921,Koramangala,,12.9370223,77.6115928,"[15203554, 15203555, 15203556, 15203557, 15203558]","['pm1', 'pm25', 'relativehumidity', 'temperature', 'um003']",False,False,AirGradient
6217492,"Vidhyanagar, Bhavnagar - Nexteng Enviro",,21.755417,72.139056,"[15280434, 15280435, 15280436, 15280437, 15280438, 15280439, 15280440, 15280441, 15280442, 15280443, 15280444, 15280445]","['co', 'no', 'no2', 'nox', 'o3', 'pm10', 'pm25', 'relativehumidity', 'so2', 'temperature', 'wind_direction', 'wind_speed']",False,False,N/A
6221294,"Bapunagar, Vadodara - Nexteng Enviro",,22.320153,73.216285,"[15308612, 15308613, 15308614, 15308615, 15308616, 15308617, 15308618, 15308619, 15308620, 15308621, 15308622, 15308623]","['co', 'no', 'no2', 'nox', 'o3', 'pm10', 'pm25', 'relativehumidity', 'so2', 'temperature', 'wind_direction', 'wind_speed']",False,False,N/A
6221295,"Katargam, Surat - Nexteng Enviro",,21.217779,72.834787,"[15308624, 15308625, 15308626, 15308627, 15308628, 15308629, 15308630, 15308631, 15308632, 15308633, 15308634, 15308635]","['co', 'no', 'no2', 'nox', 'o3', 'pm10', 'pm25', 'relativehumidity', 'so2', 'temperature', 'wind_direction', 'wind_speed']",False,False,N/A
6221395,"Sadanand Nagar, Mehsana - Nexteng Enviro",,23.59315,72.372792,"[15309401, 15309402, 15309403, 15309404, 15309405, 15309406, 15309407, 15309408, 15309409, 15309410, 15309411, 15309412]","['co', 'no', 'no2', 'nox', 'o3', 'pm10', 'pm25', 'relativehumidity', 'so2', 'temperature', 'wind_direction', 'wind_speed']",False,False,N/A
6221396,"Mavdi, Rajkot - Nexteng Enviro",,22.248853,70.776774,"[15309413, 15309414, 15309415, 15309416, 15309417, 15309418, 15309419, 15309420, 15309421, 15309422, 15309423, 15309424]","['co', 'no', 'no2', 'nox', 'o3', 'pm10', 'pm25', 'relativehumidity', 'so2', 'temperature', 'wind_direction', 'wind_speed']",False,False,N/A
6229179,Nardani Jammu,,32.80803,74.816769,"[15365152, 15365153, 15365154, 15365155, 15365156]","['pm1', 'pm25', 'relativehumidity', 'temperature', 'um003']",False,False,AirGradient
6230603,Rajouri Jammu,,33.380775,74.314353,"[15375654, 15375655, 15375656, 15375657, 15375658]","['pm1', 'pm25', 'relativehumidity', 'temperature', 'um003']",False,False,AirGradient
6231999,Gandhi Nagar,,32.701576,74.859108,"[15385943, 15385944, 15385945, 15385946, 15385947]","['pm1', 'pm25', 'relativehumidity', 'temperature', 'um003']",False,False,AirGradient
6244030,Auroville,,12.000079,79.818104,"[15475536, 15475537, 15475538, 15475539, 15475540]","['pm1', 'pm25', 'relativehumidity', 'temperature', 'um003']",False,False,AirGradient
6250050,Agya Enterprises,,23.258543,77.454474,"[15520290, 15520291, 15520292, 15520293, 15520294]","['pm1', 'pm25', 'relativehumidity', 'temperature', 'um003']",False,False,AirGradient
6250953,"Elamkulam, Malappuram - Kerala ELWOIC",,10.89235897883435,76.23440154833858,"[15527048, 15527049, 15527050, 15527051, 15527052]","['pm1', 'pm25', 'relativehumidity', 'temperature', 'um003']",False,False,AirGradient
6251997,"Indira Nagar, Raebareli - NTPC Unchahar",,26.207781,81.245571,"[15534756, 15534757, 15534758, 15534759, 15534760, 15534761, 15534762, 15534763, 15534764, 15534765, 15534766, 15534767]","['co', 'no', 'no2', 'nox', 'o3', 'pm10', 'pm25', 'relativehumidity', 'so2', 'temperature', 'wind_direction', 'wind_speed']",False,False,N/A
6254594,"Talkatora Garden, Delhi - DPCC",,28.62181,77.1944633,"[15554202, 15554203, 15554204, 15554205, 15554206, 15554207, 15554208, 15554209, 15554210, 15554211, 15554212, 15554213]","['co', 'no', 'no2', 'nox', 'o3', 'pm10', 'pm25', 'relativehumidity', 'so2', 'temperature', 'wind_direction', 'wind_speed']",False,False,N/A
6254663,"JNU, Delhi - DPCC",,28.540721,77.168544,"[15554698, 15554699, 15554700, 15554701, 15554702, 15554703, 15554704, 15554705, 15554706, 15554707, 15554708, 15554709]","['co', 'no', 'no2', 'nox', 'o3', 'pm10', 'pm25', 'relativehumidity', 'so2', 'temperature', 'wind_direction', 'wind_speed']",False,False,N/A
6254664,"NSUT Jaffarpur, Delhi - DPCC",,28.594004,76.909423,"[15554710, 15554711, 15554712, 15554713, 15554714, 15554715, 15554716, 15554717, 15554718, 15554719, 15554720, 15554721]","['co', 'no', 'no2', 'nox', 'o3', 'pm10', 'pm25', 'relativehumidity', 'so2', 'temperature', 'wind_direction', 'wind_speed']",False,False,N/A
6254665,"Commonwealth Sports Complex, Delhi - DPCC",,28.615828,77.271992,"[15554722, 15554723, 15554724, 15554725, 15554726, 15554727, 15554728, 15554729, 15554730, 15554731, 15554732, 15554733]","['co', 'no', 'no2', 'nox', 'o3', 'pm10', 'pm25', 'relativehumidity', 'so2', 'temperature', 'wind_direction', 'wind_speed']",False,False,N/A
6254666,"IGNOU_Maidan Garhi, Delhi - DPCC",,28.493624,77.201159,"[15554734, 15554735, 15554736, 15554737, 15554738, 15554739, 15554740, 15554741, 15554742, 15554743, 15554744, 15554745]","['co', 'no', 'no2', 'nox', 'o3', 'pm10', 'pm25', 'relativehumidity', 'so2', 'temperature', 'wind_direction', 'wind_speed']",False,False,N/A
6257818,"Cantonment Area, Delhi - DPCC",,28.594169,77.1251,"[15578285, 15578286, 15578287, 15578288, 15578289, 15578290, 15578291, 15578292, 15578293, 15578294, 15578295, 15578296]","['co', 'no', 'no2', 'nox', 'o3', 'pm10', 'pm25', 'relativehumidity', 'so2', 'temperature', 'wind_direction', 'wind_speed']",False,False,N/A
6258871,"Vithalwadi, Ulhasnagar - MPCB",,19.2307571,73.155192,"[15586068, 15645519, 15586069, 15586070, 15586071, 15586072, 15586073, 15586074, 15645520, 15645521, 15586075, 15586076]","['co', 'no', 'no2', 'nox', 'o3', 'pm10', 'pm25', 'relativehumidity', 'so2', 'temperature', 'wind_direction', 'wind_speed']",False,False,N/A
6266792,"Bir, Beed - MPCB",,18.988474,75.753873,"[15645471, 15645472, 15645473, 15645474, 15645475, 15645476, 15645477, 15645478, 15645479, 15645480, 15645481, 15645482]","['co', 'no', 'no2', 'nox', 'o3', 'pm10', 'pm25', 'relativehumidity', 'so2', 'temperature', 'wind_direction', 'wind_speed']",False,False,N/A
6266793,"Ashta Vinayak Nagar, Hingoli - MPCB",,19.710842,77.151824,"[15645483, 15645484, 15645485, 15645486, 15645487, 15645488, 15645489, 15645490, 15645491, 15645492, 15645493, 15645494]","['co', 'no', 'no2', 'nox', 'o3', 'pm10', 'pm25', 'relativehumidity', 'so2', 'temperature', 'wind_direction', 'wind_speed']",False,False,N/A
6266794,"Chinchpada, Ambernath - MPCB",,19.215784,73.199781,"[15645495, 15645496, 15645497, 15645498, 15645499, 15645500, 15645501, 15645502, 15645503, 15645504, 15645505, 15645506]","['co', 'no', 'no2', 'nox', 'o3', 'pm10', 'pm25', 'relativehumidity', 'so2', 'temperature', 'wind_direction', 'wind_speed']",False,False,N/A
6266795,"Kalu Nagar, Dombivli - MPCB",,19.2268427,73.0788456,"[15645507, 15645508, 15645509, 15645510, 15645511, 15645512, 15645513, 15645514, 15645515, 15645516, 15645517, 15645518]","['co', 'no', 'no2', 'nox', 'o3', 'pm10', 'pm25', 'relativehumidity', 'so2', 'temperature', 'wind_direction', 'wind_speed']",False,False,N/A
6267806,"Rajendra Nagar North, Guntur - APPCB",,16.316553,80.413302,"[15658713, 15658714, 15658715, 15653082, 15658716, 15653083, 15653084, 15658717, 15658718, 15658719, 15658720, 15653085]","['co', 'no', 'no2', 'nox', 'o3', 'pm10', 'pm25', 'relativehumidity', 'so2', 'temperature', 'wind_direction', 'wind_speed']",False,False,N/A
6267807,"Srinivas Nagar Colony, Machilipatnam - APPCB",,16.186555,81.13219,"[15653086, 15653087, 15653088, 15653089, 15653090, 15653091, 15653092, 15653093, 15653094, 15653095, 15653096, 15653097]","['co', 'no', 'no2', 'nox', 'o3', 'pm10', 'pm25', 'relativehumidity', 'so2', 'temperature', 'wind_direction', 'wind_speed']",False,False,N/A
6267808,"District Court, Eluru - APPCB",,16.711754,81.092095,"[15653098, 15653099, 15653100, 15653101, 15653102, 15653103, 15653104, 15653105, 15653106, 15653107, 15653108, 15653109]","['co', 'no', 'no2', 'nox', 'o3', 'pm10', 'pm25', 'relativehumidity', 'so2', 'temperature', 'wind_direction', 'wind_speed']",False,False,N/A
6276317,"Ambedkar Nagar, Nellore - APPCB ",,14.438164,79.966814,"[15716121, 15716122, 15716123, 15716124, 15716125, 15716126, 15716127, 15716128, 15716129, 15716130, 15716131, 15716132]","['co', 'no', 'no2', 'nox', 'o3', 'pm10', 'pm25', 'relativehumidity', 'so2', 'temperature', 'wind_direction', 'wind_speed']",False,False,N/A
6290075,"15th Mile-Nongthymmai, Byrnihat - Meghalaya PCB",,26.079047,91.875185,"[15818168, 15818169, 15818170, 15818171, 15818172, 15818173, 15818174, 15818175, 15818176, 15818177, 15818178]","['co', 'no', 'no2', 'nox', 'pm10', 'pm25', 'relativehumidity', 'so2', 'temperature', 'wind_direction', 'wind_speed']",False,False,N/A
6297968,Gandhi Nagar,,32.7014,74.8596,"[15877265, 15877266, 15877267, 15877268, 15877269]","['pm1', 'pm25', 'relativehumidity', 'temperature', 'um003']",False,False,AirGradient
6299494,"Prashant Garden, Khora - UPPCB",,28.61119,77.34206,"[15888912, 15888913, 15888914, 15888915, 15888916, 15888917, 15888918, 15888919, 15888920, 15888921, 15888922, 15888923]","['co', 'no', 'no2', 'nox', 'o3', 'pm10', 'pm25', 'relativehumidity', 'so2', 'temperature', 'wind_direction', 'wind_speed']",False,False,N/A
6299603,"SRM University, Modinagar - UPPCB",,28.798171,77.540243,"[15889764, 15889765, 15889766, 15889767, 15889768, 15889769, 15889770, 15889771, 15889772, 15889773, 15889774, 15889775]","['co', 'no', 'no2', 'nox', 'o3', 'pm10', 'pm25', 'relativehumidity', 'so2', 'temperature', 'wind_direction', 'wind_speed']",False,False,N/A
6299678,"Ved Vihar-Loni, Ghaziabad - UPPCB",,28.739153,77.273668,"[15890335, 15890336, 15890337, 15890338, 15890339, 15890340, 15890341, 15890342, 15890343, 15890344, 15890345, 15890346]","['co', 'no', 'no2', 'nox', 'o3', 'pm10', 'pm25', 'relativehumidity', 'so2', 'temperature', 'wind_direction', 'wind_speed']",False,False,N/A
6311324,"Govindpuram, Ghaziabad - UPPCB",,28.694528,77.494705,"[15978427, 15978428, 15978429, 15978430, 15978431, 15978432, 15978433, 15978434, 15978435, 15978436, 15978437, 15978438]","['co', 'no', 'no2', 'nox', 'o3', 'pm10', 'pm25', 'relativehumidity', 'so2', 'temperature', 'wind_direction', 'wind_speed']",False,False,N/A
6311325,"MIET College, Meerut - UPPCB",,28.972677,77.641018,"[15978439, 15978440, 15978441, 15978442, 15978443, 15978444, 15978445, 15978446, 15978447, 15978448, 15978449, 15978450]","['co', 'no', 'no2', 'nox', 'o3', 'pm10', 'pm25', 'relativehumidity', 'so2', 'temperature', 'wind_direction', 'wind_speed']",False,False,N/A
6314877,"Koyana Nagar, Satara - MPCB",,17.696651,74.003387,"[16005654, 16005655, 16005656, 16005657, 16005658, 16005659, 16005660, 16005661, 16007338, 16005662, 16005663, 16005664]","['co', 'no', 'no2', 'nox', 'o3', 'pm10', 'pm25', 'relativehumidity', 'so2', 'temperature', 'wind_direction', 'wind_speed']",False,False,N/A
6356035,Palm City,,27.20289,80.39693,"[16311974, 16311975, 16311976, 16311977, 16311978]","['pm1', 'pm25', 'relativehumidity', 'temperature', 'um003']",False,False,AirGradient
6401376,Channi Himmat,,32.689777,74.886016,"[16606023, 16606024, 16606025, 16606026, 16606027]","['pm1', 'pm25', 'relativehumidity', 'temperature', 'um003']",False,False,AirGradient
6404322,"New Anaj Mandi, Khairthal - RSPCB",,27.8015617,76.6365217,"[16627835, 16627836, 16627837, 16627838, 16627839, 16627840, 16627841, 16627842, 16627843, 16627844, 16627845, 16627846]","['co', 'no', 'no2', 'nox', 'o3', 'pm10', 'pm25', 'relativehumidity', 'so2', 'temperature', 'wind_direction', 'wind_speed']",False,False,N/A
6404323,"Pali Dungra, Mathura - UPPCB",,27.410954,77.550619,"[16627847, 16627848, 16627849, 16627850, 16627851, 16627852, 16627853, 16627854, 16627855, 16627856, 16627857, 16627858]","['co', 'no', 'no2', 'nox', 'o3', 'pm10', 'pm25', 'relativehumidity', 'so2', 'temperature', 'wind_direction', 'wind_speed']",False,False,N/A
6418671,"Dadupura, Fatehpur Sikri - UPPCB",,27.097694,77.671335,"[16733572, 16733573, 16733574, 16733575, 16733576, 16733577, 16733578, 16733579, 16733580, 16733581, 16733582, 16733583]","['co', 'no', 'no2', 'nox', 'o3', 'pm10', 'pm25', 'relativehumidity', 'so2', 'temperature', 'wind_direction', 'wind_speed']",False,False,CPCB
6431234,"Nowshera, Rajouri",,33.162408,74.23779,"[16845217, 16845218, 16845219, 16845220, 16845221]","['pm1', 'pm25', 'relativehumidity', 'temperature', 'um003']",False,False,AirGradient
6434075,"Ahamshrief, Bandipora",,34.4494,74.6635,"[16847533, 16847534, 16847535, 16847536, 16847537]","['pm1', 'pm25', 'relativehumidity', 'temperature', 'um003']",False,False,AirGradient
6441402,"Kashtigarh, Doda",,33.1567,75.4517,"[16902417, 16902418, 16902419, 16902420, 16902421]","['pm1', 'pm25', 'relativehumidity', 'temperature', 'um003']",False,False,AirGradient
6442612,Udhampur,,32.9165,75.1326,"[16911075, 16911076, 16911077, 16911078, 16911079]","['pm1', 'pm25', 'relativehumidity', 'temperature', 'um003']",False,False,AirGradient
6444829,"Leh, Ladakh",,34.14554,77.563278,"[16925424, 16925425, 16925426, 16925427, 16925428]","['pm1', 'pm25', 'relativehumidity', 'temperature', 'um003']",False,False,AirGradient
6452286,Vijaypur ,,32.566932,75.019868,"[16979603, 16979604, 16979605, 16979606, 16979607]","['pm1', 'pm25', 'relativehumidity', 'temperature', 'um003']",False,False,AirGradient
6456616,Applied Informatics Headquarters ,,34.123633,74.83279,"[17011381, 17011382, 17011383, 17011384, 17011385]","['pm1', 'pm25', 'relativehumidity', 'temperature', 'um003']",False,False,AirGradient
6465605,Kashmir University,,34.1342,74.8369,"[17076898, 17076899, 17076900, 17076901, 17076902]","['pm1', 'pm25', 'relativehumidity', 'temperature', 'um003']",False,False,AirGradient
