date,temperature_2m_max,temperature_2m_min,precipitation_sum,windspeed_10m_max,relative_humidity_2m_mean,city
2015-01-01,21.3,12.0,0.0,8.9,68,Delhi
2015-01-02,17.2,14.2,4.2,11.2,83,Delhi
2015-01-03,17.9,14.0,0.1,9.0,84,Delhi
2015-01-04,19.1,10.9,0.0,13.5,78,Delhi
2015-01-05,20.7,9.6,0.0,27.0,74,Delhi
2015-01-06,20.6,10.5,0.0,21.7,75,Delhi
2015-01-07,18.1,10.0,0.0,11.3,79,Delhi
2015-01-08,19.6,6.9,0.0,9.4,80,Delhi
2015-01-09,18.7,6.3,0.0,9.4,83,Delhi
2015-01-10,18.1,7.4,0.0,13.8,81,Delhi
2015-01-11,18.1,6.9,0.0,11.8,84,Delhi
2015-01-12,17.7,6.0,0.0,9.7,87,Delhi
2015-01-13,17.6,6.6,0.0,12.2,87,Delhi
2015-01-14,16.8,10.1,4.1,19.7,85,Delhi
2015-01-15,18.3,7.7,0.0,8.3,84,Delhi
2015-01-16,19.5,7.7,0.0,9.3,78,Delhi
2015-01-17,20.3,8.1,0.0,9.9,79,Delhi
2015-01-18,20.4,7.7,0.0,8.7,76,Delhi
2015-01-19,19.7,6.2,0.0,8.3,75,Delhi
2015-01-20,19.2,6.3,0.0,12.4,79,Delhi
2015-01-21,16.3,9.9,3.8,17.0,81,Delhi
2015-01-22,15.6,11.2,17.0,14.1,87,Delhi
2015-01-23,17.9,11.1,0.0,9.6,83,Delhi
2015-01-24,17.4,10.9,0.0,11.8,80,Delhi
2015-01-25,17.5,9.2,0.0,9.2,75,Delhi
2015-01-26,18.1,8.1,0.0,9.0,74,Delhi
2015-01-27,17.7,8.9,0.0,15.1,69,Delhi
2015-01-28,17.2,6.9,0.0,15.1,74,Delhi
2015-01-29,17.8,4.8,0.0,16.8,68,Delhi
2015-01-30,18.7,5.4,0.0,18.7,66,Delhi
2015-01-31,19.9,7.7,0.0,16.0,65,Delhi
2015-02-01,20.7,7.0,0.0,9.9,74,Delhi
2015-02-02,21.7,11.0,1.2,21.0,75,Delhi
2015-02-03,21.9,13.3,13.2,19.5,78,Delhi
2015-02-04,19.9,10.0,0.0,14.6,86,Delhi
2015-02-05,20.5,9.2,0.0,13.5,76,Delhi
2015-02-06,20.7,7.1,0.0,9.2,72,Delhi
2015-02-07,22.1,7.8,0.0,8.7,69,Delhi
2015-02-08,22.3,9.8,2.1,9.0,73,Delhi
2015-02-09,23.1,10.0,0.0,14.1,71,Delhi
2015-02-10,22.1,9.5,0.0,14.5,67,Delhi
2015-02-11,22.0,7.9,0.0,9.4,64,Delhi
2015-02-12,22.1,8.6,0.0,13.3,69,Delhi
2015-02-13,24.3,9.7,0.0,16.6,63,Delhi
2015-02-14,26.5,11.4,0.0,9.4,63,Delhi
2015-02-15,25.4,11.2,0.0,7.9,71,Delhi
2015-02-16,26.2,13.9,0.0,21.9,70,Delhi
2015-02-17,26.5,15.8,1.6,15.7,74,Delhi
2015-02-18,26.1,15.6,12.0,21.3,77,Delhi
2015-02-19,26.7,14.4,1.6,25.1,78,Delhi
2015-02-20,27.0,17.0,0.0,18.7,74,Delhi
2015-02-21,26.5,15.0,0.0,17.8,75,Delhi
2015-02-22,27.1,15.4,0.0,21.5,69,Delhi
2015-02-23,26.4,13.5,0.0,9.5,77,Delhi
2015-02-24,27.2,14.3,0.1,12.2,79,Delhi
2015-02-25,27.2,16.8,5.2,14.3,79,Delhi
2015-02-26,24.5,13.7,0.0,11.3,69,Delhi
2015-02-27,23.6,12.1,0.0,12.6,68,Delhi
2015-02-28,25.4,11.4,0.2,13.5,56,Delhi
2015-03-01,19.3,16.1,22.9,30.8,83,Delhi
2015-03-02,19.5,14.4,22.8,28.8,93,Delhi
2015-03-03,19.6,12.6,1.0,9.4,86,Delhi
2015-03-04,21.6,9.7,0.0,15.9,72,Delhi
2015-03-05,23.7,9.0,0.0,9.4,70,Delhi
2015-03-06,24.9,12.6,0.0,10.8,70,Delhi
2015-03-07,25.5,11.7,10.5,11.3,76,Delhi
2015-03-08,24.0,14.2,0.9,18.8,79,Delhi
2015-03-09,22.4,11.8,3.9,16.1,70,Delhi
2015-03-10,23.1,9.6,0.0,13.8,69,Delhi
2015-03-11,24.7,10.6,0.0,11.5,70,Delhi
2015-03-12,26.5,10.1,0.0,10.0,67,Delhi
2015-03-13,25.9,13.9,2.9,10.2,76,Delhi
2015-03-14,26.1,14.3,4.1,13.0,79,Delhi
2015-03-15,22.5,16.0,20.6,19.0,88,Delhi
2015-03-16,22.7,15.2,6.7,19.6,87,Delhi
2015-03-17,25.1,14.2,0.0,17.7,76,Delhi
2015-03-18,24.7,13.6,0.0,18.6,70,Delhi
2015-03-19,26.3,12.2,0.0,11.2,69,Delhi
2015-03-20,27.8,12.4,0.0,11.0,67,Delhi
2015-03-21,29.2,14.8,0.0,10.3,69,Delhi
2015-03-22,30.2,16.8,0.0,18.3,63,Delhi
2015-03-23,31.1,17.6,0.0,14.9,62,Delhi
2015-03-24,32.2,15.6,0.0,10.9,64,Delhi
2015-03-25,32.5,17.2,0.0,10.0,61,Delhi
2015-03-26,33.6,20.2,0.0,8.9,58,Delhi
2015-03-27,33.8,21.8,0.0,11.6,56,Delhi
2015-03-28,34.1,16.4,0.0,8.9,52,Delhi
2015-03-29,32.2,20.7,0.4,20.1,52,Delhi
2015-03-30,27.1,19.5,5.1,24.5,75,Delhi
2015-03-31,28.0,17.4,0.1,14.2,70,Delhi
2015-04-01,30.8,17.9,0.6,15.4,66,Delhi
2015-04-02,33.3,19.2,0.0,14.9,56,Delhi
2015-04-03,30.1,19.1,10.8,15.2,72,Delhi
2015-04-04,25.1,18.6,17.8,13.0,83,Delhi
2015-04-05,28.5,15.5,0.0,8.9,68,Delhi
2015-04-06,30.0,16.2,0.0,9.9,58,Delhi
2015-04-07,27.7,16.9,5.5,10.9,67,Delhi
2015-04-08,30.0,16.6,0.3,9.7,62,Delhi
2015-04-09,31.0,17.0,0.0,14.9,57,Delhi
2015-04-10,33.0,17.7,0.0,14.1,51,Delhi
2015-04-11,34.1,18.2,0.1,9.4,49,Delhi
2015-04-12,29.2,20.2,0.0,15.8,56,Delhi
2015-04-13,29.2,18.9,7.1,17.1,70,Delhi
2015-04-14,29.7,19.1,0.6,13.7,70,Delhi
2015-04-15,31.6,19.3,0.0,16.5,63,Delhi
2015-04-16,31.4,20.5,0.0,11.9,62,Delhi
2015-04-17,34.9,19.7,0.0,18.5,56,Delhi
2015-04-18,37.1,21.0,0.0,12.4,46,Delhi
2015-04-19,39.4,21.2,0.0,12.1,39,Delhi
2015-04-20,38.7,24.6,0.1,16.1,38,Delhi
2015-04-21,38.6,22.4,0.0,19.3,36,Delhi
2015-04-22,38.2,22.1,0.0,18.1,27,Delhi
2015-04-23,38.7,21.6,0.0,10.7,24,Delhi
2015-04-24,39.3,22.4,0.0,10.2,27,Delhi
2015-04-25,37.0,23.5,0.3,25.6,36,Delhi
2015-04-26,34.4,23.2,0.0,24.4,49,Delhi
2015-04-27,36.5,23.8,0.9,21.1,50,Delhi
2015-04-28,37.2,24.1,3.9,18.8,50,Delhi
2015-04-29,36.6,23.2,0.0,14.9,46,Delhi
2015-04-30,38.1,22.8,1.1,27.3,46,Delhi
2015-05-01,36.5,24.1,0.0,21.4,40,Delhi
2015-05-02,37.3,22.0,0.0,18.0,29,Delhi
2015-05-03,38.0,21.0,0.0,11.3,25,Delhi
2015-05-04,38.9,20.9,0.0,11.1,28,Delhi
2015-05-05,40.0,20.9,0.0,16.3,28,Delhi
2015-05-06,42.5,22.4,0.0,17.4,27,Delhi
2015-05-07,42.7,24.1,0.0,21.6,25,Delhi
2015-05-08,42.1,26.7,0.0,14.4,18,Delhi
2015-05-09,40.8,26.8,0.0,11.6,23,Delhi
2015-05-10,41.7,25.1,0.0,14.7,25,Delhi
2015-05-11,39.6,25.4,0.8,13.7,34,Delhi
2015-05-12,36.3,25.8,1.3,24.4,48,Delhi
2015-05-13,35.7,26.1,5.8,11.0,60,Delhi
2015-05-14,35.8,24.3,1.3,10.2,58,Delhi
2015-05-15,36.6,24.4,3.5,16.6,50,Delhi
2015-05-16,35.9,23.3,0.0,7.4,55,Delhi
2015-05-17,37.9,24.7,0.0,9.5,47,Delhi
2015-05-18,41.2,27.6,0.3,11.3,39,Delhi
2015-05-19,41.5,26.8,1.4,23.7,31,Delhi
2015-05-20,40.3,26.3,0.0,16.4,31,Delhi
2015-05-21,41.7,24.6,0.0,18.4,27,Delhi
2015-05-22,42.6,26.2,0.0,16.4,23,Delhi
2015-05-23,43.2,25.5,0.0,15.1,22,Delhi
2015-05-24,42.8,27.1,0.0,15.2,23,Delhi
2015-05-25,44.1,26.2,0.0,13.6,21,Delhi
2015-05-26,44.0,27.7,0.0,15.1,18,Delhi
2015-05-27,41.8,26.1,0.0,16.0,17,Delhi
2015-05-28,41.2,25.1,0.0,10.5,21,Delhi
2015-05-29,41.7,27.0,0.0,12.6,26,Delhi
2015-05-30,41.5,27.7,0.0,14.6,27,Delhi
2015-05-31,41.5,26.9,0.1,20.5,25,Delhi
2015-06-01,39.8,25.9,0.2,11.3,30,Delhi
2015-06-02,37.8,27.2,0.3,11.2,35,Delhi
2015-06-03,37.9,25.4,0.5,16.2,42,Delhi
2015-06-04,37.5,24.4,0.0,15.3,48,Delhi
2015-06-05,37.9,27.2,0.1,13.0,40,Delhi
2015-06-06,39.0,26.6,0.0,17.1,35,Delhi
2015-06-07,40.4,26.2,0.0,14.5,31,Delhi
2015-06-08,42.5,27.0,0.0,15.5,28,Delhi
2015-06-09,42.6,29.5,0.0,29.3,25,Delhi
2015-06-10,41.4,30.8,0.5,24.9,33,Delhi
2015-06-11,40.2,30.8,0.1,21.3,34,Delhi
2015-06-12,40.6,29.9,0.0,17.9,37,Delhi
2015-06-13,40.1,30.2,2.4,15.9,38,Delhi
2015-06-14,32.9,25.6,3.7,9.9,69,Delhi
2015-06-15,33.9,23.8,5.6,12.4,69,Delhi
2015-06-16,36.5,27.1,0.0,10.4,60,Delhi
2015-06-17,37.6,27.8,0.4,8.4,58,Delhi
2015-06-18,39.1,28.6,0.0,8.4,46,Delhi
2015-06-19,39.2,29.4,0.1,15.0,48,Delhi
2015-06-20,37.2,28.8,1.1,22.3,58,Delhi
2015-06-21,36.4,28.9,1.7,16.6,62,Delhi
2015-06-22,36.9,26.7,0.6,20.5,62,Delhi
2015-06-23,38.2,28.6,0.0,15.7,56,Delhi
2015-06-24,36.4,26.6,16.8,13.9,70,Delhi
2015-06-25,27.2,25.2,32.6,13.5,92,Delhi
2015-06-26,34.7,24.6,0.0,16.4,70,Delhi
2015-06-27,35.9,27.6,0.0,17.4,66,Delhi
2015-06-28,37.2,28.1,0.4,15.2,64,Delhi
2015-06-29,33.8,27.0,0.0,19.0,67,Delhi
2015-06-30,32.9,25.8,0.4,13.1,68,Delhi
2015-07-01,34.8,25.6,0.8,8.3,70,Delhi
2015-07-02,36.0,26.7,0.6,11.9,68,Delhi
2015-07-03,37.2,28.1,0.3,18.9,64,Delhi
2015-07-04,35.8,27.1,0.6,18.6,64,Delhi
2015-07-05,37.3,27.5,12.3,23.8,68,Delhi
2015-07-06,32.6,25.9,6.3,13.1,77,Delhi
2015-07-07,31.5,24.9,14.6,10.6,84,Delhi
2015-07-08,31.9,25.4,16.5,9.7,84,Delhi
2015-07-09,31.8,25.7,18.7,7.8,87,Delhi
2015-07-10,28.2,25.6,61.6,13.7,93,Delhi
2015-07-11,28.0,23.9,44.1,15.8,91,Delhi
2015-07-12,26.9,24.1,6.4,20.0,89,Delhi
2015-07-13,32.0,24.0,1.6,11.4,80,Delhi
2015-07-14,32.9,26.2,0.8,19.1,77,Delhi
2015-07-15,34.8,27.4,0.0,23.6,70,Delhi
2015-07-16,34.3,26.5,2.3,15.9,69,Delhi
2015-07-17,31.3,26.2,35.2,14.2,86,Delhi
2015-07-18,32.7,26.4,5.3,9.3,83,Delhi
2015-07-19,32.3,26.3,12.5,8.8,84,Delhi
2015-07-20,30.8,25.5,17.4,9.8,88,Delhi
2015-07-21,32.1,26.0,3.4,15.6,81,Delhi
2015-07-22,31.9,26.9,1.8,12.9,82,Delhi
2015-07-23,32.1,27.2,0.3,18.0,76,Delhi
2015-07-24,31.5,26.8,5.6,15.5,80,Delhi
2015-07-25,32.1,26.1,3.2,16.2,81,Delhi
2015-07-26,31.0,26.4,1.6,30.8,77,Delhi
2015-07-27,30.7,24.3,0.0,19.9,75,Delhi
2015-07-28,31.1,24.7,0.2,16.9,75,Delhi
2015-07-29,29.6,24.9,0.0,23.4,74,Delhi
2015-07-30,30.2,25.2,2.1,16.3,79,Delhi
2015-07-31,30.4,25.7,0.5,17.3,76,Delhi
2015-08-01,29.4,25.4,5.5,10.8,84,Delhi
2015-08-02,31.2,25.5,2.3,6.2,83,Delhi
2015-08-03,33.0,25.7,0.7,11.1,81,Delhi
2015-08-04,33.0,25.7,1.3,10.2,80,Delhi
2015-08-05,32.3,25.7,7.2,9.4,87,Delhi
2015-08-06,32.0,26.1,10.8,8.6,87,Delhi
2015-08-07,32.2,25.9,8.4,8.4,89,Delhi
2015-08-08,27.5,24.7,29.1,12.8,94,Delhi
2015-08-09,28.4,24.4,53.0,13.1,93,Delhi
2015-08-10,31.2,25.5,6.8,7.9,88,Delhi
2015-08-11,29.4,25.6,11.1,14.9,91,Delhi
2015-08-12,31.7,25.8,0.5,13.1,83,Delhi
2015-08-13,33.1,26.2,0.5,8.7,83,Delhi
2015-08-14,32.0,26.0,6.4,9.7,85,Delhi
2015-08-15,30.4,26.3,11.1,11.8,88,Delhi
2015-08-16,29.9,25.4,6.5,5.6,89,Delhi
2015-08-17,32.7,25.1,0.3,6.6,83,Delhi
2015-08-18,33.6,26.0,3.2,13.6,84,Delhi
2015-08-19,33.0,25.8,1.8,19.1,78,Delhi
2015-08-20,32.0,26.7,0.0,20.9,71,Delhi
2015-08-21,31.8,25.7,0.3,16.4,73,Delhi
2015-08-22,31.3,25.2,2.6,12.1,76,Delhi
2015-08-23,32.5,24.5,5.1,10.5,82,Delhi
2015-08-24,32.9,25.4,0.4,15.0,76,Delhi
2015-08-25,33.7,26.4,0.0,19.2,71,Delhi
2015-08-26,33.9,26.6,0.0,15.4,72,Delhi
2015-08-27,33.3,26.3,1.6,8.7,79,Delhi
2015-08-28,33.4,25.1,0.7,13.1,82,Delhi
2015-08-29,33.9,26.5,0.0,12.2,78,Delhi
2015-08-30,34.3,26.1,0.2,13.9,75,Delhi
2015-08-31,34.3,26.4,0.0,18.3,68,Delhi
2015-09-01,34.5,25.6,0.0,19.3,63,Delhi
2015-09-02,33.8,25.5,0.0,19.2,59,Delhi
2015-09-03,34.4,25.2,0.0,16.6,57,Delhi
2015-09-04,34.8,24.0,0.0,14.6,61,Delhi
2015-09-05,34.8,23.2,0.0,19.4,60,Delhi
2015-09-06,34.8,23.3,0.0,16.6,57,Delhi
2015-09-07,34.7,24.2,0.0,16.1,55,Delhi
2015-09-08,35.1,23.0,0.0,19.5,58,Delhi
2015-09-09,35.4,23.8,0.0,19.1,56,Delhi
2015-09-10,35.9,22.1,0.0,15.9,60,Delhi
2015-09-11,35.4,21.9,0.0,15.2,61,Delhi
2015-09-12,34.9,22.6,0.3,8.4,69,Delhi
2015-09-13,35.4,25.1,0.0,8.1,69,Delhi
2015-09-14,36.3,24.1,0.0,12.4,62,Delhi
2015-09-15,35.5,24.5,0.0,9.4,63,Delhi
2015-09-16,35.0,25.7,0.0,10.7,66,Delhi
2015-09-17,34.4,24.7,0.4,9.5,72,Delhi
2015-09-18,33.4,26.7,1.6,17.4,72,Delhi
2015-09-19,32.5,24.6,24.3,10.4,84,Delhi
2015-09-20,33.7,26.1,5.0,10.0,83,Delhi
2015-09-21,32.0,25.3,9.5,10.4,85,Delhi
2015-09-22,32.1,25.2,2.0,18.9,79,Delhi
2015-09-23,30.5,24.0,0.3,18.6,75,Delhi
2015-09-24,31.2,23.9,0.0,20.9,67,Delhi
2015-09-25,31.3,22.4,0.0,16.0,67,Delhi
2015-09-26,32.5,22.3,0.0,10.5,66,Delhi
2015-09-27,33.2,22.4,0.0,11.4,64,Delhi
2015-09-28,32.5,21.5,0.0,10.8,66,Delhi
2015-09-29,33.0,19.9,0.0,14.7,63,Delhi
2015-09-30,33.2,20.4,0.0,13.1,57,Delhi
2015-10-01,33.2,19.6,0.0,9.5,60,Delhi
2015-10-02,34.1,18.4,0.0,13.8,57,Delhi
2015-10-03,35.0,19.7,0.0,12.2,57,Delhi
2015-10-04,35.5,20.2,0.0,8.3,57,Delhi
2015-10-05,35.3,20.5,0.0,8.9,55,Delhi
2015-10-06,34.9,20.6,0.0,12.2,53,Delhi
2015-10-07,34.5,22.1,0.0,12.2,56,Delhi
2015-10-08,34.9,22.3,0.0,15.2,54,Delhi
2015-10-09,35.6,21.0,0.0,19.4,50,Delhi
2015-10-10,36.3,21.3,0.0,17.9,40,Delhi
2015-10-11,35.5,22.1,0.0,12.7,46,Delhi
2015-10-12,34.0,21.2,0.0,14.3,52,Delhi
2015-10-13,32.7,23.6,0.4,16.3,69,Delhi
2015-10-14,32.9,22.3,7.3,14.5,74,Delhi
2015-10-15,32.1,21.3,0.0,11.3,70,Delhi
2015-10-16,32.9,21.8,0.0,9.5,68,Delhi
2015-10-17,33.4,21.5,0.0,10.0,66,Delhi
2015-10-18,33.1,22.4,0.0,7.9,63,Delhi
2015-10-19,34.1,21.9,1.1,8.6,64,Delhi
2015-10-20,34.0,21.3,0.3,13.8,55,Delhi
2015-10-21,32.6,20.3,0.0,10.3,53,Delhi
2015-10-22,31.8,18.3,0.0,14.1,48,Delhi
2015-10-23,31.6,17.0,0.0,12.6,49,Delhi
2015-10-24,31.5,18.8,0.0,8.0,51,Delhi
2015-10-25,32.0,19.9,0.0,15.8,52,Delhi
2015-10-26,30.8,19.4,1.5,14.4,57,Delhi
2015-10-27,29.9,18.2,0.0,8.2,54,Delhi
2015-10-28,27.4,17.0,5.5,17.7,72,Delhi
2015-10-29,26.5,14.9,0.0,10.2,65,Delhi
2015-10-30,27.6,15.5,0.0,9.2,71,Delhi
2015-10-31,28.2,16.2,0.0,7.8,66,Delhi
2015-11-01,29.2,18.1,0.0,9.2,64,Delhi
2015-11-02,29.2,17.0,0.0,7.6,65,Delhi
2015-11-03,28.4,17.9,0.0,10.0,67,Delhi
2015-11-04,28.8,17.6,0.0,7.4,65,Delhi
2015-11-05,27.7,19.6,0.2,16.2,67,Delhi
2015-11-06,27.7,19.3,0.0,8.0,68,Delhi
2015-11-07,27.9,17.3,0.0,7.2,73,Delhi
2015-11-08,28.4,18.3,0.0,10.0,73,Delhi
2015-11-09,28.5,17.6,0.0,8.2,69,Delhi
2015-11-10,28.9,17.6,0.6,10.8,66,Delhi
2015-11-11,28.5,17.0,0.0,16.3,54,Delhi
2015-11-12,28.7,16.9,0.0,13.6,52,Delhi
2015-11-13,29.6,16.4,0.0,14.3,59,Delhi
2015-11-14,29.7,17.9,0.0,13.2,58,Delhi
2015-11-15,29.5,16.1,0.0,7.7,56,Delhi
2015-11-16,28.7,18.2,1.0,12.8,53,Delhi
2015-11-17,27.5,14.6,0.0,14.7,44,Delhi
2015-11-18,26.9,11.3,0.0,10.9,47,Delhi
2015-11-19,26.7,12.1,0.0,9.9,53,Delhi
2015-11-20,26.6,12.2,0.0,8.6,62,Delhi
2015-11-21,26.5,12.2,0.0,8.2,60,Delhi
2015-11-22,26.5,12.2,0.0,8.7,62,Delhi
2015-11-23,26.6,11.4,0.0,8.4,62,Delhi
2015-11-24,27.3,12.5,0.0,12.5,56,Delhi
2015-11-25,27.6,14.2,0.0,16.7,50,Delhi
2015-11-26,27.1,12.6,0.0,9.0,50,Delhi
2015-11-27,24.6,13.7,0.0,11.4,69,Delhi
2015-11-28,24.8,16.4,0.0,15.2,68,Delhi
2015-11-29,26.1,13.5,0.0,7.3,67,Delhi
2015-11-30,27.0,16.1,0.0,7.9,72,Delhi
2015-12-01,26.8,15.5,0.0,8.8,69,Delhi
2015-12-02,25.1,15.7,0.0,9.5,64,Delhi
2015-12-03,24.6,12.4,0.0,14.1,65,Delhi
2015-12-04,25.5,13.1,0.0,12.1,63,Delhi
2015-12-05,25.2,11.0,0.0,8.5,67,Delhi
2015-12-06,25.1,12.3,0.0,10.3,67,Delhi
2015-12-07,24.7,12.0,0.0,10.0,71,Delhi
2015-12-08,25.3,13.9,0.0,9.5,70,Delhi
2015-12-09,23.9,12.8,0.0,16.4,72,Delhi
2015-12-10,25.4,14.2,0.2,11.6,73,Delhi
2015-12-11,23.1,13.2,0.0,11.7,65,Delhi
2015-12-12,19.8,10.0,0.0,12.5,65,Delhi
2015-12-13,19.8,9.2,0.0,9.9,63,Delhi
2015-12-14,20.2,8.4,0.0,14.5,53,Delhi
2015-12-15,21.0,8.1,0.0,14.8,52,Delhi
2015-12-16,20.2,5.4,0.0,10.5,57,Delhi
2015-12-17,20.0,6.3,0.0,9.4,63,Delhi
2015-12-18,20.5,7.3,0.0,14.4,62,Delhi
2015-12-19,20.5,7.5,0.0,10.6,60,Delhi
2015-12-20,20.0,7.4,0.0,9.8,62,Delhi
2015-12-21,19.6,6.3,0.0,7.6,63,Delhi
2015-12-22,19.8,7.3,0.0,7.2,68,Delhi
2015-12-23,19.5,6.2,0.0,11.0,67,Delhi
2015-12-24,19.0,8.1,0.0,16.6,59,Delhi
2015-12-25,19.3,6.1,0.0,14.4,53,Delhi
2015-12-26,21.1,7.8,0.0,15.7,49,Delhi
2015-12-27,22.2,9.3,0.0,16.5,55,Delhi
2015-12-28,23.7,12.2,0.0,16.9,54,Delhi
2015-12-29,23.4,12.2,0.0,18.4,54,Delhi
2015-12-30,23.9,10.0,0.0,9.8,61,Delhi
2015-12-31,23.1,8.7,0.0,10.2,66,Delhi
2016-01-01,22.3,9.3,0.0,9.7,68,Delhi
2016-01-02,22.0,7.3,0.0,10.7,66,Delhi
2016-01-03,22.6,8.7,0.0,13.9,63,Delhi
2016-01-04,22.9,8.4,0.0,10.0,66,Delhi
2016-01-05,24.5,12.5,0.0,8.8,69,Delhi
2016-01-06,24.2,13.0,0.5,10.4,75,Delhi
2016-01-07,24.1,11.8,0.0,8.6,75,Delhi
2016-01-08,23.1,12.2,0.0,16.1,75,Delhi
2016-01-09,21.8,10.7,0.0,19.0,63,Delhi
2016-01-10,22.5,9.1,0.0,10.3,68,Delhi
2016-01-11,23.0,9.9,0.0,9.2,72,Delhi
2016-01-12,23.9,10.2,0.0,14.0,71,Delhi
2016-01-13,21.8,10.9,0.0,9.2,76,Delhi
2016-01-14,19.3,9.6,0.0,8.7,77,Delhi
2016-01-15,18.8,8.5,0.0,13.7,75,Delhi
2016-01-16,18.7,8.8,0.0,16.1,74,Delhi
2016-01-17,18.4,7.6,0.0,8.8,77,Delhi
2016-01-18,18.5,7.1,0.0,7.6,78,Delhi
2016-01-19,18.6,7.1,0.0,9.6,75,Delhi
2016-01-20,17.5,7.2,0.0,9.8,73,Delhi
2016-01-21,17.8,6.0,0.0,13.2,75,Delhi
2016-01-22,18.2,4.8,0.0,8.9,76,Delhi
2016-01-23,19.4,5.9,0.0,8.6,77,Delhi
2016-01-24,18.7,6.5,0.0,8.4,78,Delhi
2016-01-25,17.1,5.0,0.0,8.7,80,Delhi
2016-01-26,19.6,7.2,0.0,8.6,75,Delhi
2016-01-27,22.2,10.3,0.0,8.3,74,Delhi
2016-01-28,22.6,9.4,0.0,11.3,72,Delhi
2016-01-29,24.0,11.4,0.2,8.2,72,Delhi
2016-01-30,25.5,13.7,0.5,8.4,73,Delhi
2016-01-31,22.1,12.8,0.0,14.0,77,Delhi
2016-02-01,22.1,9.7,0.0,12.5,65,Delhi
2016-02-02,20.9,7.4,0.0,15.3,58,Delhi
2016-02-03,21.5,8.3,0.0,20.6,53,Delhi
2016-02-04,22.3,8.3,0.0,13.8,52,Delhi
2016-02-05,22.8,6.9,0.0,10.8,58,Delhi
2016-02-06,23.1,7.1,0.0,12.2,59,Delhi
2016-02-07,19.6,12.1,4.0,13.7,74,Delhi
2016-02-08,21.7,8.6,0.0,11.0,74,Delhi
2016-02-09,22.9,9.5,0.0,10.1,69,Delhi
2016-02-10,23.4,9.1,0.0,9.7,67,Delhi
2016-02-11,24.7,12.2,0.0,16.1,56,Delhi
2016-02-12,24.2,9.4,0.0,11.2,65,Delhi
2016-02-13,22.0,11.8,0.7,15.1,62,Delhi
2016-02-14,23.6,9.3,0.0,11.1,65,Delhi
2016-02-15,22.3,9.4,0.0,9.3,60,Delhi
2016-02-16,23.3,8.9,0.0,9.7,55,Delhi
2016-02-17,25.6,11.0,0.2,11.8,54,Delhi
2016-02-18,27.0,14.7,1.4,11.5,61,Delhi
2016-02-19,28.8,17.0,0.0,8.4,66,Delhi
2016-02-20,25.9,18.1,14.4,12.3,75,Delhi
2016-02-21,25.4,14.6,0.0,19.7,65,Delhi
2016-02-22,26.1,13.0,0.0,22.8,52,Delhi
2016-02-23,26.9,12.4,0.0,15.8,54,Delhi
2016-02-24,26.7,11.3,0.0,9.0,58,Delhi
2016-02-25,27.3,11.4,0.0,10.3,59,Delhi
2016-02-26,27.4,13.7,0.0,10.3,59,Delhi
2016-02-27,27.3,12.1,0.0,9.8,60,Delhi
2016-02-28,28.0,14.9,0.0,9.2,61,Delhi
2016-02-29,28.0,15.0,0.0,9.8,62,Delhi
2016-03-01,28.6,16.1,0.0,10.0,62,Delhi
2016-03-02,30.5,15.6,0.0,9.5,62,Delhi
2016-03-03,31.4,15.9,0.2,9.4,60,Delhi
2016-03-04,31.9,16.2,0.0,10.6,51,Delhi
2016-03-05,29.8,17.0,12.2,18.5,59,Delhi
2016-03-06,25.9,16.0,2.6,17.1,75,Delhi
2016-03-07,27.7,15.0,0.0,11.4,69,Delhi
2016-03-08,27.6,16.3,0.0,11.2,66,Delhi
2016-03-09,28.0,14.9,0.0,13.1,63,Delhi
2016-03-10,29.7,15.1,0.0,13.5,62,Delhi
2016-03-11,30.9,18.0,2.2,13.5,65,Delhi
2016-03-12,28.4,17.5,22.2,16.7,77,Delhi
2016-03-13,27.2,16.3,0.0,20.7,71,Delhi
2016-03-14,25.1,16.2,0.9,10.6,77,Delhi
2016-03-15,27.3,14.4,0.0,12.8,66,Delhi
2016-03-16,27.6,14.0,0.0,16.9,56,Delhi
2016-03-17,29.8,16.3,0.1,15.5,56,Delhi
2016-03-18,29.3,18.6,0.0,16.1,59,Delhi
2016-03-19,30.7,17.7,0.5,10.2,60,Delhi
2016-03-20,31.4,18.1,0.0,13.8,56,Delhi
2016-03-21,30.5,17.5,0.0,24.2,45,Delhi
2016-03-22,29.8,16.2,0.0,26.7,36,Delhi
2016-03-23,31.9,16.2,0.0,17.7,39,Delhi
2016-03-24,33.4,16.3,0.0,10.9,47,Delhi
2016-03-25,34.7,17.1,0.0,10.4,50,Delhi
2016-03-26,32.3,18.7,0.0,19.1,53,Delhi
2016-03-27,31.7,18.4,0.0,15.2,45,Delhi
2016-03-28,31.7,16.6,0.0,15.9,41,Delhi
2016-03-29,32.0,18.1,0.0,13.6,42,Delhi
2016-03-30,34.4,17.9,0.0,11.2,45,Delhi
2016-03-31,36.3,19.2,0.0,10.8,40,Delhi
2016-04-01,36.5,21.9,0.0,13.9,39,Delhi
2016-04-02,37.6,21.4,0.0,11.6,41,Delhi
2016-04-03,38.5,24.3,1.8,10.2,44,Delhi
2016-04-04,37.1,23.3,0.0,15.5,34,Delhi
2016-04-05,35.9,21.5,0.0,17.2,37,Delhi
2016-04-06,35.1,22.5,0.0,10.9,30,Delhi
2016-04-07,34.8,19.8,0.0,17.6,37,Delhi
2016-04-08,34.8,17.8,0.0,9.7,38,Delhi
2016-04-09,36.3,20.2,0.0,14.3,27,Delhi
2016-04-10,36.3,24.0,0.0,11.5,29,Delhi
2016-04-11,34.9,21.2,0.0,20.4,33,Delhi
2016-04-12,34.5,21.2,0.0,22.7,33,Delhi
2016-04-13,36.7,22.7,0.0,26.2,30,Delhi
2016-04-14,38.5,22.7,0.0,20.1,29,Delhi
2016-04-15,39.8,22.4,0.0,18.9,31,Delhi
2016-04-16,41.0,24.5,0.0,14.8,30,Delhi
2016-04-17,39.7,26.5,0.0,14.1,26,Delhi
2016-04-18,38.5,26.3,0.0,10.0,32,Delhi
2016-04-19,37.8,25.7,0.1,12.3,37,Delhi
2016-04-20,38.8,23.7,0.0,19.9,26,Delhi
2016-04-21,38.9,24.9,0.0,24.5,23,Delhi
2016-04-22,38.6,24.3,0.0,11.7,25,Delhi
2016-04-23,36.7,22.6,0.0,17.2,24,Delhi
2016-04-24,37.1,19.2,0.0,17.9,21,Delhi
2016-04-25,38.1,21.0,0.0,13.1,19,Delhi
2016-04-26,38.5,21.5,0.2,10.7,23,Delhi
2016-04-27,39.7,22.0,0.0,16.9,22,Delhi
2016-04-28,39.6,22.1,0.0,17.1,19,Delhi
2016-04-29,39.4,22.3,0.0,18.6,19,Delhi
2016-04-30,39.9,21.0,0.0,12.5,21,Delhi
2016-05-01,41.2,23.3,0.0,18.3,20,Delhi
2016-05-02,42.5,24.9,0.4,12.2,19,Delhi
2016-05-03,38.0,27.5,1.6,16.4,32,Delhi
2016-05-04,38.9,24.8,1.0,20.6,48,Delhi
2016-05-05,34.6,24.8,0.1,20.6,50,Delhi
2016-05-06,34.1,23.6,0.0,9.4,54,Delhi
2016-05-07,36.0,24.6,0.0,11.4,41,Delhi
2016-05-08,37.2,25.4,0.0,14.6,45,Delhi
2016-05-09,38.8,26.2,0.5,21.7,42,Delhi
2016-05-10,38.0,26.6,1.0,23.4,46,Delhi
2016-05-11,37.0,26.6,0.2,17.9,51,Delhi
2016-05-12,39.0,25.4,0.0,14.7,49,Delhi
2016-05-13,41.0,27.9,0.0,16.8,30,Delhi
2016-05-14,41.2,27.4,0.0,9.4,30,Delhi
2016-05-15,42.3,26.6,0.0,12.5,29,Delhi
2016-05-16,42.7,26.6,0.0,17.6,25,Delhi
2016-05-17,42.7,26.3,0.0,18.9,22,Delhi
2016-05-18,43.1,25.6,0.0,13.5,23,Delhi
2016-05-19,41.6,27.7,0.3,22.6,36,Delhi
2016-05-20,40.2,29.4,0.3,24.6,43,Delhi
2016-05-21,41.1,27.3,0.0,21.5,53,Delhi
2016-05-22,42.1,28.2,1.8,19.3,47,Delhi
2016-05-23,40.9,26.1,4.5,19.1,52,Delhi
2016-05-24,38.0,26.5,1.8,17.7,59,Delhi
2016-05-25,39.4,25.2,0.6,17.5,53,Delhi
2016-05-26,39.8,25.4,0.0,13.8,49,Delhi
2016-05-27,40.9,28.5,2.0,20.1,37,Delhi
2016-05-28,40.4,28.9,2.3,22.1,37,Delhi
2016-05-29,36.2,26.9,6.9,18.9,54,Delhi
2016-05-30,33.0,24.0,3.4,16.4,68,Delhi
2016-05-31,38.1,25.1,0.2,13.2,57,Delhi
2016-06-01,40.2,27.0,0.0,14.8,48,Delhi
2016-06-02,41.0,28.1,0.0,16.8,37,Delhi
2016-06-03,41.8,26.5,0.5,15.8,42,Delhi
2016-06-04,42.4,27.7,0.0,14.3,45,Delhi
2016-06-05,40.8,29.0,3.3,21.5,55,Delhi
2016-06-06,40.0,29.3,2.6,19.3,53,Delhi
2016-06-07,39.6,29.2,1.1,18.0,52,Delhi
2016-06-08,40.5,28.9,0.7,14.2,51,Delhi
2016-06-09,40.2,28.7,0.2,15.4,51,Delhi
2016-06-10,41.6,29.2,2.6,21.7,50,Delhi
2016-06-11,39.4,28.9,0.1,16.6,50,Delhi
2016-06-12,38.9,27.0,3.6,14.7,53,Delhi
2016-06-13,40.2,29.3,0.7,22.0,47,Delhi
2016-06-14,37.5,26.9,1.8,16.2,61,Delhi
2016-06-15,36.7,28.5,1.5,15.2,65,Delhi
2016-06-16,36.8,28.0,0.0,20.6,61,Delhi
2016-06-17,37.5,27.1,0.2,17.1,62,Delhi
2016-06-18,36.4,26.4,14.8,15.3,67,Delhi
2016-06-19,36.3,28.9,0.3,15.5,64,Delhi
2016-06-20,36.5,29.2,0.0,18.2,63,Delhi
2016-06-21,36.2,27.7,1.8,15.9,72,Delhi
2016-06-22,35.2,26.7,1.4,12.3,69,Delhi
2016-06-23,37.7,27.8,0.0,10.5,63,Delhi
2016-06-24,38.8,28.6,0.6,12.8,58,Delhi
2016-06-25,38.9,29.9,0.0,17.3,59,Delhi
2016-06-26,36.5,27.3,3.1,15.8,65,Delhi
2016-06-27,37.0,27.0,3.3,14.6,67,Delhi
2016-06-28,34.2,26.2,10.4,14.5,77,Delhi
2016-06-29,36.1,27.1,10.5,13.4,70,Delhi
2016-06-30,37.8,27.9,0.4,14.1,66,Delhi
2016-07-01,36.0,27.2,23.3,16.4,73,Delhi
2016-07-02,30.7,26.0,67.9,13.7,86,Delhi
2016-07-03,30.2,25.4,15.1,13.1,91,Delhi
2016-07-04,32.7,25.3,1.2,6.6,81,Delhi
2016-07-05,34.7,26.9,0.3,9.5,75,Delhi
2016-07-06,33.4,27.1,2.6,12.0,79,Delhi
2016-07-07,33.5,26.6,1.5,13.7,76,Delhi
2016-07-08,34.4,27.1,2.5,10.1,76,Delhi
2016-07-09,34.5,27.4,1.3,11.1,76,Delhi
2016-07-10,34.4,27.6,0.0,8.7,75,Delhi
2016-07-11,33.0,26.8,4.3,13.5,82,Delhi
2016-07-12,32.0,26.0,15.6,15.5,83,Delhi
2016-07-13,33.0,26.9,3.9,13.3,80,Delhi
2016-07-14,32.7,27.1,22.2,6.7,86,Delhi
2016-07-15,32.1,25.6,31.3,14.1,89,Delhi
2016-07-16,27.4,25.8,75.4,8.2,95,Delhi
2016-07-17,26.8,25.4,50.8,14.0,94,Delhi
2016-07-18,32.8,25.0,5.7,16.0,85,Delhi
2016-07-19,34.1,25.8,1.9,18.8,78,Delhi
2016-07-20,34.8,27.4,0.0,17.4,70,Delhi
2016-07-21,35.3,28.4,0.5,14.4,69,Delhi
2016-07-22,34.6,26.9,0.6,12.8,73,Delhi
2016-07-23,32.0,26.9,5.0,12.7,81,Delhi
2016-07-24,32.3,25.7,3.1,10.2,83,Delhi
2016-07-25,33.1,25.5,7.4,8.6,84,Delhi
2016-07-26,31.3,26.0,4.2,15.5,87,Delhi
2016-07-27,29.5,25.7,6.5,20.3,86,Delhi
2016-07-28,30.0,24.9,18.9,12.2,89,Delhi
2016-07-29,27.0,24.7,18.7,8.7,94,Delhi
2016-07-30,29.6,24.8,8.3,11.2,90,Delhi
2016-07-31,29.0,24.7,7.6,8.7,89,Delhi
2016-08-01,29.2,25.1,12.5,16.4,89,Delhi
2016-08-02,31.9,24.7,10.6,13.3,86,Delhi
2016-08-03,32.9,25.7,0.0,15.6,79,Delhi
2016-08-04,33.6,27.2,4.8,13.5,79,Delhi
2016-08-05,33.7,27.3,1.1,10.3,80,Delhi
2016-08-06,31.3,27.1,1.0,17.4,85,Delhi
2016-08-07,33.0,26.0,2.7,14.2,80,Delhi
2016-08-08,32.5,26.8,4.7,17.6,81,Delhi
2016-08-09,30.5,25.9,6.3,18.4,85,Delhi
2016-08-10,30.4,25.8,10.5,14.7,88,Delhi
2016-08-11,30.4,25.2,14.1,10.3,90,Delhi
2016-08-12,30.7,25.1,11.9,8.6,89,Delhi
2016-08-13,31.8,25.3,11.4,5.8,88,Delhi
2016-08-14,30.9,25.3,13.9,12.5,89,Delhi
2016-08-15,33.1,25.9,2.6,15.8,80,Delhi
2016-08-16,33.4,26.0,0.8,17.4,73,Delhi
2016-08-17,29.8,26.4,0.2,17.7,76,Delhi
2016-08-18,30.1,25.8,7.1,7.6,87,Delhi
2016-08-19,32.3,25.9,1.3,10.5,82,Delhi
2016-08-20,31.6,26.3,2.9,22.1,80,Delhi
2016-08-21,30.6,25.4,0.0,16.7,78,Delhi
2016-08-22,31.6,24.2,0.0,16.1,79,Delhi
2016-08-23,31.0,25.8,0.1,11.3,82,Delhi
2016-08-24,29.7,26.1,12.8,19.1,85,Delhi
2016-08-25,32.3,25.5,1.3,11.0,85,Delhi
2016-08-26,32.9,26.1,1.5,11.7,82,Delhi
2016-08-27,32.5,25.0,6.5,14.5,86,Delhi
2016-08-28,32.9,26.3,6.3,12.3,84,Delhi
2016-08-29,31.7,25.5,13.7,12.2,89,Delhi
2016-08-30,31.4,24.4,24.3,7.5,88,Delhi
2016-08-31,30.0,25.0,18.5,9.4,91,Delhi
2016-09-01,31.3,24.5,7.3,8.8,88,Delhi
2016-09-02,31.7,25.1,0.4,17.3,80,Delhi
2016-09-03,31.3,25.6,0.2,21.4,74,Delhi
2016-09-04,32.0,24.7,0.0,16.3,73,Delhi
2016-09-05,31.6,24.4,0.1,17.8,72,Delhi
2016-09-06,31.6,25.3,0.0,21.5,70,Delhi
2016-09-07,32.1,24.9,0.0,16.6,68,Delhi
2016-09-08,32.1,25.2,0.1,16.3,68,Delhi
2016-09-09,33.0,25.1,0.0,16.0,68,Delhi
2016-09-10,33.1,25.5,0.0,17.1,65,Delhi
2016-09-11,32.9,25.4,0.0,15.6,64,Delhi
2016-09-12,32.5,25.5,0.0,16.2,65,Delhi
2016-09-13,33.0,25.1,0.0,9.2,70,Delhi
2016-09-14,31.9,24.2,0.1,9.2,79,Delhi
2016-09-15,33.1,25.0,0.0,8.8,75,Delhi
2016-09-16,33.6,25.2,0.0,11.6,73,Delhi
2016-09-17,32.7,24.0,0.0,7.4,73,Delhi
2016-09-18,33.0,24.5,0.0,11.2,76,Delhi
2016-09-19,33.2,24.4,0.0,6.9,74,Delhi
2016-09-20,34.6,25.3,0.0,7.6,67,Delhi
2016-09-21,34.4,26.1,0.0,15.9,72,Delhi
2016-09-22,30.2,23.9,2.0,19.2,84,Delhi
2016-09-23,31.9,22.9,0.0,9.0,78,Delhi
2016-09-24,31.8,24.5,0.2,9.4,78,Delhi
2016-09-25,31.7,23.6,0.0,9.0,76,Delhi
2016-09-26,32.5,24.3,0.2,10.2,75,Delhi
2016-09-27,32.8,24.4,0.0,10.7,75,Delhi
2016-09-28,33.7,24.2,0.0,9.8,70,Delhi
2016-09-29,33.2,24.9,0.1,9.0,74,Delhi
2016-09-30,33.5,24.4,0.0,8.2,72,Delhi
2016-10-01,33.7,25.6,0.0,10.7,71,Delhi
2016-10-02,33.8,26.3,0.3,9.3,73,Delhi
2016-10-03,33.1,25.4,1.7,12.2,77,Delhi
2016-10-04,33.0,25.5,1.7,7.6,78,Delhi
2016-10-05,31.4,24.7,7.7,8.5,81,Delhi
2016-10-06,31.8,24.3,0.0,7.1,78,Delhi
2016-10-07,33.6,24.2,0.0,11.7,72,Delhi
2016-10-08,33.9,23.1,0.0,15.6,65,Delhi
2016-10-09,34.0,21.7,0.0,10.0,64,Delhi
2016-10-10,32.6,22.7,0.0,10.7,58,Delhi
2016-10-11,33.4,19.7,0.0,14.3,52,Delhi
2016-10-12,33.7,19.3,0.0,15.3,50,Delhi
2016-10-13,34.0,18.3,0.0,14.8,47,Delhi
2016-10-14,33.3,17.3,0.0,11.3,47,Delhi
2016-10-15,32.9,17.5,0.0,11.8,53,Delhi
2016-10-16,33.1,17.9,0.0,10.2,52,Delhi
2016-10-17,33.1,18.4,0.0,12.2,52,Delhi
2016-10-18,32.6,17.2,0.0,11.5,52,Delhi
2016-10-19,32.9,17.1,0.0,10.2,53,Delhi
2016-10-20,33.6,18.7,0.0,14.2,42,Delhi
2016-10-21,33.3,19.7,0.0,15.8,43,Delhi
2016-10-22,33.6,19.8,0.0,17.4,46,Delhi
2016-10-23,32.7,18.8,0.0,20.6,49,Delhi
2016-10-24,32.6,18.4,0.0,17.6,49,Delhi
2016-10-25,32.8,19.4,0.0,16.6,49,Delhi
2016-10-26,32.7,17.3,0.0,13.0,55,Delhi
2016-10-27,31.7,16.2,0.0,13.1,55,Delhi
2016-10-28,30.9,16.7,0.0,11.9,49,Delhi
2016-10-29,30.9,17.9,0.0,8.9,50,Delhi
2016-10-30,30.2,16.4,0.0,9.4,62,Delhi
2016-10-31,29.6,18.8,0.0,9.6,62,Delhi
2016-11-01,29.3,15.8,0.0,9.6,64,Delhi
2016-11-02,29.7,16.2,0.0,9.4,64,Delhi
2016-11-03,29.7,15.5,0.0,8.2,63,Delhi
2016-11-04,29.8,15.4,0.0,10.9,63,Delhi
2016-11-05,29.5,15.7,0.0,15.0,62,Delhi
2016-11-06,29.5,15.0,0.0,10.8,60,Delhi
2016-11-07,29.5,15.6,0.0,16.3,57,Delhi
2016-11-08,29.3,17.1,0.0,17.7,50,Delhi
2016-11-09,29.5,15.1,0.0,13.9,51,Delhi
2016-11-10,29.3,13.3,0.0,10.0,59,Delhi
2016-11-11,28.9,13.7,0.0,9.5,64,Delhi
2016-11-12,29.3,14.7,0.0,10.0,60,Delhi
2016-11-13,28.5,15.6,0.0,8.7,58,Delhi
2016-11-14,27.7,17.0,0.0,8.0,61,Delhi
2016-11-15,27.2,16.9,0.0,9.4,52,Delhi
2016-11-16,27.1,14.0,0.0,12.5,52,Delhi
2016-11-17,27.5,14.0,0.0,18.4,50,Delhi
2016-11-18,27.1,14.4,0.0,14.1,55,Delhi
2016-11-19,26.9,13.1,0.0,9.5,58,Delhi
2016-11-20,27.6,13.2,0.0,10.1,62,Delhi
2016-11-21,28.7,13.0,0.0,10.8,60,Delhi
2016-11-22,28.8,13.2,0.0,14.9,53,Delhi
2016-11-23,28.1,14.8,0.0,12.2,58,Delhi
2016-11-24,27.8,13.0,0.0,15.5,56,Delhi
2016-11-25,28.7,15.3,0.0,23.1,43,Delhi
2016-11-26,29.4,16.9,0.0,22.4,39,Delhi
2016-11-27,29.2,15.7,0.0,20.8,42,Delhi
2016-11-28,28.1,16.1,0.0,16.0,41,Delhi
2016-11-29,26.5,11.2,0.0,9.7,55,Delhi
2016-11-30,26.3,12.2,0.0,9.6,71,Delhi
2016-12-01,26.0,14.2,0.0,9.2,75,Delhi
2016-12-02,25.3,13.7,0.0,9.2,72,Delhi
2016-12-03,25.6,11.5,0.0,8.0,62,Delhi
2016-12-04,25.2,10.8,0.0,9.7,59,Delhi
2016-12-05,25.3,11.3,0.0,10.6,63,Delhi
2016-12-06,25.2,11.4,0.0,9.1,68,Delhi
2016-12-07,24.7,11.0,0.0,6.6,72,Delhi
2016-12-08,24.4,10.9,0.0,7.0,73,Delhi
2016-12-09,25.2,11.4,0.0,8.8,71,Delhi
2016-12-10,25.6,11.8,0.0,9.4,74,Delhi
2016-12-11,25.7,12.7,0.0,9.6,71,Delhi
2016-12-12,25.4,12.4,0.0,9.5,68,Delhi
2016-12-13,24.4,12.2,0.0,12.1,72,Delhi
2016-12-14,23.8,12.5,0.0,12.0,69,Delhi
2016-12-15,23.3,10.9,0.0,18.0,61,Delhi
2016-12-16,22.6,8.4,0.0,9.9,64,Delhi
2016-12-17,22.3,9.1,0.0,11.0,66,Delhi
2016-12-18,22.1,9.0,0.0,10.5,64,Delhi
2016-12-19,23.1,8.7,0.0,15.1,63,Delhi
2016-12-20,24.3,12.1,0.0,21.1,57,Delhi
2016-12-21,24.9,11.7,0.0,18.2,52,Delhi
2016-12-22,23.1,9.9,0.0,11.8,60,Delhi
2016-12-23,23.8,10.3,0.0,5.7,68,Delhi
2016-12-24,23.8,9.5,0.0,12.7,73,Delhi
2016-12-25,21.6,11.9,0.0,13.4,78,Delhi
2016-12-26,22.6,11.4,0.0,13.5,73,Delhi
2016-12-27,22.9,9.7,0.0,12.7,63,Delhi
2016-12-28,23.4,8.4,0.0,9.2,68,Delhi
2016-12-29,23.0,9.6,0.0,10.5,76,Delhi
2016-12-30,22.1,11.2,0.0,11.9,80,Delhi
2016-12-31,21.5,10.6,0.0,13.2,79,Delhi
2017-01-01,22.0,11.3,0.0,13.0,80,Delhi
2017-01-02,21.7,10.7,0.0,10.8,82,Delhi
2017-01-03,22.5,10.4,0.0,9.4,75,Delhi
2017-01-04,23.0,10.3,0.0,9.7,74,Delhi
2017-01-05,23.4,10.9,0.0,9.6,78,Delhi
2017-01-06,23.0,12.4,1.8,18.1,77,Delhi
2017-01-07,19.4,11.4,5.4,16.0,87,Delhi
2017-01-08,18.4,10.6,0.0,11.4,81,Delhi
2017-01-09,19.2,8.4,0.0,12.4,72,Delhi
2017-01-10,16.7,6.4,0.0,17.6,60,Delhi
2017-01-11,16.0,4.6,0.0,17.1,58,Delhi
2017-01-12,16.9,4.2,0.0,11.8,64,Delhi
2017-01-13,17.9,5.0,0.0,12.0,66,Delhi
2017-01-14,18.5,4.4,0.0,10.7,64,Delhi
2017-01-15,20.3,8.3,0.0,10.5,63,Delhi
2017-01-16,19.6,10.5,0.2,15.5,62,Delhi
2017-01-17,16.6,6.0,0.0,12.3,76,Delhi
2017-01-18,19.1,5.2,0.0,11.1,73,Delhi
2017-01-19,20.8,7.1,0.0,16.4,66,Delhi
2017-01-20,19.3,6.5,0.0,14.7,68,Delhi
2017-01-21,19.8,7.3,0.1,12.1,66,Delhi
2017-01-22,22.9,9.7,0.0,9.7,73,Delhi
2017-01-23,23.5,10.6,0.0,12.8,71,Delhi
2017-01-24,24.9,10.4,0.0,10.2,71,Delhi
2017-01-25,25.2,13.7,12.8,22.0,75,Delhi
2017-01-26,19.0,13.7,33.3,19.1,90,Delhi
2017-01-27,17.9,12.4,1.8,19.4,81,Delhi
2017-01-28,19.7,10.1,0.0,13.6,82,Delhi
2017-01-29,21.0,11.0,0.0,16.9,82,Delhi
2017-01-30,20.8,10.1,0.0,8.7,84,Delhi
2017-01-31,21.2,11.1,0.0,12.5,84,Delhi
2017-02-01,20.6,9.8,0.0,11.7,81,Delhi
2017-02-02,21.4,9.2,0.0,11.0,79,Delhi
2017-02-03,22.2,9.3,0.0,10.1,82,Delhi
2017-02-04,22.6,11.7,0.0,22.2,79,Delhi
2017-02-05,21.8,14.6,3.2,23.5,79,Delhi
2017-02-06,21.8,11.8,0.1,16.8,78,Delhi
2017-02-07,20.0,9.7,0.0,16.8,73,Delhi
2017-02-08,21.4,9.2,0.0,10.8,73,Delhi
2017-02-09,20.7,9.5,0.0,17.7,72,Delhi
2017-02-10,21.1,9.9,0.0,18.9,68,Delhi
2017-02-11,21.4,8.0,0.0,11.2,70,Delhi
2017-02-12,22.1,8.4,0.0,10.8,72,Delhi
2017-02-13,23.0,9.9,0.0,12.7,68,Delhi
2017-02-14,24.0,10.2,0.0,14.5,65,Delhi
2017-02-15,25.1,11.1,0.0,13.2,65,Delhi
2017-02-16,27.4,13.3,0.0,18.3,61,Delhi
2017-02-17,27.2,15.0,0.0,16.4,64,Delhi
2017-02-18,28.5,14.2,0.0,15.6,66,Delhi
2017-02-19,28.6,15.1,0.0,16.0,62,Delhi
2017-02-20,29.4,16.4,0.0,15.5,63,Delhi
2017-02-21,25.4,14.7,0.0,18.1,64,Delhi
2017-02-22,25.5,12.9,0.0,11.8,57,Delhi
2017-02-23,24.7,11.4,0.0,22.7,44,Delhi
2017-02-24,25.2,12.4,0.0,27.3,37,Delhi
2017-02-25,26.8,13.1,0.0,24.5,39,Delhi
2017-02-26,26.4,12.9,0.0,20.7,46,Delhi
2017-02-27,27.4,12.2,0.0,16.2,48,Delhi
2017-02-28,29.2,15.3,0.0,9.8,47,Delhi
2017-03-01,28.0,18.4,2.9,11.8,56,Delhi
2017-03-02,27.6,14.5,1.3,14.0,62,Delhi
2017-03-03,26.4,13.5,0.0,16.9,46,Delhi
2017-03-04,25.1,12.2,0.0,17.3,43,Delhi
2017-03-05,26.7,12.0,0.0,20.9,43,Delhi
2017-03-06,26.9,12.5,0.0,19.2,43,Delhi
2017-03-07,27.5,13.5,0.0,14.7,46,Delhi
2017-03-08,25.9,16.5,1.2,21.3,50,Delhi
2017-03-09,25.9,14.1,0.3,14.6,64,Delhi
2017-03-10,22.6,13.3,12.1,17.5,77,Delhi
2017-03-11,21.7,12.0,1.3,19.2,76,Delhi
2017-03-12,21.6,10.3,0.0,17.3,63,Delhi
2017-03-13,22.8,10.3,0.0,17.8,53,Delhi
2017-03-14,24.5,9.7,0.0,12.5,53,Delhi
2017-03-15,26.9,11.3,0.0,15.3,54,Delhi
2017-03-16,27.2,13.6,0.0,15.2,52,Delhi
2017-03-17,26.4,13.8,0.0,21.1,56,Delhi
2017-03-18,27.9,13.7,0.0,11.3,50,Delhi
2017-03-19,29.4,15.9,1.3,19.2,55,Delhi
2017-03-20,29.5,15.2,0.0,19.3,56,Delhi
2017-03-21,32.1,16.0,0.0,16.8,48,Delhi
2017-03-22,33.9,18.0,0.0,18.0,48,Delhi
2017-03-23,34.6,17.8,0.2,23.2,50,Delhi
2017-03-24,33.4,19.4,0.0,16.9,47,Delhi
2017-03-25,32.7,17.6,0.0,20.7,41,Delhi
2017-03-26,34.0,19.7,0.0,23.0,38,Delhi
2017-03-27,36.0,21.7,0.0,26.5,40,Delhi
2017-03-28,36.8,21.3,0.0,19.6,43,Delhi
2017-03-29,37.4,22.7,0.0,20.4,39,Delhi
2017-03-30,37.3,22.8,0.0,20.2,36,Delhi
2017-03-31,37.3,22.9,0.0,12.4,39,Delhi
2017-04-01,37.7,22.4,0.0,25.1,35,Delhi
2017-04-02,37.0,22.2,0.0,20.2,29,Delhi
2017-04-03,37.5,21.3,0.0,20.1,31,Delhi
2017-04-04,36.5,21.2,0.0,16.6,32,Delhi
2017-04-05,34.6,23.2,1.1,30.5,41,Delhi
2017-04-06,36.4,21.0,0.0,23.7,40,Delhi
2017-04-07,33.2,19.2,0.0,18.4,40,Delhi
2017-04-08,32.8,17.4,0.0,14.5,24,Delhi
2017-04-09,31.8,19.6,0.0,24.2,22,Delhi
2017-04-10,33.3,18.9,0.0,31.8,22,Delhi
2017-04-11,36.4,20.1,0.0,29.9,24,Delhi
2017-04-12,38.4,21.4,0.0,25.5,26,Delhi
2017-04-13,38.5,20.7,0.0,12.6,27,Delhi
2017-04-14,39.1,23.6,0.0,11.9,28,Delhi
2017-04-15,39.9,22.2,0.0,18.8,27,Delhi
2017-04-16,39.7,23.2,0.0,15.1,31,Delhi
2017-04-17,40.6,24.6,0.0,16.0,38,Delhi
2017-04-18,41.4,23.6,0.0,16.7,35,Delhi
2017-04-19,41.6,25.7,0.0,15.8,20,Delhi
2017-04-20,41.5,24.3,0.0,22.9,25,Delhi
2017-04-21,40.9,25.9,0.0,18.7,38,Delhi
2017-04-22,40.5,27.1,2.0,21.4,47,Delhi
2017-04-23,38.8,24.7,0.0,21.3,38,Delhi
2017-04-24,37.0,24.1,2.1,27.2,31,Delhi
2017-04-25,37.1,23.4,0.0,22.7,24,Delhi
2017-04-26,37.5,22.3,0.0,24.7,23,Delhi
2017-04-27,38.4,22.9,0.0,16.5,24,Delhi
2017-04-28,38.3,22.7,0.3,18.3,29,Delhi
2017-04-29,38.2,23.9,0.0,13.6,30,Delhi
2017-04-30,37.1,23.4,0.1,25.5,34,Delhi
2017-05-01,36.9,22.0,0.0,13.4,31,Delhi
2017-05-02,38.4,24.8,0.0,10.8,22,Delhi
2017-05-03,38.2,26.4,0.0,15.9,25,Delhi
2017-05-04,38.5,25.8,0.0,25.5,25,Delhi
2017-05-05,39.1,23.2,0.0,17.7,26,Delhi
2017-05-06,40.7,24.7,0.0,17.7,24,Delhi
2017-05-07,42.1,25.2,0.0,21.4,23,Delhi
2017-05-08,42.1,26.0,0.0,16.4,23,Delhi
2017-05-09,42.1,25.6,0.0,21.5,32,Delhi
2017-05-10,39.8,26.9,1.8,21.5,44,Delhi
2017-05-11,39.9,27.1,0.0,18.8,38,Delhi
2017-05-12,40.4,26.4,1.4,24.0,37,Delhi
2017-05-13,40.3,26.1,0.1,20.0,33,Delhi
2017-05-14,42.6,26.8,0.0,19.4,23,Delhi
2017-05-15,42.6,27.3,0.0,16.8,22,Delhi
2017-05-16,40.6,27.3,0.7,22.1,28,Delhi
2017-05-17,35.9,25.4,1.0,14.7,40,Delhi
2017-05-18,38.5,25.7,0.4,18.8,43,Delhi
2017-05-19,40.8,26.3,0.0,23.5,38,Delhi
2017-05-20,39.9,25.9,0.0,16.2,31,Delhi
2017-05-21,39.4,25.8,0.0,16.9,34,Delhi
2017-05-22,37.7,24.3,0.9,17.3,44,Delhi
2017-05-23,37.8,25.1,0.1,17.0,42,Delhi
2017-05-24,39.6,25.9,0.2,16.0,40,Delhi
2017-05-25,40.7,27.5,0.0,16.1,39,Delhi
2017-05-26,42.6,27.8,0.0,19.8,33,Delhi
2017-05-27,40.8,28.3,0.2,21.6,46,Delhi
2017-05-28,38.0,27.9,0.3,24.5,51,Delhi
2017-05-29,35.5,25.4,2.4,21.3,57,Delhi
2017-05-30,35.3,24.6,0.5,15.8,61,Delhi
2017-05-31,37.2,26.2,0.2,18.9,57,Delhi
2017-06-01,37.8,26.8,0.0,18.4,55,Delhi
2017-06-02,39.4,24.9,0.0,15.6,43,Delhi
2017-06-03,42.0,27.2,0.0,19.5,35,Delhi
2017-06-04,44.1,29.7,0.0,23.8,26,Delhi
2017-06-05,42.9,34.0,0.0,28.1,29,Delhi
2017-06-06,40.8,32.1,0.3,29.8,36,Delhi
2017-06-07,36.5,26.9,0.6,25.1,57,Delhi
2017-06-08,35.7,27.0,3.8,19.7,57,Delhi
2017-06-09,36.7,26.4,0.3,15.0,55,Delhi
2017-06-10,38.9,26.1,0.6,14.9,51,Delhi
2017-06-11,38.1,25.8,0.2,13.7,46,Delhi
2017-06-12,38.9,25.7,0.0,21.2,42,Delhi
2017-06-13,40.9,27.0,0.1,19.4,37,Delhi
2017-06-14,41.0,27.1,0.4,19.1,35,Delhi
2017-06-15,39.1,27.4,2.2,15.9,48,Delhi
2017-06-16,36.6,24.2,0.4,11.8,49,Delhi
2017-06-17,37.0,24.7,7.0,18.1,61,Delhi
2017-06-18,36.5,25.2,3.1,21.1,66,Delhi
2017-06-19,35.6,26.9,5.5,19.8,65,Delhi
2017-06-20,34.9,25.0,10.2,12.8,70,Delhi
2017-06-21,33.0,24.0,2.4,18.3,71,Delhi
2017-06-22,34.2,25.0,0.0,16.2,68,Delhi
2017-06-23,33.1,25.4,5.5,17.1,71,Delhi
2017-06-24,35.8,26.2,0.0,8.6,60,Delhi
2017-06-25,36.8,29.2,0.2,12.3,58,Delhi
2017-06-26,37.0,29.0,2.3,15.6,60,Delhi
2017-06-27,36.7,28.1,1.1,18.6,62,Delhi
2017-06-28,33.5,26.8,24.1,19.1,80,Delhi
2017-06-29,31.1,25.7,3.6,21.4,85,Delhi
2017-06-30,30.4,25.9,15.1,14.3,86,Delhi
2017-07-01,31.1,26.4,10.5,10.0,85,Delhi
2017-07-02,30.3,25.6,12.4,15.6,86,Delhi
2017-07-03,32.9,26.0,3.5,12.8,82,Delhi
2017-07-04,34.6,27.6,3.8,24.8,75,Delhi
2017-07-05,34.5,27.6,0.4,18.8,71,Delhi
2017-07-06,34.4,27.0,1.0,15.9,72,Delhi
2017-07-07,34.5,25.7,1.7,12.7,75,Delhi
2017-07-08,34.6,26.7,0.1,15.3,72,Delhi
2017-07-09,36.4,28.3,0.0,22.0,64,Delhi
2017-07-10,36.3,29.0,0.4,21.7,60,Delhi
2017-07-11,34.7,27.5,1.4,13.7,69,Delhi
2017-07-12,30.8,26.0,1.1,16.1,78,Delhi
2017-07-13,32.4,26.0,0.6,21.0,72,Delhi
2017-07-14,32.9,27.1,0.6,18.1,73,Delhi
2017-07-15,32.5,27.1,9.6,16.2,76,Delhi
2017-07-16,32.8,27.1,5.1,15.1,79,Delhi
2017-07-17,33.2,27.5,5.8,19.2,80,Delhi
2017-07-18,33.8,27.0,4.3,11.7,79,Delhi
2017-07-19,35.2,27.7,2.0,11.8,73,Delhi
2017-07-20,32.3,25.5,14.0,16.6,78,Delhi
2017-07-21,32.7,27.8,5.7,19.1,76,Delhi
2017-07-22,31.2,26.6,1.8,23.4,79,Delhi
2017-07-23,32.2,25.6,5.3,23.2,82,Delhi
2017-07-24,30.5,25.1,6.3,21.4,84,Delhi
2017-07-25,31.3,25.2,5.6,19.6,83,Delhi
2017-07-26,31.8,25.4,0.7,17.2,80,Delhi
2017-07-27,32.8,26.3,1.9,19.8,75,Delhi
2017-07-28,32.1,27.0,0.9,22.4,76,Delhi
2017-07-29,31.7,26.6,1.8,24.9,77,Delhi
2017-07-30,31.4,26.3,2.3,13.8,80,Delhi
2017-07-31,31.0,25.7,17.6,12.0,87,Delhi
2017-08-01,28.7,25.5,4.8,18.0,90,Delhi
2017-08-02,31.6,26.1,2.6,15.5,83,Delhi
2017-08-03,31.6,26.2,1.0,21.9,77,Delhi
2017-08-04,32.0,26.7,0.7,16.9,74,Delhi
2017-08-05,33.4,27.1,3.8,15.0,72,Delhi
2017-08-06,32.6,27.5,1.3,10.0,79,Delhi
2017-08-07,31.5,25.8,17.7,11.4,87,Delhi
2017-08-08,32.5,25.9,12.5,8.8,86,Delhi
2017-08-09,30.4,25.7,17.3,9.7,89,Delhi
2017-08-10,32.6,25.7,10.2,20.5,81,Delhi
2017-08-11,34.1,27.5,0.2,23.0,70,Delhi
2017-08-12,33.2,27.6,0.3,31.3,69,Delhi
2017-08-13,33.1,26.8,0.5,20.2,71,Delhi
2017-08-14,33.2,26.5,0.2,13.2,69,Delhi
2017-08-15,32.8,27.1,0.6,15.6,71,Delhi
2017-08-16,34.6,27.2,0.0,18.8,67,Delhi
2017-08-17,35.8,27.7,0.0,20.2,64,Delhi
2017-08-18,35.6,27.5,0.0,14.9,65,Delhi
2017-08-19,30.4,27.0,6.3,16.5,83,Delhi
2017-08-20,33.2,26.1,0.4,17.4,74,Delhi
2017-08-21,32.7,26.7,6.2,19.3,78,Delhi
2017-08-22,32.2,26.6,6.0,12.6,81,Delhi
2017-08-23,31.3,26.5,3.8,15.6,86,Delhi
2017-08-24,32.2,25.6,1.7,8.7,84,Delhi
2017-08-25,30.8,26.2,6.7,11.7,86,Delhi
2017-08-26,31.8,25.3,26.7,7.9,88,Delhi
2017-08-27,32.6,25.4,1.8,12.9,83,Delhi
2017-08-28,29.0,25.9,2.0,22.0,84,Delhi
2017-08-29,31.2,25.8,8.0,19.4,80,Delhi
2017-08-30,30.8,26.4,4.4,21.0,81,Delhi
2017-08-31,28.8,24.7,24.2,14.6,90,Delhi
2017-09-01,30.2,24.9,33.7,17.6,88,Delhi
2017-09-02,28.1,25.0,24.7,16.2,88,Delhi
2017-09-03,31.4,24.4,0.5,10.5,80,Delhi
2017-09-04,32.8,25.3,0.0,16.7,78,Delhi
2017-09-05,32.2,25.3,0.1,13.5,77,Delhi
2017-09-06,32.5,25.9,1.5,12.6,76,Delhi
2017-09-07,31.0,24.1,0.4,12.2,84,Delhi
2017-09-08,32.2,24.9,0.3,11.6,81,Delhi
2017-09-09,32.9,24.7,0.0,13.5,76,Delhi
2017-09-10,34.4,25.6,0.0,13.0,73,Delhi
2017-09-11,34.6,26.0,0.0,16.5,72,Delhi
2017-09-12,33.8,25.7,0.0,14.4,71,Delhi
2017-09-13,34.0,25.9,0.0,11.4,69,Delhi
2017-09-14,33.7,26.0,0.0,9.5,73,Delhi
2017-09-15,34.2,25.0,0.0,13.2,69,Delhi
2017-09-16,33.7,25.3,0.0,14.3,71,Delhi
2017-09-17,33.4,25.8,0.0,17.4,69,Delhi
2017-09-18,34.8,24.1,0.0,17.1,65,Delhi
2017-09-19,33.8,24.8,0.1,9.5,74,Delhi
2017-09-20,35.7,25.2,0.0,11.2,67,Delhi
2017-09-21,33.7,25.1,0.0,15.8,72,Delhi
2017-09-22,27.2,23.9,12.4,19.8,85,Delhi
2017-09-23,26.4,22.8,18.0,19.9,91,Delhi
2017-09-24,30.8,21.0,0.0,17.9,83,Delhi
2017-09-25,33.1,22.5,0.0,16.1,76,Delhi
2017-09-26,33.2,23.7,0.0,12.7,71,Delhi
2017-09-27,34.1,23.6,0.0,9.7,66,Delhi
2017-09-28,33.8,23.8,0.0,10.2,64,Delhi
2017-09-29,33.5,24.1,0.0,14.1,64,Delhi
2017-09-30,34.8,23.4,0.0,13.9,63,Delhi
2017-10-01,35.5,21.8,0.0,11.9,59,Delhi
2017-10-02,35.4,22.5,0.0,10.3,57,Delhi
2017-10-03,34.6,21.7,0.0,15.3,59,Delhi
2017-10-04,34.4,22.0,0.0,14.1,62,Delhi
2017-10-05,34.4,22.5,0.0,13.8,65,Delhi
2017-10-06,34.7,22.8,0.0,13.4,56,Delhi
2017-10-07,33.9,20.9,0.0,13.4,52,Delhi
2017-10-08,34.6,21.5,0.0,8.9,62,Delhi
2017-10-09,35.0,22.4,0.0,13.0,63,Delhi
2017-10-10,34.9,21.9,0.0,10.7,60,Delhi
2017-10-11,34.6,22.3,0.0,13.0,59,Delhi
2017-10-12,34.2,22.4,0.0,11.0,55,Delhi
2017-10-13,34.5,22.2,0.0,11.9,48,Delhi
2017-10-14,35.7,21.6,0.0,13.0,51,Delhi
2017-10-15,35.3,21.1,0.0,10.2,52,Delhi
2017-10-16,35.3,20.9,0.0,11.3,52,Delhi
2017-10-17,33.6,19.8,0.0,14.7,51,Delhi
2017-10-18,33.5,20.1,0.0,16.1,62,Delhi
2017-10-19,34.5,20.6,0.0,11.6,63,Delhi
2017-10-20,34.7,21.6,0.0,11.3,58,Delhi
2017-10-21,34.8,20.4,0.0,14.6,53,Delhi
2017-10-22,35.1,19.8,0.0,14.1,49,Delhi
2017-10-23,33.5,19.2,0.0,13.7,55,Delhi
2017-10-24,33.2,19.5,0.0,16.3,51,Delhi
2017-10-25,32.0,17.9,0.0,10.0,46,Delhi
2017-10-26,32.0,18.0,0.0,12.2,51,Delhi
2017-10-27,30.9,17.9,0.0,10.4,60,Delhi
2017-10-28,31.4,19.0,0.0,10.0,61,Delhi
2017-10-29,30.8,17.5,0.0,9.4,61,Delhi
2017-10-30,29.8,17.4,0.0,9.6,63,Delhi
2017-10-31,30.2,17.9,0.0,8.7,63,Delhi
2017-11-01,30.6,19.7,0.0,10.3,61,Delhi
2017-11-02,30.4,18.3,0.0,10.5,69,Delhi
2017-11-03,29.4,18.2,0.0,9.5,70,Delhi
2017-11-04,29.3,17.8,0.0,9.6,73,Delhi
2017-11-05,29.2,18.5,0.0,8.3,67,Delhi
2017-11-06,29.3,17.9,0.0,9.2,64,Delhi
2017-11-07,28.6,17.3,0.0,9.4,71,Delhi
2017-11-08,29.2,16.3,0.0,10.3,68,Delhi
2017-11-09,29.1,16.6,0.0,11.6,72,Delhi
2017-11-10,28.8,15.9,0.0,11.5,68,Delhi
2017-11-11,27.7,15.2,0.0,10.8,69,Delhi
2017-11-12,27.5,14.9,0.0,11.5,70,Delhi
2017-11-13,27.6,16.4,0.0,8.8,70,Delhi
2017-11-14,27.5,15.9,0.0,17.6,66,Delhi
2017-11-15,26.2,16.6,0.0,11.1,64,Delhi
2017-11-16,25.7,15.5,0.2,13.0,66,Delhi
2017-11-17,25.3,15.4,0.1,13.6,69,Delhi
2017-11-18,25.4,16.4,0.1,13.7,67,Delhi
2017-11-19,24.6,15.4,0.0,15.8,52,Delhi
2017-11-20,22.8,12.0,0.0,15.8,50,Delhi
2017-11-21,23.3,11.2,0.0,16.6,51,Delhi
2017-11-22,24.1,10.8,0.0,18.2,51,Delhi
2017-11-23,24.0,11.1,0.0,14.1,47,Delhi
2017-11-24,24.7,10.2,0.0,12.7,47,Delhi
2017-11-25,24.9,11.4,0.0,11.9,52,Delhi
2017-11-26,24.9,10.1,0.0,11.3,61,Delhi
2017-11-27,25.1,11.4,0.0,16.9,56,Delhi
2017-11-28,25.6,10.8,0.0,11.5,58,Delhi
2017-11-29,25.8,11.5,0.0,10.4,63,Delhi
2017-11-30,25.3,11.6,0.0,11.7,66,Delhi
2017-12-01,23.9,9.4,0.0,9.1,60,Delhi
2017-12-02,23.8,11.1,0.0,10.1,57,Delhi
2017-12-03,22.9,11.2,0.0,7.6,53,Delhi
2017-12-04,22.7,9.4,0.0,9.3,61,Delhi
2017-12-05,22.8,13.9,0.0,10.2,60,Delhi
2017-12-06,20.9,14.1,0.0,13.4,51,Delhi
2017-12-07,22.7,14.3,0.1,14.3,37,Delhi
2017-12-08,23.9,11.2,0.0,16.1,37,Delhi
2017-12-09,23.7,10.3,0.0,11.2,46,Delhi
2017-12-10,23.9,10.5,0.0,10.0,60,Delhi
2017-12-11,23.4,11.4,2.1,11.3,67,Delhi
2017-12-12,20.8,13.4,5.6,10.9,84,Delhi
2017-12-13,19.7,11.4,0.0,8.7,83,Delhi
2017-12-14,20.4,9.6,0.0,11.7,71,Delhi
2017-12-15,20.2,7.9,0.0,17.4,70,Delhi
2017-12-16,19.5,7.6,0.0,19.9,63,Delhi
2017-12-17,21.0,8.3,0.0,20.5,51,Delhi
2017-12-18,23.5,10.1,0.0,20.8,46,Delhi
2017-12-19,22.5,9.4,0.0,14.3,59,Delhi
2017-12-20,21.8,10.5,0.0,9.8,74,Delhi
2017-12-21,22.9,11.8,0.0,12.1,79,Delhi
2017-12-22,23.3,11.1,0.0,20.1,66,Delhi
2017-12-23,22.5,10.9,0.0,18.5,59,Delhi
2017-12-24,22.3,10.0,0.0,10.3,65,Delhi
2017-12-25,22.1,9.1,0.0,14.2,70,Delhi
2017-12-26,22.3,8.9,0.0,12.0,72,Delhi
2017-12-27,22.5,8.4,0.0,10.1,66,Delhi
2017-12-28,22.6,8.5,0.0,10.9,71,Delhi
2017-12-29,21.6,8.1,0.0,10.9,76,Delhi
2017-12-30,21.1,8.1,0.0,10.9,76,Delhi
2017-12-31,20.2,7.3,0.0,11.7,75,Delhi
2018-01-01,20.1,6.8,0.0,10.3,66,Delhi
2018-01-02,19.8,6.5,0.0,9.6,69,Delhi
2018-01-03,19.8,6.9,0.0,10.7,74,Delhi
2018-01-04,20.3,5.9,0.0,10.0,74,Delhi
2018-01-05,20.3,6.6,0.0,10.7,74,Delhi
2018-01-06,19.5,5.5,0.0,10.9,76,Delhi
2018-01-07,18.8,6.1,0.0,17.2,69,Delhi
2018-01-08,19.6,6.8,0.0,13.0,70,Delhi
2018-01-09,19.8,5.8,0.0,13.0,71,Delhi
2018-01-10,20.8,7.3,0.0,18.7,68,Delhi
2018-01-11,21.2,8.3,0.0,18.9,63,Delhi
2018-01-12,21.9,8.9,0.0,15.1,58,Delhi
2018-01-13,21.6,6.5,0.0,11.4,69,Delhi
2018-01-14,21.9,7.3,0.0,11.6,69,Delhi
2018-01-15,21.8,7.2,0.0,17.1,63,Delhi
2018-01-16,22.1,9.0,0.0,17.2,57,Delhi
2018-01-17,21.3,7.8,0.0,13.0,74,Delhi
2018-01-18,23.8,8.9,0.0,11.4,76,Delhi
2018-01-19,23.4,9.7,0.0,12.1,74,Delhi
2018-01-20,22.1,8.7,0.0,16.2,64,Delhi
2018-01-21,21.4,7.1,0.0,10.6,57,Delhi
2018-01-22,21.7,7.1,0.0,10.4,67,Delhi
2018-01-23,16.1,10.7,6.0,15.9,79,Delhi
2018-01-24,18.7,8.3,0.8,13.7,82,Delhi
2018-01-25,19.5,8.6,0.0,16.6,79,Delhi
2018-01-26,19.9,7.6,0.0,13.2,80,Delhi
2018-01-27,19.9,7.2,0.0,11.5,77,Delhi
2018-01-28,21.2,6.8,0.0,12.6,75,Delhi
2018-01-29,21.9,7.5,0.0,13.9,74,Delhi
2018-01-30,24.3,10.0,0.0,22.6,68,Delhi
2018-01-31,24.2,12.8,0.0,23.3,64,Delhi
2018-02-01,25.4,11.2,0.0,13.3,67,Delhi
2018-02-02,24.4,11.0,0.0,10.0,72,Delhi
2018-02-03,23.1,10.9,0.0,13.0,60,Delhi
2018-02-04,22.0,8.6,0.0,14.5,59,Delhi
2018-02-05,22.0,6.9,0.0,10.0,56,Delhi
2018-02-06,22.1,11.6,0.0,17.1,52,Delhi
2018-02-07,22.3,8.7,0.0,16.3,53,Delhi
2018-02-08,22.0,6.8,0.0,11.6,60,Delhi
2018-02-09,22.9,7.7,0.0,13.1,60,Delhi
2018-02-10,23.8,8.7,0.0,11.3,51,Delhi
2018-02-11,23.8,9.2,1.6,17.9,57,Delhi
2018-02-12,21.8,12.8,2.9,22.0,79,Delhi
2018-02-13,21.5,10.1,0.0,14.8,79,Delhi
2018-02-14,21.7,10.0,0.0,22.9,66,Delhi
2018-02-15,23.1,11.9,0.0,21.4,64,Delhi
2018-02-16,24.5,11.7,0.0,17.7,66,Delhi
2018-02-17,25.0,12.7,0.0,16.7,67,Delhi
2018-02-18,25.0,11.9,0.0,12.3,59,Delhi
2018-02-19,25.4,10.0,0.0,9.3,58,Delhi
2018-02-20,26.8,11.8,0.0,11.8,60,Delhi
2018-02-21,29.5,15.2,0.0,12.3,58,Delhi
2018-02-22,29.9,14.1,0.0,10.9,63,Delhi
2018-02-23,29.6,15.8,0.0,10.0,69,Delhi
2018-02-24,28.6,17.0,1.9,12.1,73,Delhi
2018-02-25,27.8,16.3,0.3,17.1,68,Delhi
2018-02-26,26.9,15.3,0.0,23.4,63,Delhi
2018-02-27,28.8,15.7,0.0,17.1,62,Delhi
2018-02-28,29.3,15.1,0.0,14.5,67,Delhi
2018-03-01,29.8,15.3,0.0,13.8,65,Delhi
2018-03-02,30.7,17.0,0.0,13.0,58,Delhi
2018-03-03,30.8,16.6,0.0,11.5,60,Delhi
2018-03-04,28.1,17.1,1.2,17.6,59,Delhi
2018-03-05,27.1,14.6,0.0,17.4,57,Delhi
2018-03-06,27.5,14.4,0.0,20.1,53,Delhi
2018-03-07,28.4,14.3,0.0,18.2,52,Delhi
2018-03-08,29.5,16.1,0.0,9.9,53,Delhi
2018-03-09,30.9,15.9,1.1,12.5,52,Delhi
2018-03-10,31.1,16.5,0.0,17.8,48,Delhi
2018-03-11,30.8,17.2,0.0,13.9,52,Delhi
2018-03-12,32.1,16.5,0.0,15.9,53,Delhi
2018-03-13,34.0,17.2,0.0,14.1,49,Delhi
2018-03-14,32.6,20.3,0.0,13.6,37,Delhi
2018-03-15,31.4,18.7,0.0,18.2,42,Delhi
2018-03-16,29.7,16.5,0.0,20.9,48,Delhi
2018-03-17,29.1,15.7,0.0,19.6,40,Delhi
2018-03-18,30.8,16.4,0.0,17.0,41,Delhi
2018-03-19,32.8,14.8,0.0,13.7,41,Delhi
2018-03-20,32.9,16.1,0.2,10.3,49,Delhi
2018-03-21,30.7,18.2,1.6,22.4,56,Delhi
2018-03-22,29.6,17.1,0.3,13.6,56,Delhi
2018-03-23,29.0,17.1,0.0,13.1,54,Delhi
2018-03-24,31.1,17.4,0.0,15.9,48,Delhi
2018-03-25,32.6,18.5,0.0,21.1,44,Delhi
2018-03-26,33.9,18.8,0.0,20.6,42,Delhi
2018-03-27,35.3,18.4,0.0,13.7,40,Delhi
2018-03-28,35.5,20.6,0.0,15.3,37,Delhi
2018-03-29,35.4,19.6,0.0,23.7,34,Delhi
2018-03-30,34.3,20.7,0.0,23.0,34,Delhi
2018-03-31,33.5,18.6,0.0,15.9,47,Delhi
2018-04-01,33.1,20.8,0.0,15.5,45,Delhi
2018-04-02,35.0,20.7,0.0,13.7,45,Delhi
2018-04-03,36.0,22.2,1.7,24.7,44,Delhi
2018-04-04,37.2,21.7,0.0,15.0,43,Delhi
2018-04-05,36.6,21.9,2.1,16.8,49,Delhi
2018-04-06,34.9,22.0,1.1,12.6,52,Delhi
2018-04-07,33.5,20.9,3.4,16.6,54,Delhi
2018-04-08,33.4,21.4,1.3,18.4,55,Delhi
2018-04-09,33.3,21.9,3.5,17.0,62,Delhi
2018-04-10,33.8,21.3,3.1,20.8,58,Delhi
2018-04-11,31.9,21.5,2.5,22.8,63,Delhi
2018-04-12,31.6,19.8,0.2,12.4,61,Delhi
2018-04-13,33.0,19.0,0.0,12.8,43,Delhi
2018-04-14,34.9,19.2,0.0,16.1,34,Delhi
2018-04-15,36.5,20.8,0.0,13.8,35,Delhi
2018-04-16,37.0,23.2,5.4,17.7,36,Delhi
2018-04-17,36.7,22.4,1.3,14.8,35,Delhi
2018-04-18,36.5,22.2,0.0,25.8,28,Delhi
2018-04-19,37.3,23.3,0.0,18.9,28,Delhi
2018-04-20,39.0,21.7,1.1,26.9,27,Delhi
2018-04-21,34.0,19.5,0.0,16.9,34,Delhi
2018-04-22,34.3,20.9,0.0,21.7,25,Delhi
2018-04-23,35.6,20.9,0.0,20.7,23,Delhi
2018-04-24,37.9,21.6,0.0,19.7,20,Delhi
2018-04-25,40.3,22.9,0.0,15.4,20,Delhi
2018-04-26,41.2,23.8,0.0,13.7,20,Delhi
2018-04-27,38.6,25.7,1.2,19.2,43,Delhi
2018-04-28,38.6,25.4,0.9,21.5,44,Delhi
2018-04-29,38.6,23.4,0.4,26.7,43,Delhi
2018-04-30,38.9,24.2,0.7,18.1,42,Delhi
2018-05-01,37.5,24.4,10.5,25.9,52,Delhi
2018-05-02,36.7,23.4,5.9,28.7,54,Delhi
2018-05-03,34.8,23.4,0.0,23.3,58,Delhi
2018-05-04,34.6,24.4,0.0,24.1,55,Delhi
2018-05-05,37.0,24.3,0.0,16.1,48,Delhi
2018-05-06,38.2,25.5,0.0,19.3,38,Delhi
2018-05-07,37.2,23.5,0.0,20.5,37,Delhi
2018-05-08,33.8,22.9,3.5,18.1,46,Delhi
2018-05-09,35.4,20.8,2.2,21.7,44,Delhi
2018-05-10,37.6,22.0,0.0,14.8,38,Delhi
2018-05-11,40.1,24.3,0.0,15.5,36,Delhi
2018-05-12,40.1,27.1,1.1,30.2,42,Delhi
2018-05-13,36.6,24.9,3.8,29.4,56,Delhi
2018-05-14,36.8,22.7,0.0,13.1,52,Delhi
2018-05-15,37.5,24.7,0.0,14.4,50,Delhi
2018-05-16,38.9,25.0,0.4,20.5,42,Delhi
2018-05-17,40.4,25.4,0.0,18.6,30,Delhi
2018-05-18,39.5,26.5,0.0,9.7,32,Delhi
2018-05-19,39.2,25.6,1.5,16.1,38,Delhi
2018-05-20,40.0,25.7,0.0,14.7,28,Delhi
2018-05-21,40.8,26.1,0.0,16.2,17,Delhi
2018-05-22,42.7,28.0,0.0,15.9,18,Delhi
2018-05-23,42.1,28.3,0.1,22.9,26,Delhi
2018-05-24,41.6,27.6,0.0,14.6,30,Delhi
2018-05-25,42.1,25.9,0.0,16.9,25,Delhi
2018-05-26,42.9,27.0,0.0,13.4,17,Delhi
2018-05-27,43.0,26.9,0.0,16.6,19,Delhi
2018-05-28,41.9,27.0,0.0,14.1,28,Delhi
2018-05-29,41.7,27.5,0.0,19.8,33,Delhi
2018-05-30,40.4,27.1,0.7,27.2,49,Delhi
2018-05-31,41.5,27.2,0.0,18.4,45,Delhi
2018-06-01,41.2,29.1,4.8,27.9,48,Delhi
2018-06-02,39.3,27.0,0.0,20.5,49,Delhi
2018-06-03,37.3,28.2,0.0,18.5,53,Delhi
2018-06-04,40.5,29.6,0.0,21.8,45,Delhi
2018-06-05,39.7,30.9,0.7,24.6,45,Delhi
2018-06-06,38.3,29.1,0.8,21.3,55,Delhi
2018-06-07,39.5,28.4,0.0,17.1,53,Delhi
2018-06-08,39.9,30.8,0.0,22.7,52,Delhi
2018-06-09,37.2,27.3,15.2,22.0,69,Delhi
2018-06-10,36.1,26.4,1.9,11.4,68,Delhi
2018-06-11,39.3,28.0,0.0,19.2,52,Delhi
2018-06-12,41.9,28.6,0.0,23.4,40,Delhi
2018-06-13,40.5,31.8,0.0,25.8,38,Delhi
2018-06-14,40.3,31.2,0.0,27.3,37,Delhi
2018-06-15,38.9,32.1,0.0,28.7,36,Delhi
2018-06-16,39.3,31.2,0.0,21.1,41,Delhi
2018-06-17,35.7,28.5,0.2,18.1,58,Delhi
2018-06-18,35.9,26.8,0.6,16.1,55,Delhi
2018-06-19,38.6,26.3,0.0,16.6,51,Delhi
2018-06-20,40.1,28.9,0.0,12.9,45,Delhi
2018-06-21,40.7,29.8,0.0,14.1,42,Delhi
2018-06-22,41.7,31.9,0.0,17.3,38,Delhi
2018-06-23,40.7,30.8,0.0,21.3,39,Delhi
2018-06-24,40.5,30.6,0.0,15.7,39,Delhi
2018-06-25,40.8,31.1,0.0,18.2,36,Delhi
2018-06-26,36.2,29.3,1.8,18.1,52,Delhi
2018-06-27,34.3,25.5,29.8,14.8,78,Delhi
2018-06-28,33.4,25.6,12.6,23.4,81,Delhi
2018-06-29,33.2,25.8,4.3,26.0,76,Delhi
2018-06-30,33.0,26.6,4.9,15.9,79,Delhi
2018-07-01,34.0,27.7,4.7,17.6,75,Delhi
2018-07-02,35.0,25.4,15.2,20.5,72,Delhi
2018-07-03,33.7,28.4,0.7,13.1,68,Delhi
2018-07-04,32.5,27.1,4.8,16.6,78,Delhi
2018-07-05,34.9,26.7,0.0,11.8,71,Delhi
2018-07-06,34.9,26.9,0.0,14.3,67,Delhi
2018-07-07,36.1,27.3,0.0,13.2,65,Delhi
2018-07-08,37.3,27.9,0.0,11.0,61,Delhi
2018-07-09,36.9,29.0,0.1,19.0,64,Delhi
2018-07-10,37.1,28.8,0.3,16.9,67,Delhi
2018-07-11,36.3,28.4,4.5,16.8,72,Delhi
2018-07-12,33.5,26.1,25.5,15.5,80,Delhi
2018-07-13,32.2,26.5,6.6,15.5,82,Delhi
2018-07-14,31.8,25.7,6.4,14.3,85,Delhi
2018-07-15,33.2,26.2,7.4,13.8,83,Delhi
2018-07-16,32.1,27.2,10.9,14.8,85,Delhi
2018-07-17,33.2,27.5,3.5,16.1,80,Delhi
2018-07-18,33.3,28.3,12.2,16.5,80,Delhi
2018-07-19,32.9,27.4,13.3,18.0,80,Delhi
2018-07-20,32.5,27.2,8.3,8.3,84,Delhi
2018-07-21,30.8,26.4,20.9,11.7,89,Delhi
2018-07-22,29.6,25.4,30.6,10.5,91,Delhi
2018-07-23,32.4,26.1,5.1,12.5,86,Delhi
2018-07-24,32.9,26.9,1.5,10.7,78,Delhi
2018-07-25,32.2,27.0,8.2,9.8,85,Delhi
2018-07-26,29.4,25.7,16.3,14.8,91,Delhi
2018-07-27,29.1,25.1,14.2,13.7,90,Delhi
2018-07-28,31.7,24.9,2.8,22.0,83,Delhi
2018-07-29,32.5,25.5,2.4,15.5,82,Delhi
2018-07-30,33.3,26.4,2.4,16.4,79,Delhi
2018-07-31,33.5,26.8,2.5,16.9,76,Delhi
2018-08-01,34.2,26.1,0.4,19.1,74,Delhi
2018-08-02,34.2,27.5,0.2,18.5,70,Delhi
2018-08-03,34.4,27.8,0.0,20.3,67,Delhi
2018-08-04,34.0,27.7,0.0,17.8,66,Delhi
2018-08-05,32.8,27.0,1.3,13.9,72,Delhi
2018-08-06,28.5,25.6,4.6,12.1,86,Delhi
2018-08-07,29.1,25.1,19.4,8.9,91,Delhi
2018-08-08,31.5,25.0,9.4,13.6,86,Delhi
2018-08-09,32.6,26.4,2.9,14.1,82,Delhi
2018-08-10,32.8,26.2,2.9,11.7,83,Delhi
2018-08-11,33.6,26.0,2.7,20.4,78,Delhi
2018-08-12,30.4,27.1,2.1,13.6,79,Delhi
2018-08-13,32.5,26.6,2.5,9.3,77,Delhi
2018-08-14,32.8,26.4,1.0,10.5,79,Delhi
2018-08-15,33.1,26.2,7.4,13.6,84,Delhi
2018-08-16,32.4,26.5,3.4,9.5,85,Delhi
2018-08-17,31.9,26.9,3.4,14.2,83,Delhi
2018-08-18,32.4,26.9,6.4,12.3,84,Delhi
2018-08-19,31.2,26.8,4.9,10.7,87,Delhi
2018-08-20,32.8,26.7,3.6,13.8,86,Delhi
2018-08-21,33.1,26.0,2.5,9.9,85,Delhi
2018-08-22,33.1,26.8,10.1,10.7,84,Delhi
2018-08-23,31.8,26.2,12.4,13.0,88,Delhi
2018-08-24,32.7,25.5,9.1,15.8,83,Delhi
2018-08-25,32.8,26.3,1.8,20.5,79,Delhi
2018-08-26,32.5,25.9,1.7,14.9,80,Delhi
2018-08-27,30.6,25.9,6.0,10.0,89,Delhi
2018-08-28,31.0,25.6,14.0,13.7,88,Delhi
2018-08-29,30.8,25.8,4.6,12.1,89,Delhi
2018-08-30,32.5,25.7,3.5,10.0,85,Delhi
2018-08-31,33.8,26.4,1.2,12.0,81,Delhi
2018-09-01,31.8,26.2,1.3,10.8,86,Delhi
2018-09-02,29.4,24.5,32.7,9.3,90,Delhi
2018-09-03,30.4,24.8,8.2,6.6,90,Delhi
2018-09-04,28.9,25.2,9.0,11.5,91,Delhi
2018-09-05,31.4,25.2,0.9,15.6,85,Delhi
2018-09-06,31.6,25.3,7.9,14.4,83,Delhi
2018-09-07,30.9,25.9,8.6,13.6,88,Delhi
2018-09-08,31.2,25.2,8.0,23.5,86,Delhi
2018-09-09,29.7,24.4,0.2,22.3,83,Delhi
2018-09-10,31.3,24.2,2.4,9.8,83,Delhi
2018-09-11,30.8,25.2,3.0,11.2,84,Delhi
2018-09-12,32.7,25.9,0.4,18.4,76,Delhi
2018-09-13,32.2,25.6,0.0,19.4,71,Delhi
2018-09-14,31.6,24.3,0.0,14.4,71,Delhi
2018-09-15,32.3,23.8,0.0,12.4,70,Delhi
2018-09-16,32.4,23.4,0.0,16.5,68,Delhi
2018-09-17,32.1,24.0,0.0,14.3,71,Delhi
2018-09-18,33.1,22.9,0.0,16.3,69,Delhi
2018-09-19,33.4,22.5,0.0,15.1,69,Delhi
2018-09-20,33.3,22.7,0.0,10.0,70,Delhi
2018-09-21,31.4,23.9,6.2,18.2,78,Delhi
2018-09-22,28.1,22.6,50.6,27.8,88,Delhi
2018-09-23,29.0,23.6,15.6,27.2,89,Delhi
2018-09-24,26.5,23.2,12.8,24.9,92,Delhi
2018-09-25,29.1,22.6,0.3,19.7,85,Delhi
2018-09-26,30.7,22.1,0.0,11.0,81,Delhi
2018-09-27,31.6,22.0,0.0,8.4,77,Delhi
2018-09-28,32.2,22.6,0.6,9.5,74,Delhi
2018-09-29,32.6,22.2,0.0,8.5,74,Delhi
2018-09-30,31.8,22.2,0.0,14.9,73,Delhi
2018-10-01,32.5,22.0,0.0,10.3,72,Delhi
2018-10-02,33.3,21.7,0.0,11.8,68,Delhi
2018-10-03,32.8,21.7,0.0,9.2,65,Delhi
2018-10-04,32.6,22.0,1.0,9.7,71,Delhi
2018-10-05,32.7,21.0,0.0,8.5,72,Delhi
2018-10-06,32.2,20.3,0.0,12.0,64,Delhi
2018-10-07,31.8,20.0,0.0,10.8,67,Delhi
2018-10-08,32.4,20.0,0.0,8.7,67,Delhi
2018-10-09,31.9,21.7,0.0,15.3,72,Delhi
2018-10-10,31.7,21.9,0.2,15.9,78,Delhi
2018-10-11,28.5,20.4,1.3,20.6,80,Delhi
2018-10-12,29.9,18.3,0.0,11.3,71,Delhi
2018-10-13,29.1,18.4,0.0,12.3,66,Delhi
2018-10-14,30.2,17.0,0.0,16.0,61,Delhi
2018-10-15,31.6,17.7,0.0,10.1,58,Delhi
2018-10-16,30.8,18.9,0.0,10.1,68,Delhi
2018-10-17,32.5,19.1,0.0,10.2,68,Delhi
2018-10-18,31.4,19.2,0.4,21.0,71,Delhi
2018-10-19,31.7,18.5,0.0,11.3,60,Delhi
2018-10-20,31.3,18.4,0.0,9.7,56,Delhi
2018-10-21,30.1,18.4,0.0,12.0,54,Delhi
2018-10-22,29.7,16.1,0.0,14.3,49,Delhi
2018-10-23,30.1,16.4,0.0,12.0,48,Delhi
2018-10-24,30.1,17.6,0.0,11.4,57,Delhi
2018-10-25,30.2,16.1,0.0,10.6,59,Delhi
2018-10-26,30.2,16.6,0.0,10.5,63,Delhi
2018-10-27,29.7,18.0,0.0,11.6,61,Delhi
2018-10-28,29.9,16.2,0.0,13.0,63,Delhi
2018-10-29,29.5,16.0,0.0,11.2,64,Delhi
2018-10-30,29.2,18.2,0.0,8.4,63,Delhi
2018-10-31,29.3,18.2,0.0,9.5,63,Delhi
2018-11-01,29.0,18.1,0.0,8.9,65,Delhi
2018-11-02,30.0,17.5,0.1,10.9,67,Delhi
2018-11-03,28.3,19.8,0.0,20.5,64,Delhi
2018-11-04,27.4,17.3,0.0,15.5,61,Delhi
2018-11-05,25.5,15.0,0.0,12.3,62,Delhi
2018-11-06,26.1,15.3,0.0,17.5,50,Delhi
2018-11-07,26.1,12.6,0.0,11.5,40,Delhi
2018-11-08,26.4,13.5,0.0,9.3,49,Delhi
2018-11-09,26.7,12.8,0.0,9.2,60,Delhi
2018-11-10,27.5,14.0,0.0,9.8,63,Delhi
2018-11-11,28.0,14.4,0.0,9.4,61,Delhi
2018-11-12,27.9,14.9,0.0,9.6,68,Delhi
2018-11-13,28.1,17.1,0.1,9.5,69,Delhi
2018-11-14,26.0,17.9,1.1,18.7,72,Delhi
2018-11-15,26.7,16.3,0.6,19.2,72,Delhi
2018-11-16,25.3,14.4,0.0,20.4,61,Delhi
2018-11-17,25.1,14.0,0.0,12.8,64,Delhi
2018-11-18,26.8,14.3,0.0,10.0,64,Delhi
2018-11-19,26.6,16.8,0.0,13.8,63,Delhi
2018-11-20,27.2,15.6,0.0,12.2,72,Delhi
2018-11-21,26.7,14.6,0.0,14.8,62,Delhi
2018-11-22,26.6,12.5,0.0,9.2,58,Delhi
2018-11-23,26.3,12.8,0.0,19.6,57,Delhi
2018-11-24,26.0,14.4,0.0,21.3,53,Delhi
2018-11-25,25.2,12.0,0.0,10.9,60,Delhi
2018-11-26,25.6,11.0,0.0,14.1,66,Delhi
2018-11-27,25.3,11.8,0.0,10.2,69,Delhi
2018-11-28,25.2,14.6,0.0,8.1,72,Delhi
2018-11-29,25.5,13.5,0.0,11.2,72,Delhi
2018-11-30,25.8,12.6,0.0,14.6,69,Delhi
2018-12-01,24.8,12.2,0.0,13.0,67,Delhi
2018-12-02,24.3,11.1,0.0,9.4,58,Delhi
2018-12-03,23.9,10.3,0.0,8.9,61,Delhi
2018-12-04,23.4,12.7,0.0,10.3,66,Delhi
2018-12-05,22.9,9.9,0.0,9.8,69,Delhi
2018-12-06,23.0,12.4,0.0,10.5,67,Delhi
2018-12-07,22.9,10.7,0.0,14.1,70,Delhi
2018-12-08,23.0,9.5,0.0,11.0,70,Delhi
2018-12-09,22.5,11.1,0.0,11.2,67,Delhi
2018-12-10,22.2,10.0,0.1,11.3,72,Delhi
2018-12-11,21.6,9.4,0.0,9.6,68,Delhi
2018-12-12,18.3,11.5,0.8,15.3,76,Delhi
2018-12-13,19.6,10.2,0.1,9.7,75,Delhi
2018-12-14,20.2,9.4,0.0,11.2,70,Delhi
2018-12-15,20.8,8.7,0.0,14.8,68,Delhi
2018-12-16,20.8,8.0,0.0,10.7,67,Delhi
2018-12-17,20.7,7.4,0.0,12.9,69,Delhi
2018-12-18,20.4,7.1,0.0,14.0,66,Delhi
2018-12-19,20.3,6.8,0.0,11.3,68,Delhi
2018-12-20,20.3,5.9,0.0,10.8,68,Delhi
2018-12-21,20.0,6.2,0.0,10.5,69,Delhi
2018-12-22,19.6,5.9,0.0,11.1,70,Delhi
2018-12-23,19.8,6.1,0.0,10.8,70,Delhi
2018-12-24,20.4,6.1,0.0,10.6,66,Delhi
2018-12-25,19.6,6.1,0.0,15.8,66,Delhi
2018-12-26,19.0,5.6,0.0,10.4,63,Delhi
2018-12-27,18.8,5.2,0.0,11.4,63,Delhi
2018-12-28,18.3,6.2,0.0,19.1,67,Delhi
2018-12-29,19.2,5.0,0.0,13.8,64,Delhi
2018-12-30,19.6,4.8,0.0,7.3,61,Delhi
2018-12-31,20.7,5.4,0.0,12.3,70,Delhi
2019-01-01,20.2,5.9,0.0,10.2,71,Delhi
2019-01-02,21.1,7.6,0.0,10.5,71,Delhi
2019-01-03,20.7,7.5,0.0,14.9,70,Delhi
2019-01-04,18.8,7.1,0.0,12.4,70,Delhi
2019-01-05,20.5,7.9,0.0,18.1,69,Delhi
2019-01-06,18.2,9.2,2.3,16.6,77,Delhi
2019-01-07,19.0,7.7,0.0,10.5,77,Delhi
2019-01-08,18.3,7.5,0.0,14.6,75,Delhi
2019-01-09,19.3,8.0,0.0,18.0,69,Delhi
2019-01-10,19.4,6.1,0.0,11.4,66,Delhi
2019-01-11,19.4,6.2,0.0,10.8,68,Delhi
2019-01-12,19.8,8.5,0.0,10.2,67,Delhi
2019-01-13,20.9,9.4,0.0,13.2,72,Delhi
2019-01-14,18.1,8.0,0.0,20.9,58,Delhi
2019-01-15,18.7,6.5,0.0,17.1,56,Delhi
2019-01-16,18.9,6.5,0.0,9.4,67,Delhi
2019-01-17,20.0,7.6,0.0,9.7,71,Delhi
2019-01-18,20.3,5.7,0.0,10.8,72,Delhi
2019-01-19,22.7,7.1,0.0,9.7,67,Delhi
2019-01-20,24.8,11.8,0.0,9.0,67,Delhi
2019-01-21,20.8,13.0,6.5,23.2,80,Delhi
2019-01-22,19.5,11.7,16.9,24.8,86,Delhi
2019-01-23,18.5,8.4,0.1,9.2,84,Delhi
2019-01-24,19.6,9.7,0.3,13.0,81,Delhi
2019-01-25,17.0,8.8,0.1,11.4,79,Delhi
2019-01-26,17.2,7.0,0.0,12.9,66,Delhi
2019-01-27,16.2,5.3,0.0,17.6,66,Delhi
2019-01-28,17.1,6.0,0.0,17.8,61,Delhi
2019-01-29,18.2,5.8,0.0,15.6,60,Delhi
2019-01-30,18.5,6.2,0.0,11.4,68,Delhi
2019-01-31,18.6,7.4,0.6,17.9,69,Delhi
2019-02-01,19.3,10.8,0.2,18.0,74,Delhi
2019-02-02,19.4,7.8,0.0,12.5,80,Delhi
2019-02-03,19.9,7.6,0.0,11.9,81,Delhi
2019-02-04,20.8,7.5,0.0,9.0,73,Delhi
2019-02-05,22.0,9.7,0.0,11.0,75,Delhi
2019-02-06,23.1,13.6,9.1,19.6,84,Delhi
2019-02-07,20.1,12.1,12.7,27.2,89,Delhi
2019-02-08,18.6,7.9,0.0,14.3,71,Delhi
2019-02-09,18.8,8.1,0.0,17.1,68,Delhi
2019-02-10,18.3,6.7,0.5,10.2,72,Delhi
2019-02-11,19.3,7.6,0.0,10.2,73,Delhi
2019-02-12,21.3,10.5,0.0,9.3,75,Delhi
2019-02-13,23.5,10.3,0.4,10.3,73,Delhi
2019-02-14,20.4,13.6,4.0,22.9,83,Delhi
2019-02-15,20.7,12.7,4.5,14.2,85,Delhi
2019-02-16,19.3,10.4,0.1,15.3,85,Delhi
2019-02-17,20.7,10.6,0.0,16.3,79,Delhi
2019-02-18,22.5,9.8,0.1,20.7,71,Delhi
2019-02-19,22.1,12.4,0.0,12.6,77,Delhi
2019-02-20,20.5,14.8,2.6,18.4,82,Delhi
2019-02-21,25.4,14.1,0.0,17.6,75,Delhi
2019-02-22,22.7,13.2,0.4,20.1,72,Delhi
2019-02-23,21.5,10.5,0.0,20.2,64,Delhi
2019-02-24,22.0,10.8,0.2,12.3,66,Delhi
2019-02-25,22.3,10.0,0.0,11.9,65,Delhi
2019-02-26,21.4,11.9,2.8,17.1,67,Delhi
2019-02-27,17.6,9.8,11.2,12.2,79,Delhi
2019-02-28,19.3,7.3,0.0,16.8,70,Delhi
2019-03-01,21.1,7.2,0.0,12.0,66,Delhi
2019-03-02,20.9,11.4,6.8,12.6,73,Delhi
2019-03-03,21.6,11.1,4.1,13.8,80,Delhi
2019-03-04,22.5,11.8,0.2,12.9,80,Delhi
2019-03-05,21.9,11.7,0.0,14.3,71,Delhi
2019-03-06,23.3,10.9,0.0,19.7,63,Delhi
2019-03-07,23.9,10.3,0.0,11.3,62,Delhi
2019-03-08,24.2,11.8,0.0,13.4,58,Delhi
2019-03-09,25.2,12.6,0.0,17.9,65,Delhi
2019-03-10,24.7,11.3,0.0,12.0,54,Delhi
2019-03-11,26.4,14.5,1.7,24.2,55,Delhi
2019-03-12,26.6,13.0,0.0,16.4,57,Delhi
2019-03-13,23.2,13.2,0.0,10.1,63,Delhi
2019-03-14,24.2,12.1,0.3,23.7,72,Delhi
2019-03-15,25.1,11.8,0.0,15.5,65,Delhi
2019-03-16,25.3,12.2,0.0,12.5,57,Delhi
2019-03-17,26.6,12.9,0.0,13.0,49,Delhi
2019-03-18,27.2,12.3,0.0,12.1,49,Delhi
2019-03-19,29.5,13.9,0.0,12.7,50,Delhi
2019-03-20,30.7,18.3,0.0,20.4,47,Delhi
2019-03-21,30.3,15.2,0.0,15.5,49,Delhi
2019-03-22,29.1,16.0,0.0,21.0,40,Delhi
2019-03-23,30.0,15.7,0.0,23.9,38,Delhi
2019-03-24,31.3,18.4,0.0,17.0,45,Delhi
2019-03-25,28.4,17.3,0.5,17.2,62,Delhi
2019-03-26,29.9,15.4,0.0,17.9,57,Delhi
2019-03-27,31.1,15.3,0.0,13.5,52,Delhi
2019-03-28,33.8,18.4,0.0,12.1,52,Delhi
2019-03-29,35.8,19.0,0.0,12.8,50,Delhi
2019-03-30,35.9,20.2,0.0,19.6,54,Delhi
2019-03-31,34.4,19.4,0.0,22.5,41,Delhi
2019-04-01,33.5,18.4,0.0,21.3,33,Delhi
2019-04-02,33.5,18.4,0.0,13.6,39,Delhi
2019-04-03,35.0,18.1,0.0,13.0,39,Delhi
2019-04-04,36.4,18.8,0.0,11.2,40,Delhi
2019-04-05,37.8,21.6,0.0,20.2,41,Delhi
2019-04-06,37.7,21.3,0.0,31.2,47,Delhi
2019-04-07,35.1,21.7,0.0,15.4,54,Delhi
2019-04-08,35.3,21.3,0.2,22.9,54,Delhi
2019-04-09,36.7,20.2,0.0,14.2,47,Delhi
2019-04-10,37.5,21.6,0.0,17.2,43,Delhi
2019-04-11,37.9,23.8,0.0,12.5,36,Delhi
2019-04-12,37.3,22.5,0.0,17.7,36,Delhi
2019-04-13,36.8,22.6,0.0,18.3,38,Delhi
2019-04-14,37.6,23.9,0.0,19.6,34,Delhi
2019-04-15,38.6,24.0,0.0,16.8,31,Delhi
2019-04-16,31.1,22.4,0.5,19.5,49,Delhi
2019-04-17,25.9,18.9,4.6,19.8,73,Delhi
2019-04-18,27.9,16.4,0.1,9.4,67,Delhi
2019-04-19,29.9,18.5,0.1,12.3,53,Delhi
2019-04-20,32.8,19.6,0.0,12.8,47,Delhi
2019-04-21,35.4,20.0,0.0,18.4,39,Delhi
2019-04-22,37.3,21.8,0.0,16.4,40,Delhi
2019-04-23,39.1,23.9,0.0,18.5,34,Delhi
2019-04-24,40.2,25.3,0.0,18.6,35,Delhi
2019-04-25,39.3,27.0,0.0,18.4,36,Delhi
2019-04-26,40.0,25.2,0.0,19.6,33,Delhi
2019-04-27,40.2,26.8,0.0,29.4,22,Delhi
2019-04-28,40.8,26.2,0.0,24.9,20,Delhi
2019-04-29,40.7,25.8,0.0,14.7,19,Delhi
2019-04-30,41.6,25.5,0.0,22.9,20,Delhi
2019-05-01,40.7,24.5,0.0,12.4,25,Delhi
2019-05-02,37.7,26.7,0.5,21.7,33,Delhi
2019-05-03,37.5,24.7,0.0,18.1,33,Delhi
2019-05-04,38.0,24.1,0.0,22.5,22,Delhi
2019-05-05,38.7,23.1,0.0,24.2,19,Delhi
2019-05-06,40.1,23.5,0.0,21.4,21,Delhi
2019-05-07,40.0,23.3,0.0,22.1,20,Delhi
2019-05-08,41.6,26.0,0.0,23.8,18,Delhi
2019-05-09,41.1,27.0,0.0,23.9,19,Delhi
2019-05-10,40.3,29.5,0.0,24.8,20,Delhi
2019-05-11,38.6,24.9,0.0,24.9,29,Delhi
2019-05-12,38.5,24.9,0.0,17.7,30,Delhi
2019-05-13,38.5,24.7,0.0,25.5,30,Delhi
2019-05-14,35.6,24.3,0.0,14.0,42,Delhi
2019-05-15,36.9,24.8,0.1,18.7,45,Delhi
2019-05-16,36.7,24.9,0.0,19.0,46,Delhi
2019-05-17,34.9,24.4,2.7,13.8,57,Delhi
2019-05-18,33.4,21.3,0.2,18.4,60,Delhi
2019-05-19,36.5,23.6,0.0,15.0,43,Delhi
2019-05-20,38.7,24.0,0.0,16.1,34,Delhi
2019-05-21,39.3,25.6,0.0,15.2,31,Delhi
2019-05-22,39.2,27.1,0.0,18.9,35,Delhi
2019-05-23,39.2,26.4,0.0,19.9,37,Delhi
2019-05-24,35.3,26.4,0.0,22.3,45,Delhi
2019-05-25,36.5,25.1,0.0,23.7,39,Delhi
2019-05-26,38.2,24.7,0.0,17.0,34,Delhi
2019-05-27,40.7,26.2,0.0,18.4,27,Delhi
2019-05-28,40.7,26.0,0.0,18.9,20,Delhi
2019-05-29,41.9,26.4,0.0,15.1,20,Delhi
2019-05-30,43.4,27.1,0.0,16.3,21,Delhi
2019-05-31,44.1,28.3,0.0,15.7,20,Delhi
2019-06-01,43.6,28.9,0.0,18.7,29,Delhi
2019-06-02,42.8,29.0,0.0,22.3,40,Delhi
2019-06-03,41.4,29.9,0.0,23.8,46,Delhi
2019-06-04,41.7,29.6,0.0,20.4,42,Delhi
2019-06-05,41.5,28.6,0.3,15.5,39,Delhi
2019-06-06,42.8,30.2,0.5,24.2,37,Delhi
2019-06-07,41.4,27.0,0.0,14.0,42,Delhi
2019-06-08,41.7,27.9,0.0,15.3,33,Delhi
2019-06-09,43.5,28.1,0.0,15.4,24,Delhi
2019-06-10,44.0,28.2,0.0,14.3,23,Delhi
2019-06-11,43.7,29.7,0.0,15.2,23,Delhi
2019-06-12,39.7,30.1,2.2,18.2,44,Delhi
2019-06-13,41.1,29.2,0.0,17.0,38,Delhi
2019-06-14,42.1,30.6,0.0,19.3,29,Delhi
2019-06-15,42.4,29.7,0.0,20.2,22,Delhi
2019-06-16,38.8,28.9,0.0,25.9,43,Delhi
2019-06-17,38.8,28.7,0.0,29.2,47,Delhi
2019-06-18,36.1,24.7,0.5,16.2,55,Delhi
2019-06-19,36.6,26.0,0.0,17.9,53,Delhi
2019-06-20,37.7,24.7,0.0,13.9,48,Delhi
2019-06-21,38.9,27.7,1.2,10.9,47,Delhi
2019-06-22,40.3,28.1,0.0,21.1,38,Delhi
2019-06-23,38.8,29.1,0.0,23.7,49,Delhi
2019-06-24,37.0,27.0,0.6,18.4,60,Delhi
2019-06-25,36.2,27.8,4.8,9.8,62,Delhi
2019-06-26,39.7,29.5,0.6,17.9,48,Delhi
2019-06-27,40.3,28.9,0.0,20.7,40,Delhi
2019-06-28,42.1,28.7,0.0,21.8,38,Delhi
2019-06-29,41.6,30.6,0.0,19.9,36,Delhi
2019-06-30,42.9,30.6,0.0,18.9,35,Delhi
2019-07-01,41.5,30.0,0.0,11.8,42,Delhi
2019-07-02,40.2,31.1,0.0,16.8,46,Delhi
2019-07-03,36.7,30.3,1.6,16.3,56,Delhi
2019-07-04,39.1,29.6,6.6,16.9,60,Delhi
2019-07-05,34.9,27.9,3.7,10.5,72,Delhi
2019-07-06,34.9,27.3,0.3,14.0,69,Delhi
2019-07-07,35.8,26.7,2.1,11.0,69,Delhi
2019-07-08,36.4,28.3,4.0,13.4,68,Delhi
2019-07-09,35.0,27.0,4.9,11.9,72,Delhi
2019-07-10,34.9,27.0,7.1,15.0,74,Delhi
2019-07-11,38.4,29.1,0.0,26.6,57,Delhi
2019-07-12,38.2,29.9,0.5,18.8,51,Delhi
2019-07-13,38.5,29.7,0.0,28.9,47,Delhi
2019-07-14,36.8,29.3,0.0,27.4,52,Delhi
2019-07-15,36.8,25.7,4.4,16.7,72,Delhi
2019-07-16,29.1,24.6,20.6,13.8,89,Delhi
2019-07-17,30.8,24.7,14.8,11.0,85,Delhi
2019-07-18,32.2,24.7,12.8,8.5,82,Delhi
2019-07-19,33.3,25.3,6.7,8.0,79,Delhi
2019-07-20,33.9,25.9,12.5,12.3,80,Delhi
2019-07-21,33.1,27.2,11.1,13.0,81,Delhi
2019-07-22,34.2,27.5,6.1,11.2,80,Delhi
2019-07-23,35.5,28.0,4.6,11.0,77,Delhi
2019-07-24,36.7,28.0,6.8,17.8,74,Delhi
2019-07-25,29.9,26.0,10.9,10.8,86,Delhi
2019-07-26,29.9,25.5,26.9,19.3,87,Delhi
2019-07-27,30.1,25.2,6.0,18.2,90,Delhi
2019-07-28,31.8,25.5,7.3,18.5,86,Delhi
2019-07-29,33.0,26.1,1.3,19.6,79,Delhi
2019-07-30,32.1,26.2,0.8,18.1,78,Delhi
2019-07-31,31.8,27.0,0.5,14.3,78,Delhi
2019-08-01,32.2,26.8,2.1,13.6,82,Delhi
2019-08-02,31.5,26.1,12.9,10.5,85,Delhi
2019-08-03,30.8,26.4,6.8,12.8,88,Delhi
2019-08-04,32.6,26.2,4.2,7.3,87,Delhi
2019-08-05,32.9,26.5,18.5,9.7,86,Delhi
2019-08-06,31.0,26.0,20.7,12.4,89,Delhi
2019-08-07,30.9,25.7,7.0,12.4,88,Delhi
2019-08-08,33.8,27.2,0.5,14.4,78,Delhi
2019-08-09,31.4,27.6,0.8,28.5,75,Delhi
2019-08-10,32.2,26.0,1.7,24.5,80,Delhi
2019-08-11,32.8,26.4,0.3,11.3,79,Delhi
2019-08-12,32.2,26.9,7.6,13.3,80,Delhi
2019-08-13,33.2,26.9,20.1,19.2,84,Delhi
2019-08-14,31.6,25.5,2.8,8.6,88,Delhi
2019-08-15,31.9,27.0,11.2,22.0,82,Delhi
2019-08-16,30.9,26.1,9.4,23.6,84,Delhi
2019-08-17,27.7,25.3,8.4,28.3,90,Delhi
2019-08-18,30.7,24.4,31.0,15.8,87,Delhi
2019-08-19,31.7,24.2,1.3,8.9,84,Delhi
2019-08-20,32.7,25.2,0.8,16.6,82,Delhi
2019-08-21,33.9,24.6,0.0,15.8,78,Delhi
2019-08-22,32.1,25.5,0.8,9.7,84,Delhi
2019-08-23,32.9,25.6,4.0,5.5,82,Delhi
2019-08-24,33.6,26.2,3.9,14.0,83,Delhi
2019-08-25,30.4,26.1,12.9,13.0,88,Delhi
2019-08-26,32.3,25.6,0.6,17.0,83,Delhi
2019-08-27,33.4,26.1,0.1,9.7,80,Delhi
2019-08-28,34.0,26.9,0.4,12.9,78,Delhi
2019-08-29,33.6,27.3,1.0,12.7,80,Delhi
2019-08-30,33.5,26.5,0.9,9.8,81,Delhi
2019-08-31,33.0,26.8,6.4,10.7,78,Delhi
2019-09-01,31.6,26.4,4.7,13.8,86,Delhi
2019-09-02,33.2,25.8,1.3,9.4,83,Delhi
2019-09-03,33.5,26.7,5.5,10.4,80,Delhi
2019-09-04,32.2,25.5,7.8,12.6,85,Delhi
2019-09-05,32.6,26.6,0.6,11.9,82,Delhi
2019-09-06,32.9,26.9,0.4,12.1,81,Delhi
2019-09-07,32.0,26.5,2.1,13.7,85,Delhi
2019-09-08,33.2,26.1,0.2,12.6,83,Delhi
2019-09-09,34.2,25.7,0.1,9.0,78,Delhi
2019-09-10,35.2,26.6,0.0,9.4,74,Delhi
2019-09-11,35.7,26.5,0.4,10.2,73,Delhi
2019-09-12,33.8,27.5,0.6,18.4,79,Delhi
2019-09-13,33.6,26.4,0.6,16.1,77,Delhi
2019-09-14,32.2,26.0,0.7,15.9,79,Delhi
2019-09-15,31.6,25.5,5.2,12.3,83,Delhi
2019-09-16,33.3,25.2,0.4,10.4,81,Delhi
2019-09-17,32.1,26.0,2.0,13.0,80,Delhi
2019-09-18,31.9,25.9,3.0,19.3,80,Delhi
2019-09-19,30.3,24.7,1.0,16.6,80,Delhi
2019-09-20,30.9,23.1,7.7,15.9,83,Delhi
2019-09-21,31.6,24.6,0.7,11.9,80,Delhi
2019-09-22,29.9,25.1,13.9,15.9,83,Delhi
2019-09-23,31.1,23.5,2.0,12.8,81,Delhi
2019-09-24,31.6,23.4,2.9,17.8,80,Delhi
2019-09-25,31.1,24.1,3.6,19.2,81,Delhi
2019-09-26,30.5,25.1,1.9,20.2,76,Delhi
2019-09-27,30.3,24.3,0.5,19.5,78,Delhi
2019-09-28,29.3,22.8,4.6,22.3,83,Delhi
2019-09-29,27.3,23.1,2.0,14.7,84,Delhi
2019-09-30,29.7,22.6,6.0,11.4,83,Delhi
2019-10-01,28.7,22.3,4.5,12.6,85,Delhi
2019-10-02,30.9,22.2,0.2,7.9,80,Delhi
2019-10-03,32.4,22.9,0.0,11.5,73,Delhi
2019-10-04,29.7,23.1,4.9,17.3,72,Delhi
2019-10-05,31.9,21.9,0.0,16.7,66,Delhi
2019-10-06,32.2,21.1,0.0,13.2,62,Delhi
2019-10-07,31.5,22.1,0.0,17.4,62,Delhi
2019-10-08,31.7,21.0,0.0,9.8,57,Delhi
2019-10-09,30.0,20.3,0.0,9.6,61,Delhi
2019-10-10,31.0,20.7,0.0,9.7,59,Delhi
2019-10-11,32.1,20.5,0.0,10.7,54,Delhi
2019-10-12,33.2,22.1,0.0,10.7,57,Delhi
2019-10-13,33.4,22.9,0.0,13.7,52,Delhi
2019-10-14,33.5,20.7,0.0,13.2,58,Delhi
2019-10-15,33.3,21.2,0.0,9.7,62,Delhi
2019-10-16,33.3,21.6,0.0,10.2,58,Delhi
2019-10-17,32.1,22.1,0.0,10.2,61,Delhi
2019-10-18,31.5,22.6,2.7,12.3,65,Delhi
2019-10-19,30.8,21.1,2.5,10.1,67,Delhi
2019-10-20,32.6,20.3,0.0,13.8,49,Delhi
2019-10-21,31.8,18.9,0.0,20.5,51,Delhi
2019-10-22,31.5,19.1,0.0,19.1,48,Delhi
2019-10-23,31.6,17.7,0.0,12.5,54,Delhi
2019-10-24,30.9,18.0,0.0,9.4,65,Delhi
2019-10-25,29.9,19.7,0.0,9.9,63,Delhi
2019-10-26,30.1,18.9,0.0,8.9,61,Delhi
2019-10-27,31.5,18.5,0.0,13.2,58,Delhi
2019-10-28,30.4,18.3,0.0,9.5,59,Delhi
2019-10-29,29.4,19.5,0.0,7.1,65,Delhi
2019-10-30,31.0,21.3,0.0,13.8,64,Delhi
2019-10-31,30.9,18.3,0.0,12.7,66,Delhi
2019-11-01,31.2,18.9,0.0,11.4,65,Delhi
2019-11-02,30.4,19.8,0.2,18.9,69,Delhi
2019-11-03,28.8,19.2,0.0,13.1,71,Delhi
2019-11-04,29.0,19.1,0.0,19.7,63,Delhi
2019-11-05,29.2,18.2,0.0,19.4,57,Delhi
2019-11-06,29.8,16.9,0.0,11.2,59,Delhi
2019-11-07,26.0,19.4,1.4,15.2,71,Delhi
2019-11-08,26.8,17.2,0.8,11.4,74,Delhi
2019-11-09,28.5,17.1,0.0,15.8,60,Delhi
2019-11-10,27.5,15.5,0.0,13.4,60,Delhi
2019-11-11,26.8,15.3,0.0,13.8,59,Delhi
2019-11-12,27.4,12.8,0.0,11.9,62,Delhi
2019-11-13,27.2,14.6,0.0,8.6,67,Delhi
2019-11-14,27.6,17.3,0.0,12.4,69,Delhi
2019-11-15,27.0,16.8,0.0,12.1,72,Delhi
2019-11-16,28.6,16.9,0.0,21.4,64,Delhi
2019-11-17,27.9,17.4,0.0,23.7,61,Delhi
2019-11-18,25.8,15.3,0.0,16.9,64,Delhi
2019-11-19,25.9,14.1,0.0,11.5,66,Delhi
2019-11-20,25.9,13.0,0.0,10.6,65,Delhi
2019-11-21,26.2,13.5,0.0,10.1,67,Delhi
2019-11-22,27.0,14.3,0.0,9.8,65,Delhi
2019-11-23,26.0,15.9,0.0,17.6,62,Delhi
2019-11-24,26.0,16.0,0.0,13.6,64,Delhi
2019-11-25,25.5,14.7,0.0,9.2,67,Delhi
2019-11-26,25.0,16.1,0.9,17.6,67,Delhi
2019-11-27,25.2,15.2,0.0,12.0,68,Delhi
2019-11-28,22.7,16.2,22.1,18.5,83,Delhi
2019-11-29,22.9,13.2,0.0,8.3,82,Delhi
2019-11-30,22.2,13.3,0.0,12.0,78,Delhi
2019-12-01,21.8,11.5,0.0,11.3,74,Delhi
2019-12-02,21.9,11.1,0.0,14.3,70,Delhi
2019-12-03,22.4,10.2,0.0,14.3,66,Delhi
2019-12-04,21.8,9.5,0.0,9.3,72,Delhi
2019-12-05,21.3,10.4,0.0,9.9,74,Delhi
2019-12-06,21.8,10.1,0.0,9.2,82,Delhi
2019-12-07,22.4,10.0,0.0,8.9,79,Delhi
2019-12-08,22.5,10.1,0.0,10.2,79,Delhi
2019-12-09,21.8,9.2,0.0,11.2,73,Delhi
2019-12-10,21.4,8.5,0.0,10.8,70,Delhi
2019-12-11,21.4,8.9,0.0,9.2,71,Delhi
2019-12-12,18.4,13.5,5.9,23.7,78,Delhi
2019-12-13,19.5,11.4,3.7,20.3,87,Delhi
2019-12-14,17.7,9.8,0.0,8.6,85,Delhi
2019-12-15,18.5,9.3,0.0,10.5,80,Delhi
2019-12-16,18.3,9.1,0.0,13.0,80,Delhi
2019-12-17,18.2,8.1,0.0,13.3,80,Delhi
2019-12-18,18.0,7.9,0.0,14.0,78,Delhi
2019-12-19,17.2,5.8,0.0,8.8,80,Delhi
2019-12-20,18.0,8.5,0.0,7.5,79,Delhi
2019-12-21,16.2,10.3,0.2,8.9,81,Delhi
2019-12-22,18.5,8.2,0.0,13.3,84,Delhi
2019-12-23,18.6,8.2,0.0,14.4,82,Delhi
2019-12-24,15.3,5.8,0.0,9.4,90,Delhi
2019-12-25,15.3,5.2,0.0,12.4,87,Delhi
2019-12-26,14.9,4.3,0.0,14.8,84,Delhi
2019-12-27,13.6,3.3,0.0,9.7,88,Delhi
2019-12-28,13.1,3.0,0.0,8.6,90,Delhi
2019-12-29,13.1,3.8,0.0,10.2,86,Delhi
2019-12-30,12.8,3.3,0.0,10.2,89,Delhi
2019-12-31,12.9,2.0,0.0,10.2,78,Delhi
2020-01-01,17.7,2.9,0.0,12.0,79,Delhi
2020-01-02,19.5,6.8,0.0,12.4,79,Delhi
2020-01-03,19.0,8.3,0.1,9.8,78,Delhi
2020-01-04,18.9,8.8,0.5,9.7,82,Delhi
2020-01-05,19.8,7.9,0.0,12.9,74,Delhi
2020-01-06,17.1,10.3,0.0,11.6,76,Delhi
2020-01-07,17.8,11.1,2.1,13.0,83,Delhi
2020-01-08,15.3,10.3,17.5,14.5,92,Delhi
2020-01-09,16.0,7.1,0.0,16.1,78,Delhi
2020-01-10,16.6,5.8,0.0,16.1,77,Delhi
2020-01-11,16.9,5.5,0.0,11.3,77,Delhi
2020-01-12,19.7,6.0,0.0,10.9,78,Delhi
2020-01-13,20.6,9.2,16.6,19.3,83,Delhi
2020-01-14,18.3,10.5,0.3,11.7,86,Delhi
2020-01-15,18.6,7.4,0.0,12.2,83,Delhi
2020-01-16,15.8,9.4,11.1,10.0,90,Delhi
2020-01-17,17.9,10.2,0.6,11.0,88,Delhi
2020-01-18,17.2,8.9,0.2,10.9,89,Delhi
2020-01-19,17.6,7.8,0.0,12.7,82,Delhi
2020-01-20,17.5,7.2,0.0,12.5,84,Delhi
2020-01-21,18.2,9.3,0.0,9.5,86,Delhi
2020-01-22,18.8,7.4,0.0,15.1,82,Delhi
2020-01-23,17.8,8.5,0.0,23.2,66,Delhi
2020-01-24,19.2,8.4,0.0,22.6,60,Delhi
2020-01-25,18.2,5.3,0.0,9.8,74,Delhi
2020-01-26,20.2,7.1,0.0,10.5,79,Delhi
2020-01-27,20.0,8.6,0.4,16.7,77,Delhi
2020-01-28,19.3,11.0,16.0,20.7,83,Delhi
2020-01-29,18.5,10.3,0.5,10.2,82,Delhi
2020-01-30,18.2,8.5,0.0,17.8,77,Delhi
2020-01-31,17.5,7.4,0.0,12.7,74,Delhi
2020-02-01,18.3,7.6,0.0,12.5,74,Delhi
2020-02-02,18.1,6.8,0.0,14.4,76,Delhi
2020-02-03,18.8,6.5,0.0,11.8,74,Delhi
2020-02-04,19.6,7.2,0.0,10.4,74,Delhi
2020-02-05,19.0,8.3,0.0,16.0,74,Delhi
2020-02-06,17.5,6.9,0.0,11.2,75,Delhi
2020-02-07,18.3,8.1,0.1,12.0,71,Delhi
2020-02-08,19.1,7.0,0.0,10.7,75,Delhi
2020-02-09,19.8,7.0,0.0,10.2,75,Delhi
2020-02-10,20.1,7.4,0.0,11.1,73,Delhi
2020-02-11,20.6,7.2,0.0,11.2,73,Delhi
2020-02-12,23.8,9.1,0.0,19.5,68,Delhi
2020-02-13,26.6,13.0,0.0,20.6,57,Delhi
2020-02-14,24.0,13.8,0.0,29.0,51,Delhi
2020-02-15,24.7,12.2,0.0,21.3,47,Delhi
2020-02-16,25.0,11.0,0.0,12.2,60,Delhi
2020-02-17,25.5,9.1,0.0,17.7,56,Delhi
2020-02-18,25.4,10.3,0.0,20.2,48,Delhi
2020-02-19,25.2,10.0,0.0,21.5,54,Delhi
2020-02-20,26.3,15.0,2.1,25.4,62,Delhi
2020-02-21,18.9,13.6,13.4,25.2,84,Delhi
2020-02-22,21.5,13.9,0.7,11.9,79,Delhi
2020-02-23,23.2,13.2,2.6,17.8,82,Delhi
2020-02-24,23.5,12.3,0.1,11.8,78,Delhi
2020-02-25,24.4,13.1,0.0,16.3,74,Delhi
2020-02-26,25.0,12.7,0.0,11.2,74,Delhi
2020-02-27,25.4,13.4,0.0,12.1,76,Delhi
2020-02-28,25.6,16.0,0.0,19.3,74,Delhi
2020-02-29,21.9,16.1,9.1,22.3,82,Delhi
2020-03-01,24.9,15.1,0.0,14.8,80,Delhi
2020-03-02,25.4,14.8,0.2,9.4,78,Delhi
2020-03-03,26.0,13.6,0.0,10.5,70,Delhi
2020-03-04,24.9,13.9,1.0,17.2,72,Delhi
2020-03-05,24.5,14.5,13.0,27.8,79,Delhi
2020-03-06,21.3,13.7,23.3,30.4,86,Delhi
2020-03-07,20.4,12.8,1.7,18.9,85,Delhi
2020-03-08,22.7,11.6,0.0,16.4,79,Delhi
2020-03-09,23.6,11.8,0.0,20.3,67,Delhi
2020-03-10,23.7,10.1,0.0,11.0,68,Delhi
2020-03-11,23.9,14.9,2.6,20.9,74,Delhi
2020-03-12,25.7,14.3,0.0,21.1,67,Delhi
2020-03-13,24.7,13.7,10.0,23.2,65,Delhi
2020-03-14,20.7,13.5,4.2,20.4,82,Delhi
2020-03-15,21.3,11.2,0.1,10.7,78,Delhi
2020-03-16,23.9,12.8,0.0,12.0,75,Delhi
2020-03-17,25.6,13.5,0.0,14.1,71,Delhi
2020-03-18,27.1,14.3,0.0,14.8,67,Delhi
2020-03-19,27.4,15.2,0.2,12.5,71,Delhi
2020-03-20,29.0,16.0,0.4,16.7,69,Delhi
2020-03-21,28.4,15.2,1.6,9.2,70,Delhi
2020-03-22,28.6,15.5,0.0,13.8,68,Delhi
2020-03-23,29.2,16.2,0.0,9.4,61,Delhi
2020-03-24,30.2,18.2,0.7,10.8,64,Delhi
2020-03-25,30.3,17.8,0.0,21.8,62,Delhi
2020-03-26,29.7,18.8,0.0,19.6,61,Delhi
2020-03-27,25.2,19.2,6.0,16.2,74,Delhi
2020-03-28,27.3,16.1,0.1,17.3,69,Delhi
2020-03-29,28.2,16.4,0.0,22.5,59,Delhi
2020-03-30,28.8,15.8,0.0,19.2,55,Delhi
2020-03-31,30.1,16.1,0.1,20.1,56,Delhi
2020-04-01,31.1,17.6,0.0,13.0,56,Delhi
2020-04-02,29.5,17.8,0.0,20.9,53,Delhi
2020-04-03,29.4,16.1,0.0,19.1,44,Delhi
2020-04-04,31.0,15.5,0.0,17.2,48,Delhi
2020-04-05,31.6,17.0,0.0,15.5,53,Delhi
2020-04-06,33.4,18.4,0.0,18.0,46,Delhi
2020-04-07,32.8,18.4,0.4,19.6,46,Delhi
2020-04-08,31.5,18.7,0.0,16.7,46,Delhi
2020-04-09,31.5,17.5,0.0,15.8,46,Delhi
2020-04-10,34.0,18.0,0.0,17.2,47,Delhi
2020-04-11,35.1,19.2,0.0,13.8,42,Delhi
2020-04-12,34.9,20.8,0.0,15.0,42,Delhi
2020-04-13,37.0,20.8,0.0,20.6,41,Delhi
2020-04-14,37.9,22.8,0.0,22.0,41,Delhi
2020-04-15,37.6,25.1,0.0,20.6,38,Delhi
2020-04-16,37.8,23.1,0.0,16.9,36,Delhi
2020-04-17,34.7,25.2,0.0,20.4,34,Delhi
2020-04-18,35.5,23.5,0.0,25.1,38,Delhi
2020-04-19,33.9,22.3,0.0,14.4,43,Delhi
2020-04-20,33.9,21.6,0.4,14.5,45,Delhi
2020-04-21,32.2,19.6,0.0,14.8,51,Delhi
2020-04-22,34.1,20.0,0.0,13.8,41,Delhi
2020-04-23,35.5,24.3,0.0,20.2,38,Delhi
2020-04-24,35.4,21.7,0.0,11.4,41,Delhi
2020-04-25,33.7,23.6,0.5,17.1,43,Delhi
2020-04-26,31.8,23.4,1.0,29.5,58,Delhi
2020-04-27,30.4,20.8,2.8,21.1,69,Delhi
2020-04-28,32.3,21.6,0.2,14.8,64,Delhi
2020-04-29,34.7,21.1,0.0,12.6,55,Delhi
2020-04-30,36.1,24.1,0.2,23.2,51,Delhi
2020-05-01,38.4,22.4,0.0,17.3,54,Delhi
2020-05-02,36.6,24.3,0.9,29.5,57,Delhi
2020-05-03,34.7,23.5,21.8,25.5,64,Delhi
2020-05-04,32.9,21.0,0.0,14.6,66,Delhi
2020-05-05,34.4,23.1,0.0,25.6,50,Delhi
2020-05-06,35.2,21.7,0.0,18.8,45,Delhi
2020-05-07,35.8,22.1,0.0,17.7,44,Delhi
2020-05-08,38.1,23.1,0.0,13.7,40,Delhi
2020-05-09,39.5,25.2,0.0,14.7,41,Delhi
2020-05-10,36.3,24.5,0.8,17.7,54,Delhi
2020-05-11,35.8,22.8,0.3,15.3,57,Delhi
2020-05-12,35.5,23.1,0.0,17.0,55,Delhi
2020-05-13,35.5,25.8,0.3,14.9,55,Delhi
2020-05-14,36.8,24.1,0.0,13.2,53,Delhi
2020-05-15,38.2,24.7,0.0,20.4,41,Delhi
2020-05-16,38.1,24.6,0.0,18.4,33,Delhi
2020-05-17,38.7,24.1,0.0,16.0,32,Delhi
2020-05-18,38.7,23.8,0.0,17.2,30,Delhi
2020-05-19,38.6,24.7,0.0,14.3,22,Delhi
2020-05-20,37.7,23.3,0.0,21.2,26,Delhi
2020-05-21,40.2,24.0,0.0,22.7,26,Delhi
2020-05-22,42.1,25.3,0.0,11.8,26,Delhi
2020-05-23,41.7,27.7,0.0,18.1,28,Delhi
2020-05-24,42.3,27.7,0.0,23.7,25,Delhi
2020-05-25,43.2,27.8,0.0,23.1,22,Delhi
2020-05-26,44.2,29.6,0.0,19.7,19,Delhi
2020-05-27,43.7,28.9,0.0,17.1,21,Delhi
2020-05-28,38.2,28.6,0.1,29.8,41,Delhi
2020-05-29,35.1,25.9,4.2,27.5,58,Delhi
2020-05-30,32.7,23.5,5.4,20.0,61,Delhi
2020-05-31,32.6,22.9,0.2,16.2,69,Delhi
2020-06-01,33.3,21.6,0.0,9.6,67,Delhi
2020-06-02,34.4,24.0,0.0,14.1,62,Delhi
2020-06-03,35.8,24.2,0.0,11.3,58,Delhi
2020-06-04,34.4,24.9,0.0,11.8,57,Delhi
2020-06-05,34.4,24.8,0.0,12.2,60,Delhi
2020-06-06,34.4,24.4,0.0,13.1,58,Delhi
2020-06-07,36.2,26.7,1.2,15.0,59,Delhi
2020-06-08,35.5,25.6,0.1,13.2,60,Delhi
2020-06-09,37.9,26.7,0.0,12.3,51,Delhi
2020-06-10,38.4,28.3,0.0,19.4,52,Delhi
2020-06-11,37.6,27.7,0.0,11.6,53,Delhi
2020-06-12,38.5,28.9,0.0,16.6,52,Delhi
2020-06-13,38.5,29.6,0.0,15.3,55,Delhi
2020-06-14,38.5,29.2,0.0,12.1,56,Delhi
2020-06-15,40.1,29.2,0.0,18.2,47,Delhi
2020-06-16,39.2,28.5,0.1,14.3,48,Delhi
2020-06-17,39.9,29.0,0.0,17.6,52,Delhi
2020-06-18,41.2,28.1,0.0,18.4,50,Delhi
2020-06-19,40.3,30.0,0.0,19.3,53,Delhi
2020-06-20,39.2,29.5,1.2,19.9,54,Delhi
2020-06-21,38.6,28.7,0.0,13.8,54,Delhi
2020-06-22,36.5,27.6,1.0,10.9,61,Delhi
2020-06-23,35.1,28.4,2.0,21.0,64,Delhi
2020-06-24,33.1,28.3,3.1,15.1,72,Delhi
2020-06-25,37.1,26.7,0.0,10.2,66,Delhi
2020-06-26,36.4,27.9,1.4,18.8,65,Delhi
2020-06-27,38.3,29.5,0.1,29.5,57,Delhi
2020-06-28,38.9,30.3,0.2,26.2,51,Delhi
2020-06-29,39.7,29.7,0.5,24.6,54,Delhi
2020-06-30,36.4,27.2,0.0,17.1,63,Delhi
2020-07-01,38.2,28.6,0.0,14.2,59,Delhi
2015-01-01,20.4,13.2,13.2,13.1,85,Lucknow
2015-01-02,19.8,14.4,11.7,15.9,88,Lucknow
2015-01-03,19.8,15.7,0.3,6.7,91,Lucknow
2015-01-04,20.7,14.2,0.0,15.0,83,Lucknow
2015-01-05,20.3,11.3,0.0,23.9,73,Lucknow
2015-01-06,20.2,10.5,0.0,14.2,77,Lucknow
2015-01-07,20.2,11.5,0.1,8.6,81,Lucknow
2015-01-08,19.2,13.1,0.1,8.1,77,Lucknow
2015-01-09,19.7,9.0,0.0,10.0,81,Lucknow
2015-01-10,18.7,10.2,0.0,12.9,81,Lucknow
2015-01-11,17.3,7.0,0.0,8.3,87,Lucknow
2015-01-12,18.0,7.4,0.0,6.7,81,Lucknow
2015-01-13,18.6,6.1,0.0,7.9,87,Lucknow
2015-01-14,18.5,6.9,0.4,15.0,85,Lucknow
2015-01-15,20.4,8.3,0.0,8.0,80,Lucknow
2015-01-16,19.1,8.9,0.0,8.3,79,Lucknow
2015-01-17,19.5,9.4,0.0,8.5,78,Lucknow
2015-01-18,19.5,9.3,0.0,10.5,79,Lucknow
2015-01-19,18.6,8.6,0.0,9.2,81,Lucknow
2015-01-20,18.3,6.2,0.0,9.1,83,Lucknow
2015-01-21,19.6,6.2,0.0,10.9,85,Lucknow
2015-01-22,20.2,8.9,2.4,15.6,78,Lucknow
2015-01-23,20.6,8.9,0.0,10.6,79,Lucknow
2015-01-24,20.9,12.6,0.0,14.5,78,Lucknow
2015-01-25,19.6,10.8,3.1,10.3,78,Lucknow
2015-01-26,18.6,12.3,5.5,6.1,84,Lucknow
2015-01-27,21.4,13.2,0.3,11.8,78,Lucknow
2015-01-28,19.3,11.3,0.0,11.2,70,Lucknow
2015-01-29,18.7,9.1,0.0,14.3,73,Lucknow
2015-01-30,19.8,8.7,0.0,18.7,66,Lucknow
2015-01-31,20.0,8.2,0.0,12.8,67,Lucknow
2015-02-01,21.2,7.2,0.0,8.6,74,Lucknow
2015-02-02,22.6,10.3,0.1,15.0,75,Lucknow
2015-02-03,24.7,13.6,5.8,18.7,77,Lucknow
2015-02-04,23.1,12.6,0.0,15.1,79,Lucknow
2015-02-05,21.3,11.4,0.0,12.2,77,Lucknow
2015-02-06,21.7,9.1,0.0,9.1,73,Lucknow
2015-02-07,23.0,9.6,0.0,13.0,74,Lucknow
2015-02-08,21.1,12.3,0.8,9.5,86,Lucknow
2015-02-09,24.3,11.7,0.0,10.7,76,Lucknow
2015-02-10,24.3,11.0,0.0,14.3,67,Lucknow
2015-02-11,23.6,9.6,0.0,13.3,64,Lucknow
2015-02-12,24.3,10.7,0.0,12.6,68,Lucknow
2015-02-13,23.8,11.5,0.0,16.2,65,Lucknow
2015-02-14,26.5,10.9,0.0,9.4,66,Lucknow
2015-02-15,25.9,14.5,0.0,13.3,69,Lucknow
2015-02-16,26.0,14.4,0.0,11.5,68,Lucknow
2015-02-17,27.2,14.6,0.0,14.2,71,Lucknow
2015-02-18,26.5,16.3,0.2,11.2,71,Lucknow
2015-02-19,27.4,14.5,0.0,10.4,70,Lucknow
2015-02-20,30.2,14.9,1.5,16.1,74,Lucknow
2015-02-21,30.3,14.6,0.0,18.1,66,Lucknow
2015-02-22,28.0,16.3,0.0,12.6,68,Lucknow
2015-02-23,28.3,15.7,0.0,8.2,70,Lucknow
2015-02-24,29.7,17.0,0.0,7.8,69,Lucknow
2015-02-25,30.8,17.5,0.0,15.5,70,Lucknow
2015-02-26,26.1,18.7,1.9,18.5,79,Lucknow
2015-02-27,27.5,15.9,0.0,11.5,71,Lucknow
2015-02-28,29.0,17.2,0.1,8.8,60,Lucknow
2015-03-01,21.7,16.7,47.5,29.3,88,Lucknow
2015-03-02,22.4,16.4,16.4,26.9,85,Lucknow
2015-03-03,22.7,16.4,0.7,9.3,87,Lucknow
2015-03-04,22.7,13.3,0.0,18.3,72,Lucknow
2015-03-05,23.7,11.7,0.0,15.9,64,Lucknow
2015-03-06,25.9,11.2,0.0,17.5,68,Lucknow
2015-03-07,26.8,13.7,0.0,13.4,67,Lucknow
2015-03-08,27.3,15.3,0.1,11.2,69,Lucknow
2015-03-09,29.5,16.4,0.0,15.0,61,Lucknow
2015-03-10,25.7,14.0,0.0,15.5,59,Lucknow
2015-03-11,26.4,11.7,0.0,11.9,61,Lucknow
2015-03-12,27.9,12.1,0.0,13.0,63,Lucknow
2015-03-13,29.5,15.4,0.0,14.2,61,Lucknow
2015-03-14,28.5,16.7,0.5,12.5,75,Lucknow
2015-03-15,25.6,18.3,14.2,15.5,78,Lucknow
2015-03-16,25.5,16.2,5.0,11.4,83,Lucknow
2015-03-17,28.0,16.7,0.0,17.9,70,Lucknow
2015-03-18,26.7,17.1,0.0,19.5,63,Lucknow
2015-03-19,27.5,15.3,0.0,14.7,63,Lucknow
2015-03-20,28.9,13.8,0.0,14.1,60,Lucknow
2015-03-21,31.0,14.3,0.0,14.2,59,Lucknow
2015-03-22,32.5,17.7,0.0,18.5,54,Lucknow
2015-03-23,32.3,17.7,0.0,14.9,52,Lucknow
2015-03-24,33.0,16.5,0.0,9.7,58,Lucknow
2015-03-25,34.1,18.1,0.0,7.9,51,Lucknow
2015-03-26,34.9,19.8,0.0,7.9,51,Lucknow
2015-03-27,35.2,22.5,0.4,9.2,50,Lucknow
2015-03-28,35.3,21.2,0.0,13.4,53,Lucknow
2015-03-29,34.5,19.7,0.0,16.1,50,Lucknow
2015-03-30,27.0,20.0,6.2,18.6,77,Lucknow
2015-03-31,30.8,18.3,0.1,12.0,69,Lucknow
2015-04-01,33.2,19.2,0.0,10.9,57,Lucknow
2015-04-02,36.1,19.8,0.0,13.0,51,Lucknow
2015-04-03,34.4,21.6,1.7,23.6,50,Lucknow
2015-04-04,30.6,20.5,1.0,17.3,52,Lucknow
2015-04-05,32.1,18.2,0.0,10.1,50,Lucknow
2015-04-06,33.2,18.7,0.0,8.4,45,Lucknow
2015-04-07,33.2,19.0,0.0,11.9,44,Lucknow
2015-04-08,34.5,18.9,0.0,15.3,43,Lucknow
2015-04-09,34.9,20.5,0.0,22.9,35,Lucknow
2015-04-10,36.4,20.3,0.0,18.4,34,Lucknow
2015-04-11,37.4,19.7,0.0,12.7,33,Lucknow
2015-04-12,32.0,24.7,2.1,20.4,46,Lucknow
2015-04-13,29.0,21.5,7.5,19.8,66,Lucknow
2015-04-14,29.8,20.4,12.7,17.3,75,Lucknow
2015-04-15,29.0,20.8,12.9,8.9,78,Lucknow
2015-04-16,32.1,20.8,0.0,10.1,67,Lucknow
2015-04-17,33.3,22.0,0.0,18.6,55,Lucknow
2015-04-18,37.0,21.3,0.0,15.3,51,Lucknow
2015-04-19,38.2,22.4,0.0,11.2,50,Lucknow
2015-04-20,36.9,26.1,0.0,21.1,55,Lucknow
2015-04-21,40.1,23.7,0.0,18.9,46,Lucknow
2015-04-22,39.2,24.2,0.0,21.3,27,Lucknow
2015-04-23,39.1,22.5,0.0,10.7,27,Lucknow
2015-04-24,38.6,21.7,1.6,15.9,34,Lucknow
2015-04-25,32.6,23.2,0.0,29.3,57,Lucknow
2015-04-26,32.0,21.7,0.0,26.8,59,Lucknow
2015-04-27,33.4,23.4,0.0,21.6,55,Lucknow
2015-04-28,34.7,22.8,6.4,19.9,58,Lucknow
2015-04-29,34.6,23.4,0.0,15.3,58,Lucknow
2015-04-30,35.3,23.3,0.0,15.0,55,Lucknow
2015-05-01,37.2,25.1,1.0,20.5,50,Lucknow
2015-05-02,37.3,24.8,0.0,15.0,41,Lucknow
2015-05-03,38.6,21.3,0.0,11.9,36,Lucknow
2015-05-04,39.7,22.2,0.0,14.0,30,Lucknow
2015-05-05,40.3,23.9,0.0,11.4,28,Lucknow
2015-05-06,41.5,24.0,0.0,14.7,31,Lucknow
2015-05-07,39.9,24.0,0.0,10.0,32,Lucknow
2015-05-08,39.7,26.0,0.0,13.5,45,Lucknow
2015-05-09,39.3,27.0,0.5,16.0,48,Lucknow
2015-05-10,41.4,25.2,0.0,17.6,45,Lucknow
2015-05-11,40.5,24.7,0.0,17.1,39,Lucknow
2015-05-12,37.3,27.5,0.0,16.3,51,Lucknow
2015-05-13,36.6,27.2,0.4,10.5,55,Lucknow
2015-05-14,37.3,26.8,0.0,16.3,54,Lucknow
2015-05-15,37.9,27.1,0.0,15.8,45,Lucknow
2015-05-16,36.3,25.9,0.0,15.8,42,Lucknow
2015-05-17,37.8,25.0,0.0,7.7,47,Lucknow
2015-05-18,39.4,27.7,0.0,12.7,43,Lucknow
2015-05-19,40.0,28.4,0.7,16.7,49,Lucknow
2015-05-20,40.4,27.3,0.0,21.5,37,Lucknow
2015-05-21,42.3,26.9,0.0,23.7,27,Lucknow
2015-05-22,42.7,27.8,0.0,18.9,24,Lucknow
2015-05-23,43.7,27.5,0.0,18.2,23,Lucknow
2015-05-24,44.0,27.5,0.0,18.4,23,Lucknow
2015-05-25,43.5,27.5,0.0,11.9,27,Lucknow
2015-05-26,42.9,29.5,0.0,17.6,40,Lucknow
2015-05-27,41.2,27.4,0.0,14.6,48,Lucknow
2015-05-28,42.0,27.3,0.0,15.2,30,Lucknow
2015-05-29,43.4,27.5,0.0,16.6,27,Lucknow
2015-05-30,42.5,27.9,0.0,16.5,30,Lucknow
2015-05-31,42.3,27.4,0.0,23.6,29,Lucknow
2015-06-01,41.2,26.6,0.0,13.7,27,Lucknow
2015-06-02,40.3,27.0,0.9,11.4,32,Lucknow
2015-06-03,41.3,27.6,0.0,8.3,34,Lucknow
2015-06-04,40.7,28.9,0.9,12.5,39,Lucknow
2015-06-05,40.5,28.2,0.0,11.6,42,Lucknow
2015-06-06,41.6,29.0,0.0,19.8,31,Lucknow
2015-06-07,42.1,28.8,0.0,17.1,29,Lucknow
2015-06-08,44.0,29.3,0.0,13.7,28,Lucknow
2015-06-09,44.8,30.3,0.0,25.2,25,Lucknow
2015-06-10,43.0,32.7,0.0,26.3,27,Lucknow
2015-06-11,41.7,33.0,0.0,21.4,33,Lucknow
2015-06-12,41.0,31.8,0.1,19.6,36,Lucknow
2015-06-13,39.5,29.9,2.5,20.6,51,Lucknow
2015-06-14,37.3,25.9,0.0,14.8,60,Lucknow
2015-06-15,37.3,25.9,0.8,17.3,58,Lucknow
2015-06-16,37.5,27.8,0.8,12.8,56,Lucknow
2015-06-17,37.5,29.0,0.1,15.1,53,Lucknow
2015-06-18,38.5,28.4,0.1,12.3,53,Lucknow
2015-06-19,38.5,28.4,0.2,18.4,58,Lucknow
2015-06-20,39.1,30.4,0.1,20.7,51,Lucknow
2015-06-21,39.3,31.3,0.0,24.9,49,Lucknow
2015-06-22,37.8,30.5,0.0,20.6,49,Lucknow
2015-06-23,38.9,29.5,0.8,15.2,53,Lucknow
2015-06-24,37.0,27.8,25.5,13.4,63,Lucknow
2015-06-25,32.1,26.3,13.3,16.6,77,Lucknow
2015-06-26,34.0,25.6,68.6,19.5,75,Lucknow
2015-06-27,35.4,26.4,0.0,17.2,69,Lucknow
2015-06-28,30.1,25.6,10.2,16.3,83,Lucknow
2015-06-29,28.1,25.2,17.9,19.4,86,Lucknow
2015-06-30,28.3,25.0,9.1,16.0,88,Lucknow
2015-07-01,32.4,25.2,0.1,13.8,77,Lucknow
2015-07-02,34.3,26.3,1.1,12.8,76,Lucknow
2015-07-03,35.4,28.0,0.0,16.0,69,Lucknow
2015-07-04,35.9,29.4,0.0,19.5,61,Lucknow
2015-07-05,37.4,27.5,6.9,12.2,68,Lucknow
2015-07-06,30.1,26.2,20.6,11.3,88,Lucknow
2015-07-07,29.5,25.8,35.8,11.2,89,Lucknow
2015-07-08,32.2,25.4,1.1,11.9,82,Lucknow
2015-07-09,31.7,26.2,18.7,10.0,87,Lucknow
2015-07-10,31.4,25.8,5.6,23.8,83,Lucknow
2015-07-11,28.9,24.5,29.0,29.9,90,Lucknow
2015-07-12,30.1,25.1,33.5,26.3,89,Lucknow
2015-07-13,32.8,25.6,0.1,13.5,80,Lucknow
2015-07-14,33.7,27.0,0.1,17.2,77,Lucknow
2015-07-15,34.1,28.4,0.7,18.8,73,Lucknow
2015-07-16,29.6,26.0,20.9,9.1,88,Lucknow
2015-07-17,29.3,25.2,24.9,16.2,88,Lucknow
2015-07-18,31.2,25.3,7.6,15.2,86,Lucknow
2015-07-19,32.8,26.1,3.9,15.6,84,Lucknow
2015-07-20,32.0,26.1,2.3,17.6,81,Lucknow
2015-07-21,32.2,26.9,0.3,22.8,75,Lucknow
2015-07-22,32.1,26.6,3.0,20.2,78,Lucknow
2015-07-23,30.6,26.6,4.3,21.6,80,Lucknow
2015-07-24,31.4,25.3,14.4,18.7,89,Lucknow
2015-07-25,31.2,25.3,18.7,16.4,86,Lucknow
2015-07-26,32.7,25.1,3.1,17.2,79,Lucknow
2015-07-27,32.1,25.3,0.0,13.1,73,Lucknow
2015-07-28,31.9,25.7,0.0,15.5,72,Lucknow
2015-07-29,32.4,25.8,0.0,17.4,70,Lucknow
2015-07-30,32.1,26.3,1.0,15.9,75,Lucknow
2015-07-31,32.3,26.4,6.3,13.6,80,Lucknow
2015-08-01,29.7,25.5,10.2,5.9,86,Lucknow
2015-08-02,32.3,25.5,1.7,7.0,83,Lucknow
2015-08-03,32.5,25.7,0.0,10.1,79,Lucknow
2015-08-04,32.7,27.3,0.2,19.5,74,Lucknow
2015-08-05,32.6,26.7,0.0,13.2,73,Lucknow
2015-08-06,32.3,25.3,0.0,10.1,72,Lucknow
2015-08-07,29.5,26.0,21.5,12.6,87,Lucknow
2015-08-08,31.7,25.3,20.5,8.0,83,Lucknow
2015-08-09,32.3,25.8,7.9,7.1,86,Lucknow
2015-08-10,33.4,25.8,17.5,9.4,86,Lucknow
2015-08-11,29.2,26.3,2.5,14.6,89,Lucknow
2015-08-12,32.6,25.2,7.4,9.0,84,Lucknow
2015-08-13,32.5,27.3,4.2,17.7,82,Lucknow
2015-08-14,33.5,27.3,1.5,13.8,81,Lucknow
2015-08-15,31.0,26.1,25.1,12.3,88,Lucknow
2015-08-16,30.7,25.8,9.1,9.2,91,Lucknow
2015-08-17,31.1,25.8,9.8,9.9,88,Lucknow
2015-08-18,29.7,25.6,12.7,11.5,89,Lucknow
2015-08-19,32.5,26.1,2.8,20.6,83,Lucknow
2015-08-20,32.4,26.5,0.8,20.6,78,Lucknow
2015-08-21,32.1,26.5,1.4,16.0,75,Lucknow
2015-08-22,30.6,24.4,7.6,10.5,87,Lucknow
2015-08-23,31.6,24.6,2.2,11.7,84,Lucknow
2015-08-24,31.7,25.0,3.3,13.8,84,Lucknow
2015-08-25,33.0,26.3,0.6,16.6,77,Lucknow
2015-08-26,33.4,26.9,1.3,9.5,79,Lucknow
2015-08-27,29.7,26.0,2.5,11.0,89,Lucknow
2015-08-28,31.4,25.5,6.0,9.8,87,Lucknow
2015-08-29,32.8,25.6,0.8,8.7,84,Lucknow
2015-08-30,33.8,26.5,2.0,12.6,81,Lucknow
2015-08-31,34.3,27.1,0.2,17.5,75,Lucknow
2015-09-01,34.1,26.3,0.0,20.6,68,Lucknow
2015-09-02,34.1,25.7,0.0,15.5,67,Lucknow
2015-09-03,34.0,24.9,0.0,8.7,69,Lucknow
2015-09-04,34.6,25.0,0.0,13.0,65,Lucknow
2015-09-05,35.0,24.7,0.0,16.1,62,Lucknow
2015-09-06,34.9,25.1,0.0,16.8,60,Lucknow
2015-09-07,34.7,24.3,0.0,14.3,61,Lucknow
2015-09-08,34.8,24.1,0.0,18.9,63,Lucknow
2015-09-09,34.9,24.2,0.0,18.6,63,Lucknow
2015-09-10,34.3,23.0,0.0,12.0,68,Lucknow
2015-09-11,33.2,25.5,0.6,10.9,79,Lucknow
2015-09-12,32.2,26.5,5.1,18.1,83,Lucknow
2015-09-13,32.8,26.4,1.8,8.0,81,Lucknow
2015-09-14,33.2,26.3,3.2,6.7,82,Lucknow
2015-09-15,32.5,26.0,0.9,12.4,80,Lucknow
2015-09-16,32.9,25.4,0.2,14.0,77,Lucknow
2015-09-17,32.5,25.8,6.1,20.0,80,Lucknow
2015-09-18,33.4,26.8,0.0,19.9,74,Lucknow
2015-09-19,34.1,26.7,0.2,11.9,72,Lucknow
2015-09-20,34.2,26.6,5.5,11.4,78,Lucknow
2015-09-21,31.7,25.8,1.4,10.8,82,Lucknow
2015-09-22,32.6,25.2,0.4,8.6,78,Lucknow
2015-09-23,32.8,26.6,0.0,21.4,68,Lucknow
2015-09-24,33.2,25.0,0.0,24.6,61,Lucknow
2015-09-25,33.2,22.5,0.0,18.6,59,Lucknow
2015-09-26,33.3,21.8,0.0,14.8,63,Lucknow
2015-09-27,33.4,22.5,0.0,14.9,64,Lucknow
2015-09-28,34.0,22.1,0.0,11.1,64,Lucknow
2015-09-29,33.5,21.7,0.0,7.6,64,Lucknow
2015-09-30,34.1,22.7,0.0,6.4,63,Lucknow
2015-10-01,35.0,24.9,0.0,7.9,63,Lucknow
2015-10-02,35.2,23.6,0.0,12.7,60,Lucknow
2015-10-03,34.9,19.8,0.0,17.3,54,Lucknow
2015-10-04,35.4,20.8,0.0,8.0,55,Lucknow
2015-10-05,34.9,22.4,0.0,8.2,60,Lucknow
2015-10-06,34.7,24.6,0.0,12.1,58,Lucknow
2015-10-07,34.3,22.5,0.0,7.6,57,Lucknow
2015-10-08,34.1,22.6,0.0,7.7,56,Lucknow
2015-10-09,35.1,22.3,0.0,17.2,55,Lucknow
2015-10-10,36.1,22.0,0.0,15.2,52,Lucknow
2015-10-11,35.2,21.2,0.0,12.2,58,Lucknow
2015-10-12,32.5,23.8,0.0,18.4,65,Lucknow
2015-10-13,32.0,23.5,0.3,10.2,68,Lucknow
2015-10-14,32.7,23.3,0.2,12.1,66,Lucknow
2015-10-15,32.2,24.0,0.3,13.8,68,Lucknow
2015-10-16,31.9,21.8,0.0,8.3,70,Lucknow
2015-10-17,33.2,22.1,0.0,7.5,64,Lucknow
2015-10-18,33.7,22.3,0.0,10.0,64,Lucknow
2015-10-19,33.8,21.7,0.0,10.0,64,Lucknow
2015-10-20,34.4,22.2,0.2,13.2,59,Lucknow
2015-10-21,34.9,21.3,0.0,16.6,55,Lucknow
2015-10-22,33.7,20.9,0.0,16.7,51,Lucknow
2015-10-23,32.8,18.9,0.0,18.3,46,Lucknow
2015-10-24,32.7,18.5,0.0,9.2,49,Lucknow
2015-10-25,32.7,19.6,0.0,12.2,52,Lucknow
2015-10-26,32.3,22.0,0.0,11.4,57,Lucknow
2015-10-27,32.1,19.6,0.0,8.9,59,Lucknow
2015-10-28,26.2,19.8,2.3,10.8,68,Lucknow
2015-10-29,24.7,18.0,10.9,13.0,84,Lucknow
2015-10-30,26.2,16.3,0.0,6.5,75,Lucknow
2015-10-31,28.9,18.0,0.0,8.2,69,Lucknow
2015-11-01,30.2,17.5,0.0,8.4,69,Lucknow
2015-11-02,29.6,18.8,0.0,8.4,69,Lucknow
2015-11-03,30.0,19.0,0.0,10.2,66,Lucknow
2015-11-04,29.8,18.8,0.0,12.8,65,Lucknow
2015-11-05,30.5,19.4,0.3,12.9,67,Lucknow
2015-11-06,30.2,18.3,0.0,10.2,64,Lucknow
2015-11-07,30.4,17.7,0.0,7.9,62,Lucknow
2015-11-08,30.4,19.0,0.0,8.8,64,Lucknow
2015-11-09,30.0,19.8,0.0,7.2,66,Lucknow
2015-11-10,30.3,18.6,0.0,11.8,64,Lucknow
2015-11-11,30.6,18.5,0.0,17.9,56,Lucknow
2015-11-12,29.4,16.6,0.0,12.0,54,Lucknow
2015-11-13,29.4,17.1,0.0,12.3,58,Lucknow
2015-11-14,30.4,18.1,0.0,12.8,61,Lucknow
2015-11-15,30.6,17.7,0.0,13.9,60,Lucknow
2015-11-16,31.1,17.4,0.0,15.6,58,Lucknow
2015-11-17,29.8,19.3,0.0,13.7,52,Lucknow
2015-11-18,27.9,15.0,0.0,10.2,46,Lucknow
2015-11-19,27.9,13.8,0.0,9.3,57,Lucknow
2015-11-20,27.9,14.5,0.0,9.2,61,Lucknow
2015-11-21,27.6,14.2,0.0,9.2,63,Lucknow
2015-11-22,27.7,15.5,0.0,9.1,63,Lucknow
2015-11-23,27.9,16.0,0.0,8.7,65,Lucknow
2015-11-24,28.0,16.2,0.0,9.8,63,Lucknow
2015-11-25,27.9,15.1,0.0,13.0,56,Lucknow
2015-11-26,27.4,13.4,0.0,9.8,55,Lucknow
2015-11-27,27.6,15.5,0.0,14.8,59,Lucknow
2015-11-28,28.0,19.5,0.0,18.9,56,Lucknow
2015-11-29,28.8,19.4,1.1,9.6,70,Lucknow
2015-11-30,29.9,19.6,0.0,9.9,73,Lucknow
2015-12-01,29.7,18.9,0.0,15.3,74,Lucknow
2015-12-02,26.1,18.7,0.8,11.6,73,Lucknow
2015-12-03,26.9,17.6,0.4,12.3,68,Lucknow
2015-12-04,25.3,14.6,0.0,9.9,62,Lucknow
2015-12-05,25.4,13.5,0.0,8.0,71,Lucknow
2015-12-06,24.9,15.4,0.0,6.2,69,Lucknow
2015-12-07,25.5,14.8,0.0,8.5,72,Lucknow
2015-12-08,24.8,14.0,0.0,8.2,73,Lucknow
2015-12-09,25.0,13.2,0.0,7.6,71,Lucknow
2015-12-10,26.4,15.2,0.0,8.2,69,Lucknow
2015-12-11,26.1,17.4,0.0,21.1,68,Lucknow
2015-12-12,23.5,12.7,0.0,11.2,70,Lucknow
2015-12-13,21.2,10.8,0.0,9.0,64,Lucknow
2015-12-14,20.4,11.7,0.0,13.4,65,Lucknow
2015-12-15,20.7,9.6,0.0,14.0,58,Lucknow
2015-12-16,20.8,8.2,0.0,8.0,65,Lucknow
2015-12-17,21.0,7.8,0.0,9.3,69,Lucknow
2015-12-18,21.5,8.8,0.0,13.7,63,Lucknow
2015-12-19,21.3,8.5,0.0,9.5,59,Lucknow
2015-12-20,20.7,10.0,0.0,9.4,60,Lucknow
2015-12-21,20.2,7.8,0.0,9.1,66,Lucknow
2015-12-22,20.8,7.0,0.0,9.0,67,Lucknow
2015-12-23,20.4,7.7,0.0,9.2,66,Lucknow
2015-12-24,21.2,8.7,0.0,13.4,63,Lucknow
2015-12-25,20.5,8.8,0.0,13.2,54,Lucknow
2015-12-26,21.0,8.1,0.0,12.8,54,Lucknow
2015-12-27,22.4,9.7,0.0,13.5,55,Lucknow
2015-12-28,24.0,10.8,0.0,14.6,60,Lucknow
2015-12-29,24.6,12.3,0.0,15.7,56,Lucknow
2015-12-30,23.7,10.1,0.0,8.3,67,Lucknow
2015-12-31,24.3,10.4,0.0,10.3,73,Lucknow
2016-01-01,23.5,10.4,0.0,10.1,72,Lucknow
2016-01-02,23.8,9.5,0.0,10.5,68,Lucknow
2016-01-03,22.9,9.5,0.0,10.6,64,Lucknow
2016-01-04,23.0,9.9,0.0,8.9,67,Lucknow
2016-01-05,24.2,10.9,0.0,7.8,67,Lucknow
2016-01-06,25.4,11.4,0.0,8.4,68,Lucknow
2016-01-07,26.0,12.7,0.0,8.6,72,Lucknow
2016-01-08,25.8,13.6,0.0,15.9,72,Lucknow
2016-01-09,23.5,13.6,0.0,23.7,61,Lucknow
2016-01-10,23.1,10.3,0.0,12.3,60,Lucknow
2016-01-11,23.3,11.0,0.0,10.0,66,Lucknow
2016-01-12,23.5,12.0,0.0,8.2,67,Lucknow
2016-01-13,24.4,11.2,0.0,8.0,68,Lucknow
2016-01-14,24.3,13.6,0.0,9.4,69,Lucknow
2016-01-15,23.7,11.8,0.0,14.8,73,Lucknow
2016-01-16,20.7,10.1,0.0,15.7,69,Lucknow
2016-01-17,19.6,8.9,0.0,9.0,70,Lucknow
2016-01-18,20.9,8.1,0.0,9.7,73,Lucknow
2016-01-19,14.7,10.4,20.5,13.2,85,Lucknow
2016-01-20,18.3,9.9,3.4,11.0,72,Lucknow
2016-01-21,18.7,9.0,0.0,13.1,73,Lucknow
2016-01-22,18.1,7.1,0.0,11.2,72,Lucknow
2016-01-23,19.5,6.1,0.0,10.1,75,Lucknow
2016-01-24,21.1,8.1,0.0,7.7,72,Lucknow
2016-01-25,21.4,9.5,0.0,9.2,72,Lucknow
2016-01-26,21.1,8.7,0.0,8.7,73,Lucknow
2016-01-27,22.0,8.9,0.0,8.5,73,Lucknow
2016-01-28,23.7,11.7,0.0,9.0,73,Lucknow
2016-01-29,24.0,11.3,0.0,9.7,76,Lucknow
2016-01-30,26.9,12.0,0.0,13.4,75,Lucknow
2016-01-31,26.7,14.6,0.0,15.8,71,Lucknow
2016-02-01,24.6,14.5,0.0,14.3,61,Lucknow
2016-02-02,23.4,13.1,0.0,13.9,54,Lucknow
2016-02-03,21.6,9.9,0.0,18.2,55,Lucknow
2016-02-04,21.7,9.6,0.0,10.5,60,Lucknow
2016-02-05,23.0,8.5,0.0,10.1,66,Lucknow
2016-02-06,23.0,12.4,0.0,10.1,64,Lucknow
2016-02-07,24.2,13.8,0.5,17.0,69,Lucknow
2016-02-08,24.2,11.6,0.0,8.9,75,Lucknow
2016-02-09,24.0,11.5,0.0,9.0,71,Lucknow
2016-02-10,24.5,11.3,0.0,8.0,69,Lucknow
2016-02-11,25.5,11.1,0.0,9.0,62,Lucknow
2016-02-12,26.7,12.4,0.0,11.3,54,Lucknow
2016-02-13,27.5,12.8,0.0,9.7,50,Lucknow
2016-02-14,27.7,14.4,0.0,9.6,53,Lucknow
2016-02-15,27.3,14.6,0.0,10.9,56,Lucknow
2016-02-16,25.5,16.9,0.0,11.6,53,Lucknow
2016-02-17,29.3,15.2,0.0,15.1,57,Lucknow
2016-02-18,31.3,16.9,0.0,15.4,52,Lucknow
2016-02-19,32.5,18.5,0.0,19.2,58,Lucknow
2016-02-20,29.9,20.1,1.0,14.5,66,Lucknow
2016-02-21,27.4,17.7,0.0,22.1,69,Lucknow
2016-02-22,27.1,15.2,0.0,22.2,50,Lucknow
2016-02-23,27.4,13.5,0.0,16.2,52,Lucknow
2016-02-24,27.7,15.1,0.0,9.5,51,Lucknow
2016-02-25,28.0,13.0,0.0,9.4,57,Lucknow
2016-02-26,28.7,15.9,0.0,14.1,56,Lucknow
2016-02-27,27.8,15.1,0.0,10.0,65,Lucknow
2016-02-28,29.1,15.7,0.0,8.9,63,Lucknow
2016-02-29,29.2,16.3,0.0,9.1,61,Lucknow
2016-03-01,29.8,16.4,0.0,10.1,57,Lucknow
2016-03-02,30.8,17.9,0.0,8.9,54,Lucknow
2016-03-03,32.8,19.4,0.0,13.7,57,Lucknow
2016-03-04,33.6,18.1,0.0,13.3,49,Lucknow
2016-03-05,32.4,19.0,1.7,9.2,55,Lucknow
2016-03-06,30.7,19.1,1.2,12.4,57,Lucknow
2016-03-07,30.9,18.8,0.5,16.2,61,Lucknow
2016-03-08,30.2,19.1,0.0,10.0,69,Lucknow
2016-03-09,31.4,19.2,0.0,17.4,54,Lucknow
2016-03-10,31.3,18.2,0.0,19.6,51,Lucknow
2016-03-11,33.5,18.5,0.0,17.7,52,Lucknow
2016-03-12,32.8,20.1,0.0,13.8,53,Lucknow
2016-03-13,30.0,19.3,5.6,14.0,72,Lucknow
2016-03-14,28.7,18.2,1.2,13.9,69,Lucknow
2016-03-15,28.8,14.8,0.0,14.5,60,Lucknow
2016-03-16,30.4,16.4,0.0,21.3,44,Lucknow
2016-03-17,31.1,15.7,0.0,10.5,48,Lucknow
2016-03-18,31.6,18.6,0.0,9.6,47,Lucknow
2016-03-19,33.9,18.6,0.0,11.6,47,Lucknow
2016-03-20,34.8,19.6,0.0,16.2,48,Lucknow
2016-03-21,34.5,20.5,0.0,27.9,31,Lucknow
2016-03-22,31.1,18.7,0.0,25.7,28,Lucknow
2016-03-23,32.5,17.4,0.0,15.2,34,Lucknow
2016-03-24,33.2,18.7,0.0,10.2,43,Lucknow
2016-03-25,35.3,18.7,0.0,10.0,46,Lucknow
2016-03-26,37.0,20.2,0.0,15.2,46,Lucknow
2016-03-27,34.2,23.3,0.3,18.2,47,Lucknow
2016-03-28,34.1,20.9,0.2,16.0,46,Lucknow
2016-03-29,33.5,18.6,0.0,13.2,39,Lucknow
2016-03-30,34.2,19.1,0.0,10.3,46,Lucknow
2016-03-31,36.2,21.0,0.0,19.7,41,Lucknow
2016-04-01,37.1,21.0,0.0,13.9,41,Lucknow
2016-04-02,37.0,23.7,0.0,16.1,48,Lucknow
2016-04-03,38.2,24.9,0.0,13.9,48,Lucknow
2016-04-04,38.6,25.5,0.0,13.8,46,Lucknow
2016-04-05,39.0,25.5,0.0,22.4,35,Lucknow
2016-04-06,36.9,24.4,0.0,16.6,30,Lucknow
2016-04-07,36.3,23.6,1.7,22.1,37,Lucknow
2016-04-08,37.1,20.1,0.0,12.2,39,Lucknow
2016-04-09,38.6,23.3,0.0,20.0,25,Lucknow
2016-04-10,39.5,24.5,0.0,20.5,24,Lucknow
2016-04-11,39.2,25.8,0.0,21.1,25,Lucknow
2016-04-12,36.2,25.7,0.0,28.6,25,Lucknow
2016-04-13,37.3,24.3,0.0,27.7,26,Lucknow
2016-04-14,39.0,24.5,0.0,20.9,26,Lucknow
2016-04-15,41.4,24.5,0.0,19.6,30,Lucknow
2016-04-16,41.5,24.5,0.0,21.7,32,Lucknow
2016-04-17,40.5,26.7,0.0,9.3,33,Lucknow
2016-04-18,39.9,24.7,0.0,14.1,37,Lucknow
2016-04-19,40.6,25.3,0.0,16.3,34,Lucknow
2016-04-20,40.1,28.2,0.0,21.0,28,Lucknow
2016-04-21,39.7,27.7,0.0,29.5,22,Lucknow
2016-04-22,40.8,26.2,0.0,22.0,22,Lucknow
2016-04-23,39.2,25.4,0.0,22.4,23,Lucknow
2016-04-24,38.8,23.2,0.0,22.6,17,Lucknow
2016-04-25,39.4,22.9,0.0,23.2,18,Lucknow
2016-04-26,40.8,25.2,0.0,16.8,19,Lucknow
2016-04-27,40.5,26.5,0.0,23.5,21,Lucknow
2016-04-28,41.2,24.6,0.0,17.7,18,Lucknow
2016-04-29,41.5,24.1,0.0,18.8,19,Lucknow
2016-04-30,42.0,23.4,0.0,27.5,19,Lucknow
2016-05-01,41.4,22.9,0.0,19.1,23,Lucknow
2016-05-02,42.0,25.3,0.0,17.2,28,Lucknow
2016-05-03,38.7,27.4,1.5,24.5,44,Lucknow
2016-05-04,37.2,26.8,0.6,19.6,44,Lucknow
2016-05-05,36.4,26.1,0.0,22.0,47,Lucknow
2016-05-06,35.9,25.7,0.3,10.2,47,Lucknow
2016-05-07,36.9,24.4,0.1,9.2,46,Lucknow
2016-05-08,36.8,26.1,0.0,12.2,41,Lucknow
2016-05-09,38.2,26.1,0.5,21.3,44,Lucknow
2016-05-10,38.7,26.5,0.2,8.1,43,Lucknow
2016-05-11,36.2,27.1,0.0,23.3,53,Lucknow
2016-05-12,38.9,26.8,0.3,12.5,48,Lucknow
2016-05-13,39.6,28.1,0.1,14.6,44,Lucknow
2016-05-14,41.2,27.9,0.0,16.9,44,Lucknow
2016-05-15,41.3,28.6,0.0,18.4,43,Lucknow
2016-05-16,43.1,27.0,0.0,18.5,36,Lucknow
2016-05-17,42.6,26.8,0.0,13.0,28,Lucknow
2016-05-18,41.6,27.6,0.0,20.4,36,Lucknow
2016-05-19,40.5,28.9,0.0,23.2,45,Lucknow
2016-05-20,38.9,27.7,0.1,26.7,53,Lucknow
2016-05-21,37.7,26.2,0.0,24.5,57,Lucknow
2016-05-22,38.9,26.7,0.0,18.4,53,Lucknow
2016-05-23,37.9,29.9,0.0,22.9,50,Lucknow
2016-05-24,37.0,26.9,7.5,12.6,60,Lucknow
2016-05-25,38.4,25.8,2.0,18.0,55,Lucknow
2016-05-26,37.2,25.4,0.4,12.6,57,Lucknow
2016-05-27,39.7,27.9,2.1,19.5,54,Lucknow
2016-05-28,37.7,26.3,0.0,19.5,61,Lucknow
2016-05-29,34.2,25.6,0.0,20.6,62,Lucknow
2016-05-30,33.9,23.7,8.8,12.6,69,Lucknow
2016-05-31,36.6,25.6,0.4,12.0,61,Lucknow
2016-06-01,38.3,27.2,0.0,14.1,54,Lucknow
2016-06-02,37.6,28.1,0.0,21.2,55,Lucknow
2016-06-03,38.8,29.5,0.0,15.9,52,Lucknow
2016-06-04,37.8,30.3,0.5,19.2,50,Lucknow
2016-06-05,39.3,30.1,0.3,21.3,52,Lucknow
2016-06-06,39.7,29.4,0.0,17.0,49,Lucknow
2016-06-07,39.5,27.7,0.1,20.5,56,Lucknow
2016-06-08,38.3,28.4,0.0,15.5,55,Lucknow
2016-06-09,38.4,29.5,0.0,17.4,53,Lucknow
2016-06-10,39.8,29.3,0.0,14.1,51,Lucknow
2016-06-11,40.9,30.4,0.0,18.9,48,Lucknow
2016-06-12,39.8,30.8,0.9,15.7,47,Lucknow
2016-06-13,40.6,28.2,0.5,18.2,46,Lucknow
2016-06-14,39.0,29.3,0.3,25.5,48,Lucknow
2016-06-15,38.4,28.5,4.2,10.8,57,Lucknow
2016-06-16,35.5,27.1,4.3,14.1,68,Lucknow
2016-06-17,35.5,27.2,0.4,14.1,66,Lucknow
2016-06-18,35.6,28.2,3.3,18.3,66,Lucknow
2016-06-19,35.7,28.1,12.3,19.6,69,Lucknow
2016-06-20,34.9,27.1,7.7,15.5,73,Lucknow
2016-06-21,32.3,26.4,21.7,11.5,80,Lucknow
2016-06-22,30.2,26.1,35.6,12.3,86,Lucknow
2016-06-23,33.3,26.5,0.7,9.2,77,Lucknow
2016-06-24,33.3,27.7,2.8,10.2,77,Lucknow
2016-06-25,34.5,27.0,0.9,14.8,76,Lucknow
2016-06-26,34.5,28.0,0.4,19.8,73,Lucknow
2016-06-27,33.8,26.9,1.1,18.1,76,Lucknow
2016-06-28,35.3,28.2,1.2,20.8,71,Lucknow
2016-06-29,35.8,29.1,0.0,18.7,65,Lucknow
2016-06-30,35.9,29.1,0.0,14.5,64,Lucknow
2016-07-01,34.6,26.4,8.0,17.5,78,Lucknow
2016-07-02,29.8,26.1,14.8,15.7,88,Lucknow
2016-07-03,30.8,25.7,11.8,14.0,85,Lucknow
2016-07-04,31.0,26.0,2.1,11.7,82,Lucknow
2016-07-05,28.4,26.6,37.6,14.6,92,Lucknow
2016-07-06,30.9,25.3,9.9,24.0,84,Lucknow
2016-07-07,33.1,26.2,13.6,19.1,84,Lucknow
2016-07-08,31.7,26.4,18.3,18.0,84,Lucknow
2016-07-09,33.7,27.8,3.9,17.4,77,Lucknow
2016-07-10,33.7,27.0,2.8,13.7,80,Lucknow
2016-07-11,31.0,26.9,17.6,17.7,81,Lucknow
2016-07-12,32.2,26.9,5.9,22.6,81,Lucknow
2016-07-13,32.2,27.0,7.1,18.9,81,Lucknow
2016-07-14,33.4,26.2,8.4,7.0,84,Lucknow
2016-07-15,32.7,26.6,8.8,9.1,89,Lucknow
2016-07-16,30.5,25.9,23.3,14.8,92,Lucknow
2016-07-17,27.6,25.6,22.3,14.6,93,Lucknow
2016-07-18,29.9,25.1,15.8,20.5,90,Lucknow
2016-07-19,32.5,25.7,5.8,16.3,86,Lucknow
2016-07-20,34.0,26.9,0.6,14.8,79,Lucknow
2016-07-21,33.6,26.7,3.5,11.2,83,Lucknow
2016-07-22,32.0,26.3,22.5,12.0,88,Lucknow
2016-07-23,31.5,24.9,8.2,16.0,87,Lucknow
2016-07-24,33.4,26.2,2.2,10.7,83,Lucknow
2016-07-25,31.8,25.6,23.1,12.8,87,Lucknow
2016-07-26,29.8,25.9,19.7,16.0,89,Lucknow
2016-07-27,30.0,25.1,9.3,18.9,86,Lucknow
2016-07-28,31.6,25.6,26.6,12.7,89,Lucknow
2016-07-29,30.5,25.6,12.9,13.2,87,Lucknow
2016-07-30,30.4,25.7,26.5,12.9,89,Lucknow
2016-07-31,30.5,25.4,23.5,14.5,89,Lucknow
2016-08-01,27.0,24.8,31.2,13.9,95,Lucknow
2016-08-02,32.5,25.4,4.3,20.2,86,Lucknow
2016-08-03,32.2,26.2,1.1,21.3,80,Lucknow
2016-08-04,33.0,26.6,0.3,21.7,76,Lucknow
2016-08-05,33.5,27.5,0.7,20.1,77,Lucknow
2016-08-06,33.1,27.9,0.9,22.3,76,Lucknow
2016-08-07,31.0,27.2,7.1,26.3,80,Lucknow
2016-08-08,28.6,25.4,17.4,18.7,92,Lucknow
2016-08-09,30.8,25.2,1.5,11.6,83,Lucknow
2016-08-10,30.1,26.2,6.2,13.3,85,Lucknow
2016-08-11,30.8,25.2,14.0,8.9,88,Lucknow
2016-08-12,31.7,25.2,4.4,8.5,86,Lucknow
2016-08-13,32.9,26.4,1.6,10.1,85,Lucknow
2016-08-14,33.4,26.5,16.0,11.6,85,Lucknow
2016-08-15,30.1,25.9,38.5,11.7,90,Lucknow
2016-08-16,31.8,25.5,28.2,14.3,91,Lucknow
2016-08-17,31.0,24.9,21.6,9.4,92,Lucknow
2016-08-18,31.6,25.9,2.3,16.4,83,Lucknow
2016-08-19,30.2,26.8,3.5,34.7,79,Lucknow
2016-08-20,31.7,25.9,0.0,18.2,74,Lucknow
2016-08-21,31.2,24.4,0.0,12.2,75,Lucknow
2016-08-22,29.9,24.5,0.4,12.9,81,Lucknow
2016-08-23,29.7,25.8,4.6,24.5,80,Lucknow
2016-08-24,31.5,25.4,4.4,14.3,84,Lucknow
2016-08-25,33.3,26.1,2.5,5.9,83,Lucknow
2016-08-26,31.5,26.1,9.0,11.8,86,Lucknow
2016-08-27,32.8,26.8,1.1,16.5,81,Lucknow
2016-08-28,34.0,27.1,0.2,11.8,78,Lucknow
2016-08-29,34.1,27.2,8.8,8.0,82,Lucknow
2016-08-30,32.4,27.0,10.8,10.0,85,Lucknow
2016-08-31,31.3,25.4,17.6,13.8,88,Lucknow
2016-09-01,32.0,25.7,8.7,8.7,87,Lucknow
2016-09-02,32.2,25.9,4.7,17.4,83,Lucknow
2016-09-03,32.3,27.0,0.0,21.7,75,Lucknow
2016-09-04,32.2,26.2,0.3,19.0,76,Lucknow
2016-09-05,32.4,25.5,0.6,18.9,73,Lucknow
2016-09-06,32.1,26.0,0.5,17.8,74,Lucknow
2016-09-07,32.2,26.1,0.1,14.0,76,Lucknow
2016-09-08,32.7,26.1,0.8,8.5,82,Lucknow
2016-09-09,32.9,26.6,0.4,11.1,79,Lucknow
2016-09-10,32.9,26.1,0.1,13.0,74,Lucknow
2016-09-11,33.1,26.0,0.4,10.0,79,Lucknow
2016-09-12,32.5,25.7,3.5,11.3,86,Lucknow
2016-09-13,30.5,24.4,15.8,10.7,87,Lucknow
2016-09-14,31.2,24.5,11.0,12.8,87,Lucknow
2016-09-15,30.6,25.6,2.3,10.5,87,Lucknow
2016-09-16,31.7,25.6,6.7,7.6,87,Lucknow
2016-09-17,31.3,25.7,6.8,9.1,88,Lucknow
2016-09-18,31.6,24.6,12.0,13.9,87,Lucknow
2016-09-19,32.5,25.1,4.4,7.9,84,Lucknow
2016-09-20,32.6,25.9,4.1,9.7,84,Lucknow
2016-09-21,31.1,24.5,3.9,14.3,85,Lucknow
2016-09-22,29.2,25.0,2.3,14.0,87,Lucknow
2016-09-23,31.2,23.7,11.6,10.1,87,Lucknow
2016-09-24,30.0,23.9,22.7,15.5,90,Lucknow
2016-09-25,29.5,24.7,2.8,14.6,84,Lucknow
2016-09-26,30.1,23.5,0.1,13.8,82,Lucknow
2016-09-27,30.3,23.7,0.2,10.8,85,Lucknow
2016-09-28,30.5,24.3,2.7,11.6,87,Lucknow
2016-09-29,28.9,24.3,1.8,14.2,86,Lucknow
2016-09-30,31.6,24.5,1.0,9.0,83,Lucknow
2016-10-01,32.1,25.2,0.4,13.2,82,Lucknow
2016-10-02,32.9,25.4,2.3,11.4,81,Lucknow
2016-10-03,33.3,26.0,0.2,6.8,80,Lucknow
2016-10-04,32.7,25.9,1.3,8.4,83,Lucknow
2016-10-05,32.9,25.5,1.2,7.7,84,Lucknow
2016-10-06,29.5,23.8,29.2,10.7,91,Lucknow
2016-10-07,31.6,24.8,2.1,5.9,86,Lucknow
2016-10-08,31.6,25.0,13.5,10.6,86,Lucknow
2016-10-09,29.0,24.0,1.0,10.2,89,Lucknow
2016-10-10,31.5,22.5,0.0,8.7,82,Lucknow
2016-10-11,32.0,22.5,0.0,14.7,72,Lucknow
2016-10-12,31.9,21.0,0.0,13.8,66,Lucknow
2016-10-13,32.1,19.8,0.0,12.4,67,Lucknow
2016-10-14,31.7,17.8,0.0,10.3,68,Lucknow
2016-10-15,31.5,17.8,0.0,8.5,67,Lucknow
2016-10-16,31.1,18.6,0.0,8.2,71,Lucknow
2016-10-17,31.2,18.7,0.0,8.9,72,Lucknow
2016-10-18,30.9,18.1,0.0,8.0,65,Lucknow
2016-10-19,30.6,17.7,0.0,8.2,69,Lucknow
2016-10-20,31.0,19.0,0.0,9.0,72,Lucknow
2016-10-21,32.0,18.5,0.0,9.4,68,Lucknow
2016-10-22,32.5,19.5,0.0,15.4,62,Lucknow
2016-10-23,31.6,19.6,0.0,15.7,59,Lucknow
2016-10-24,31.0,18.3,0.0,15.0,59,Lucknow
2016-10-25,31.7,17.6,0.0,13.2,65,Lucknow
2016-10-26,30.8,17.3,0.0,10.0,67,Lucknow
2016-10-27,30.5,16.6,0.0,9.7,64,Lucknow
2016-10-28,30.1,16.1,0.0,8.7,60,Lucknow
2016-10-29,29.6,17.1,0.0,9.0,60,Lucknow
2016-10-30,29.4,17.8,0.0,8.4,67,Lucknow
2016-10-31,29.3,17.4,0.0,9.2,63,Lucknow
2016-11-01,29.3,17.2,0.0,7.5,63,Lucknow
2016-11-02,29.5,17.5,0.0,7.8,68,Lucknow
2016-11-03,28.9,17.7,0.0,8.9,64,Lucknow
2016-11-04,28.6,15.8,0.0,7.8,63,Lucknow
2016-11-05,29.4,17.5,0.0,13.0,63,Lucknow
2016-11-06,29.7,16.5,0.0,14.2,62,Lucknow
2016-11-07,29.9,15.6,0.0,14.0,59,Lucknow
2016-11-08,28.5,16.6,0.0,13.5,55,Lucknow
2016-11-09,27.9,14.2,0.0,8.2,67,Lucknow
2016-11-10,28.1,14.5,0.0,8.7,69,Lucknow
2016-11-11,27.9,15.2,0.0,7.9,65,Lucknow
2016-11-12,28.2,15.6,0.0,8.3,69,Lucknow
2016-11-13,28.5,15.5,0.0,9.7,66,Lucknow
2016-11-14,29.0,14.5,0.0,12.7,60,Lucknow
2016-11-15,28.3,15.3,0.0,12.6,58,Lucknow
2016-11-16,27.8,15.1,0.0,16.7,54,Lucknow
2016-11-17,27.6,13.9,0.0,14.6,55,Lucknow
2016-11-18,26.9,13.7,0.0,12.4,58,Lucknow
2016-11-19,27.1,13.5,0.0,9.8,63,Lucknow
2016-11-20,26.8,14.6,0.0,8.0,64,Lucknow
2016-11-21,27.5,13.2,0.0,11.4,67,Lucknow
2016-11-22,28.9,14.6,0.0,18.2,57,Lucknow
2016-11-23,27.9,15.3,0.0,12.3,60,Lucknow
2016-11-24,27.5,13.9,0.0,13.0,66,Lucknow
2016-11-25,27.6,15.2,0.0,16.9,52,Lucknow
2016-11-26,25.4,14.2,0.0,11.9,56,Lucknow
2016-11-27,26.8,12.7,0.0,11.1,69,Lucknow
2016-11-28,25.4,14.3,0.0,9.9,59,Lucknow
2016-11-29,26.1,12.3,0.0,9.3,74,Lucknow
2016-11-30,26.5,15.0,0.0,7.7,75,Lucknow
2016-12-01,26.4,18.2,0.0,7.0,75,Lucknow
2016-12-02,26.0,15.5,0.0,6.6,75,Lucknow
2016-12-03,25.4,14.7,0.0,8.8,73,Lucknow
2016-12-04,24.8,13.6,0.0,10.5,69,Lucknow
2016-12-05,24.4,12.7,0.0,9.5,69,Lucknow
2016-12-06,23.9,11.9,0.0,7.2,73,Lucknow
2016-12-07,23.4,11.1,0.0,7.9,77,Lucknow
2016-12-08,23.1,10.9,0.0,7.9,76,Lucknow
2016-12-09,22.8,11.1,0.0,8.5,75,Lucknow
2016-12-10,22.6,10.8,0.0,8.9,79,Lucknow
2016-12-11,25.4,12.5,0.0,12.1,78,Lucknow
2016-12-12,26.1,14.2,0.0,14.2,74,Lucknow
2016-12-13,25.4,12.4,0.0,14.0,69,Lucknow
2016-12-14,25.9,13.8,0.0,16.0,66,Lucknow
2016-12-15,23.6,11.9,0.0,15.7,63,Lucknow
2016-12-16,22.9,9.7,0.0,11.0,70,Lucknow
2016-12-17,22.9,10.0,0.0,9.0,71,Lucknow
2016-12-18,22.5,9.7,0.0,9.5,69,Lucknow
2016-12-19,22.7,9.4,0.0,13.6,67,Lucknow
2016-12-20,23.6,11.3,0.0,14.6,62,Lucknow
2016-12-21,21.9,10.6,0.0,11.6,68,Lucknow
2016-12-22,22.4,10.9,0.0,8.4,73,Lucknow
2016-12-23,23.1,11.0,0.0,8.3,78,Lucknow
2016-12-24,23.7,12.0,0.0,9.5,78,Lucknow
2016-12-25,25.1,11.7,0.3,12.9,75,Lucknow
2016-12-26,23.0,13.5,0.0,14.5,78,Lucknow
2016-12-27,22.5,11.0,0.0,10.0,71,Lucknow
2016-12-28,22.1,9.2,0.0,8.9,74,Lucknow
2016-12-29,21.7,9.8,0.0,9.7,77,Lucknow
2016-12-30,21.9,9.5,0.0,9.0,76,Lucknow
2016-12-31,22.6,9.9,0.0,14.8,77,Lucknow
2017-01-01,22.1,10.0,0.0,12.1,83,Lucknow
2017-01-02,21.2,11.6,3.1,16.1,88,Lucknow
2017-01-03,22.8,12.0,0.0,9.0,86,Lucknow
2017-01-04,21.9,10.5,0.0,8.5,82,Lucknow
2017-01-05,22.5,9.6,0.0,8.4,81,Lucknow
2017-01-06,23.0,10.6,0.0,13.7,81,Lucknow
2017-01-07,21.6,12.2,1.4,15.7,79,Lucknow
2017-01-08,18.6,12.8,1.7,12.1,85,Lucknow
2017-01-09,21.7,11.9,0.2,14.4,74,Lucknow
2017-01-10,20.4,9.9,0.0,17.8,59,Lucknow
2017-01-11,17.0,6.2,0.0,11.6,59,Lucknow
2017-01-12,16.6,4.1,0.0,9.5,65,Lucknow
2017-01-13,16.4,3.5,0.0,9.2,68,Lucknow
2017-01-14,19.2,5.3,0.0,10.5,72,Lucknow
2017-01-15,20.9,6.4,0.0,9.4,68,Lucknow
2017-01-16,22.1,8.3,0.1,12.0,72,Lucknow
2017-01-17,21.0,9.7,0.0,11.7,74,Lucknow
2017-01-18,20.2,6.5,0.0,9.2,74,Lucknow
2017-01-19,22.1,7.6,0.0,11.0,76,Lucknow
2017-01-20,22.7,9.3,0.0,16.8,65,Lucknow
2017-01-21,22.1,8.6,0.0,10.1,72,Lucknow
2017-01-22,24.1,9.1,0.0,11.4,70,Lucknow
2017-01-23,25.7,12.6,0.0,19.1,71,Lucknow
2017-01-24,24.9,11.5,0.0,10.5,71,Lucknow
2017-01-25,25.0,9.8,0.0,9.0,73,Lucknow
2017-01-26,25.8,11.4,0.2,13.0,74,Lucknow
2017-01-27,20.1,12.0,12.8,21.0,85,Lucknow
2017-01-28,20.4,10.3,0.0,13.9,86,Lucknow
2017-01-29,22.1,12.0,0.0,12.6,82,Lucknow
2017-01-30,20.8,10.4,0.0,8.5,87,Lucknow
2017-01-31,22.5,10.3,0.1,10.5,86,Lucknow
2017-02-01,23.2,11.3,0.0,9.0,83,Lucknow
2017-02-02,23.1,10.8,0.0,9.1,78,Lucknow
2017-02-03,22.9,9.1,0.0,9.5,76,Lucknow
2017-02-04,23.5,10.4,0.0,9.1,80,Lucknow
2017-02-05,25.7,12.1,0.0,12.0,79,Lucknow
2017-02-06,25.1,15.6,0.5,14.0,76,Lucknow
2017-02-07,22.7,12.8,0.0,18.7,63,Lucknow
2017-02-08,24.0,10.6,0.0,12.3,69,Lucknow
2017-02-09,24.5,10.1,0.0,12.7,68,Lucknow
2017-02-10,22.6,11.5,0.0,16.8,63,Lucknow
2017-02-11,22.9,9.3,0.0,9.1,69,Lucknow
2017-02-12,24.9,11.1,0.0,9.0,66,Lucknow
2017-02-13,26.0,12.8,0.0,11.3,70,Lucknow
2017-02-14,25.0,11.4,0.0,11.2,66,Lucknow
2017-02-15,25.6,10.9,0.0,9.4,66,Lucknow
2017-02-16,26.4,11.8,0.0,12.9,70,Lucknow
2017-02-17,28.1,13.5,0.0,9.7,71,Lucknow
2017-02-18,28.3,14.9,0.0,8.2,76,Lucknow
2017-02-19,29.6,15.4,0.0,16.0,72,Lucknow
2017-02-20,32.6,16.1,0.0,16.4,56,Lucknow
2017-02-21,31.0,17.6,0.0,20.0,53,Lucknow
2017-02-22,27.0,13.6,0.0,19.7,48,Lucknow
2017-02-23,26.0,13.1,0.0,24.8,41,Lucknow
2017-02-24,26.0,13.5,0.0,26.0,36,Lucknow
2017-02-25,26.5,12.8,0.0,20.9,41,Lucknow
2017-02-26,27.6,14.5,0.0,22.1,44,Lucknow
2017-02-27,27.5,12.1,0.0,17.4,48,Lucknow
2017-02-28,30.2,12.9,0.0,16.7,56,Lucknow
2017-03-01,31.3,16.6,0.0,13.0,52,Lucknow
2017-03-02,29.3,17.0,0.1,25.5,50,Lucknow
2017-03-03,29.5,16.6,0.0,13.2,44,Lucknow
2017-03-04,28.2,16.6,0.2,11.3,42,Lucknow
2017-03-05,27.3,13.4,0.0,17.3,44,Lucknow
2017-03-06,28.2,14.5,0.0,20.7,40,Lucknow
2017-03-07,29.4,14.1,0.0,15.5,45,Lucknow
2017-03-08,30.6,14.6,0.6,18.4,47,Lucknow
2017-03-09,29.4,18.2,0.1,16.6,44,Lucknow
2017-03-10,20.3,15.1,15.6,20.6,71,Lucknow
2017-03-11,24.5,13.0,1.9,19.7,75,Lucknow
2017-03-12,24.7,11.1,0.0,20.8,63,Lucknow
2017-03-13,24.9,11.5,0.0,21.4,48,Lucknow
2017-03-14,26.6,10.7,0.0,15.6,49,Lucknow
2017-03-15,28.1,13.7,0.0,19.6,50,Lucknow
2017-03-16,31.0,13.6,0.0,18.2,52,Lucknow
2017-03-17,30.1,15.9,0.7,20.0,44,Lucknow
2017-03-18,29.5,15.6,0.0,20.2,44,Lucknow
2017-03-19,29.7,17.7,0.2,19.8,51,Lucknow
2017-03-20,31.0,15.6,0.0,22.7,50,Lucknow
2017-03-21,31.9,16.7,0.0,19.9,43,Lucknow
2017-03-22,34.5,17.3,0.0,20.0,49,Lucknow
2017-03-23,34.9,18.7,0.0,14.2,53,Lucknow
2017-03-24,36.0,20.2,0.0,20.2,53,Lucknow
2017-03-25,35.3,21.6,0.0,22.2,37,Lucknow
2017-03-26,35.0,19.3,0.0,20.2,40,Lucknow
2017-03-27,34.5,20.9,0.0,19.5,44,Lucknow
2017-03-28,36.6,21.3,0.0,17.3,54,Lucknow
2017-03-29,38.0,20.9,0.0,23.4,47,Lucknow
2017-03-30,39.2,23.4,0.0,25.6,35,Lucknow
2017-03-31,38.0,21.8,0.0,13.2,42,Lucknow
2017-04-01,39.5,22.0,0.0,26.3,34,Lucknow
2017-04-02,38.9,23.1,0.4,23.4,29,Lucknow
2017-04-03,39.2,21.6,0.0,24.7,27,Lucknow
2017-04-04,39.0,22.4,0.0,19.9,31,Lucknow
2017-04-05,35.7,23.7,2.2,18.5,48,Lucknow
2017-04-06,35.7,25.6,1.1,25.0,55,Lucknow
2017-04-07,37.7,25.4,0.0,22.5,47,Lucknow
2017-04-08,36.9,22.5,0.0,20.2,36,Lucknow
2017-04-09,35.4,22.2,0.0,23.3,20,Lucknow
2017-04-10,34.0,21.6,0.0,30.3,17,Lucknow
2017-04-11,36.1,22.0,0.0,28.0,20,Lucknow
2017-04-12,37.9,21.3,0.0,19.1,26,Lucknow
2017-04-13,37.9,19.7,0.0,13.4,32,Lucknow
2017-04-14,38.4,23.7,0.0,14.9,32,Lucknow
2017-04-15,39.9,22.6,0.0,17.1,35,Lucknow
2017-04-16,37.0,23.8,0.0,17.3,44,Lucknow
2017-04-17,37.3,25.9,0.0,16.9,47,Lucknow
2017-04-18,39.8,26.9,0.0,17.9,42,Lucknow
2017-04-19,41.1,26.7,0.0,20.4,43,Lucknow
2017-04-20,40.0,25.3,1.9,20.4,51,Lucknow
2017-04-21,37.9,25.1,4.7,21.6,57,Lucknow
2017-04-22,38.6,26.1,3.7,23.9,59,Lucknow
2017-04-23,37.9,25.4,2.0,18.8,58,Lucknow
2017-04-24,40.0,23.7,0.0,21.6,44,Lucknow
2017-04-25,38.8,25.5,0.0,26.1,24,Lucknow
2017-04-26,38.6,25.3,0.0,22.0,22,Lucknow
2017-04-27,38.9,22.2,0.0,19.6,27,Lucknow
2017-04-28,38.9,22.8,0.0,19.6,28,Lucknow
2017-04-29,39.8,23.6,0.0,18.6,28,Lucknow
2017-04-30,37.4,24.5,3.4,12.5,29,Lucknow
2017-05-01,37.1,25.4,0.4,20.3,33,Lucknow
2017-05-02,38.8,22.5,0.0,14.9,35,Lucknow
2017-05-03,40.8,23.7,0.0,33.2,26,Lucknow
2017-05-04,40.1,26.9,0.0,26.1,26,Lucknow
2017-05-05,39.9,23.9,0.0,21.0,27,Lucknow
2017-05-06,42.4,24.7,0.0,19.9,25,Lucknow
2017-05-07,40.9,25.8,0.0,26.8,36,Lucknow
2017-05-08,40.2,27.0,0.8,22.7,46,Lucknow
2017-05-09,40.1,24.6,0.2,22.9,48,Lucknow
2017-05-10,37.5,25.5,0.0,22.5,52,Lucknow
2017-05-11,38.1,27.4,0.2,19.7,48,Lucknow
2017-05-12,39.7,27.7,0.3,17.3,47,Lucknow
2017-05-13,41.0,27.7,0.0,26.1,46,Lucknow
2017-05-14,43.4,25.9,0.0,29.1,37,Lucknow
2017-05-15,42.9,26.3,0.0,25.3,33,Lucknow
2017-05-16,42.2,26.9,0.0,18.8,46,Lucknow
2017-05-17,39.2,27.3,6.5,25.5,58,Lucknow
2017-05-18,39.2,24.9,0.6,21.3,49,Lucknow
2017-05-19,40.2,27.2,0.0,26.0,38,Lucknow
2017-05-20,40.0,27.4,0.0,15.8,39,Lucknow
2017-05-21,41.5,26.2,0.0,19.2,35,Lucknow
2017-05-22,41.3,27.5,0.0,18.7,31,Lucknow
2017-05-23,38.7,27.9,1.3,16.2,37,Lucknow
2017-05-24,40.8,27.0,0.1,20.3,35,Lucknow
2017-05-25,42.1,28.7,0.0,16.2,34,Lucknow
2017-05-26,42.1,29.0,0.1,18.3,37,Lucknow
2017-05-27,39.8,29.0,0.0,25.3,48,Lucknow
2017-05-28,37.9,26.6,0.4,23.3,54,Lucknow
2017-05-29,35.2,26.6,1.3,15.6,62,Lucknow
2017-05-30,32.5,26.4,5.3,13.9,67,Lucknow
2017-05-31,34.8,26.0,0.9,18.6,65,Lucknow
2017-06-01,35.9,27.4,2.2,19.6,60,Lucknow
2017-06-02,39.4,27.7,0.0,18.9,44,Lucknow
2017-06-03,41.7,29.5,0.0,24.2,38,Lucknow
2017-06-04,43.5,28.5,0.0,16.9,40,Lucknow
2017-06-05,43.2,29.7,0.1,26.6,44,Lucknow
2017-06-06,39.0,28.9,0.0,22.7,59,Lucknow
2017-06-07,36.2,26.0,0.7,15.7,63,Lucknow
2017-06-08,38.0,27.2,0.0,19.3,59,Lucknow
2017-06-09,37.9,27.7,0.0,14.8,54,Lucknow
2017-06-10,37.8,29.1,0.4,16.3,51,Lucknow
2017-06-11,40.3,28.6,0.0,21.4,47,Lucknow
2017-06-12,40.6,28.9,0.0,18.7,42,Lucknow
2017-06-13,41.4,27.2,0.0,17.6,34,Lucknow
2017-06-14,42.8,29.3,0.0,17.8,31,Lucknow
2017-06-15,40.6,29.3,0.1,16.1,42,Lucknow
2017-06-16,39.8,25.9,16.5,19.0,60,Lucknow
2017-06-17,36.0,25.1,0.5,10.8,67,Lucknow
2017-06-18,36.6,28.1,0.6,21.4,58,Lucknow
2017-06-19,38.5,27.9,1.0,15.3,55,Lucknow
2017-06-20,35.1,27.2,6.2,16.2,65,Lucknow
2017-06-21,35.6,26.3,9.2,14.1,70,Lucknow
2017-06-22,34.2,26.3,0.2,20.1,72,Lucknow
2017-06-23,35.8,27.7,0.0,11.5,63,Lucknow
2017-06-24,36.8,28.6,0.0,12.3,60,Lucknow
2017-06-25,36.2,29.3,1.2,17.7,63,Lucknow
2017-06-26,36.0,29.6,0.6,18.6,62,Lucknow
2017-06-27,36.4,29.8,0.6,18.9,59,Lucknow
2017-06-28,35.9,28.4,12.0,23.3,64,Lucknow
2017-06-29,35.3,27.2,8.3,19.0,74,Lucknow
2017-06-30,35.5,27.1,7.1,9.4,77,Lucknow
2017-07-01,33.6,26.9,19.6,11.4,85,Lucknow
2017-07-02,33.3,25.9,14.5,13.5,87,Lucknow
2017-07-03,31.3,26.1,12.4,10.2,87,Lucknow
2017-07-04,28.0,25.8,42.6,14.1,94,Lucknow
2017-07-05,26.6,25.3,106.8,12.5,95,Lucknow
2017-07-06,29.1,25.1,31.1,17.6,90,Lucknow
2017-07-07,30.1,25.7,52.9,10.4,90,Lucknow
2017-07-08,31.6,26.2,11.3,12.8,88,Lucknow
2017-07-09,30.2,25.9,17.5,10.0,90,Lucknow
2017-07-10,30.5,25.7,33.8,12.6,92,Lucknow
2017-07-11,27.1,25.1,35.6,20.6,92,Lucknow
2017-07-12,28.6,24.4,2.1,26.0,84,Lucknow
2017-07-13,31.6,25.7,1.4,25.9,78,Lucknow
2017-07-14,32.4,26.3,0.8,20.4,79,Lucknow
2017-07-15,32.2,25.8,5.2,20.2,82,Lucknow
2017-07-16,32.8,26.9,4.9,15.2,82,Lucknow
2017-07-17,33.4,26.5,2.5,10.6,83,Lucknow
2017-07-18,33.3,27.5,6.4,13.1,81,Lucknow
2017-07-19,33.8,27.4,4.3,18.1,79,Lucknow
2017-07-20,32.4,27.4,0.0,22.0,75,Lucknow
2017-07-21,29.7,25.7,10.0,27.4,86,Lucknow
2017-07-22,29.6,25.0,10.3,23.7,88,Lucknow
2017-07-23,30.0,25.7,6.7,18.4,86,Lucknow
2017-07-24,30.8,25.7,6.0,13.0,85,Lucknow
2017-07-25,30.4,25.3,4.2,15.8,86,Lucknow
2017-07-26,31.6,25.3,0.8,23.6,79,Lucknow
2017-07-27,31.3,26.5,2.3,31.6,77,Lucknow
2017-07-28,31.9,26.2,1.0,20.6,80,Lucknow
2017-07-29,31.6,26.9,1.0,11.2,82,Lucknow
2017-07-30,31.1,26.7,7.3,11.5,85,Lucknow
2017-07-31,31.0,25.9,8.2,15.5,84,Lucknow
2017-08-01,31.4,26.4,10.2,14.9,84,Lucknow
2017-08-02,30.2,26.1,15.7,19.2,86,Lucknow
2017-08-03,30.2,26.4,4.6,19.2,85,Lucknow
2017-08-04,30.8,26.1,1.4,13.7,81,Lucknow
2017-08-05,32.2,26.4,9.0,9.3,85,Lucknow
2017-08-06,31.9,26.2,11.9,12.0,87,Lucknow
2017-08-07,31.0,26.3,15.2,15.8,89,Lucknow
2017-08-08,31.2,26.2,5.5,14.0,87,Lucknow
2017-08-09,32.0,26.2,10.0,11.5,88,Lucknow
2017-08-10,29.3,26.1,8.4,14.3,91,Lucknow
2017-08-11,31.0,25.9,7.4,21.0,85,Lucknow
2017-08-12,31.6,26.7,1.8,24.5,78,Lucknow
2017-08-13,30.9,27.0,0.0,20.0,77,Lucknow
2017-08-14,30.4,27.0,0.7,13.6,81,Lucknow
2017-08-15,32.5,26.0,1.7,12.5,82,Lucknow
2017-08-16,33.2,27.1,3.6,17.9,78,Lucknow
2017-08-17,33.5,27.0,0.5,11.2,79,Lucknow
2017-08-18,31.8,26.7,8.8,15.1,86,Lucknow
2017-08-19,31.4,26.6,8.1,24.3,81,Lucknow
2017-08-20,32.2,27.0,1.0,21.5,79,Lucknow
2017-08-21,31.1,26.7,2.8,17.4,82,Lucknow
2017-08-22,32.2,26.7,8.4,11.3,85,Lucknow
2017-08-23,30.8,26.4,5.4,14.4,87,Lucknow
2017-08-24,32.3,25.4,5.0,7.2,86,Lucknow
2017-08-25,30.8,25.7,8.3,15.2,87,Lucknow
2017-08-26,31.3,25.4,14.0,13.1,88,Lucknow
2017-08-27,30.8,25.7,9.4,14.8,89,Lucknow
2017-08-28,30.9,25.3,6.5,24.1,83,Lucknow
2017-08-29,31.1,25.9,2.3,31.1,80,Lucknow
2017-08-30,31.6,26.7,15.0,20.2,84,Lucknow
2017-08-31,32.3,25.4,7.8,14.2,85,Lucknow
2017-09-01,31.8,26.1,4.3,14.4,83,Lucknow
2017-09-02,31.2,25.8,9.5,19.0,80,Lucknow
2017-09-03,30.8,25.4,3.1,19.7,82,Lucknow
2017-09-04,32.6,25.6,0.4,12.9,80,Lucknow
2017-09-05,33.6,26.4,0.9,14.8,80,Lucknow
2017-09-06,33.6,25.7,0.3,8.3,79,Lucknow
2017-09-07,33.1,26.1,1.2,9.8,82,Lucknow
2017-09-08,32.6,25.7,1.2,13.7,81,Lucknow
2017-09-09,33.2,25.9,0.0,14.9,77,Lucknow
2017-09-10,33.8,25.5,0.0,11.2,77,Lucknow
2017-09-11,34.4,26.0,0.3,9.7,74,Lucknow
2017-09-12,34.2,26.4,0.0,12.5,75,Lucknow
2017-09-13,33.8,26.0,0.0,9.7,74,Lucknow
2017-09-14,32.6,27.0,4.2,9.4,81,Lucknow
2017-09-15,31.9,26.3,4.1,14.3,82,Lucknow
2017-09-16,33.3,26.3,0.7,6.3,76,Lucknow
2017-09-17,34.4,26.9,0.0,8.2,73,Lucknow
2017-09-18,32.9,27.0,10.8,12.2,83,Lucknow
2017-09-19,32.6,25.9,0.0,12.1,79,Lucknow
2017-09-20,31.8,26.5,16.7,14.9,82,Lucknow
2017-09-21,27.2,25.1,32.8,25.2,91,Lucknow
2017-09-22,30.4,24.7,19.5,26.0,90,Lucknow
2017-09-23,29.9,24.3,2.0,17.6,87,Lucknow
2017-09-24,31.3,24.8,0.8,16.2,82,Lucknow
2017-09-25,30.8,25.3,0.4,14.4,80,Lucknow
2017-09-26,33.3,24.1,0.0,13.0,80,Lucknow
2017-09-27,32.9,23.4,0.0,10.4,80,Lucknow
2017-09-28,32.7,23.7,0.0,10.2,79,Lucknow
2017-09-29,32.2,23.8,0.0,11.5,77,Lucknow
2017-09-30,32.1,24.7,0.4,11.2,81,Lucknow
2017-10-01,32.0,24.8,0.5,8.0,77,Lucknow
2017-10-02,32.9,24.1,0.3,12.5,80,Lucknow
2017-10-03,32.3,24.1,0.1,7.9,79,Lucknow
2017-10-04,31.6,24.2,1.2,10.3,82,Lucknow
2017-10-05,33.2,25.0,0.0,6.9,77,Lucknow
2017-10-06,33.9,24.5,0.0,11.1,74,Lucknow
2017-10-07,33.9,24.6,0.0,7.9,74,Lucknow
2017-10-08,33.9,23.8,0.0,7.2,71,Lucknow
2017-10-09,33.2,24.7,0.0,11.1,73,Lucknow
2017-10-10,32.9,24.5,0.1,7.8,75,Lucknow
2017-10-11,33.0,24.9,0.0,10.6,73,Lucknow
2017-10-12,32.9,25.7,0.0,11.8,68,Lucknow
2017-10-13,33.6,24.8,0.0,13.5,60,Lucknow
2017-10-14,34.7,23.1,0.0,16.3,56,Lucknow
2017-10-15,35.4,20.8,0.0,16.0,58,Lucknow
2017-10-16,34.9,21.2,0.0,14.2,63,Lucknow
2017-10-17,33.5,20.4,0.0,9.4,66,Lucknow
2017-10-18,33.6,20.7,0.0,8.7,68,Lucknow
2017-10-19,34.3,24.4,0.0,11.7,65,Lucknow
2017-10-20,34.0,26.0,1.3,11.6,68,Lucknow
2017-10-21,34.8,22.9,0.0,17.3,60,Lucknow
2017-10-22,35.3,20.0,0.0,14.5,52,Lucknow
2017-10-23,34.3,20.2,0.0,9.4,48,Lucknow
2017-10-24,34.2,19.1,0.0,16.6,53,Lucknow
2017-10-25,32.7,17.7,0.0,11.5,56,Lucknow
2017-10-26,31.9,18.7,0.0,10.8,61,Lucknow
2017-10-27,30.8,18.9,0.0,8.3,63,Lucknow
2017-10-28,30.5,17.8,0.0,9.1,67,Lucknow
2017-10-29,30.1,18.8,0.0,14.5,69,Lucknow
2017-10-30,29.6,17.9,0.0,9.1,68,Lucknow
2017-10-31,28.7,17.5,0.0,10.4,67,Lucknow
2017-11-01,28.0,19.3,0.0,8.7,74,Lucknow
2017-11-02,29.1,19.2,0.0,7.6,74,Lucknow
2017-11-03,28.6,18.9,0.2,7.4,76,Lucknow
2017-11-04,29.9,18.7,0.0,7.8,73,Lucknow
2017-11-05,30.1,18.5,0.0,8.7,70,Lucknow
2017-11-06,30.0,18.2,0.0,9.3,66,Lucknow
2017-11-07,29.5,17.3,0.0,9.2,70,Lucknow
2017-11-08,29.1,17.1,0.0,9.3,74,Lucknow
2017-11-09,28.5,18.2,0.0,8.6,74,Lucknow
2017-11-10,29.1,15.7,0.0,7.3,70,Lucknow
2017-11-11,28.5,16.2,0.0,8.9,74,Lucknow
2017-11-12,28.3,16.0,0.0,10.8,71,Lucknow
2017-11-13,28.0,14.8,0.0,8.9,69,Lucknow
2017-11-14,28.2,14.2,0.0,9.4,67,Lucknow
2017-11-15,28.4,16.5,0.0,9.9,65,Lucknow
2017-11-16,27.5,18.7,0.0,10.6,64,Lucknow
2017-11-17,27.9,17.5,0.0,8.2,68,Lucknow
2017-11-18,27.7,16.0,0.0,10.3,64,Lucknow
2017-11-19,27.3,18.0,0.0,12.6,63,Lucknow
2017-11-20,27.1,16.7,0.0,17.9,50,Lucknow
2017-11-21,23.9,13.4,0.0,16.8,48,Lucknow
2017-11-22,24.1,11.7,0.0,15.9,57,Lucknow
2017-11-23,23.6,11.1,0.0,11.8,57,Lucknow
2017-11-24,24.5,10.4,0.0,14.1,59,Lucknow
2017-11-25,24.8,11.2,0.0,10.2,60,Lucknow
2017-11-26,25.4,10.5,0.0,13.6,63,Lucknow
2017-11-27,25.5,12.0,0.0,13.6,62,Lucknow
2017-11-28,25.4,11.8,0.0,11.3,64,Lucknow
2017-11-29,24.9,12.1,0.0,10.1,64,Lucknow
2017-11-30,24.8,12.8,0.0,8.1,69,Lucknow
2017-12-01,24.4,11.3,0.0,10.9,70,Lucknow
2017-12-02,24.3,10.8,0.0,10.7,64,Lucknow
2017-12-03,23.2,9.7,0.0,10.6,66,Lucknow
2017-12-04,23.5,10.8,0.0,9.6,66,Lucknow
2017-12-05,23.0,12.5,0.0,10.5,63,Lucknow
2017-12-06,23.9,16.2,0.0,10.5,59,Lucknow
2017-12-07,24.9,16.5,0.0,12.5,60,Lucknow
2017-12-08,24.9,12.9,0.0,9.7,61,Lucknow
2017-12-09,25.0,12.1,0.0,9.7,68,Lucknow
2017-12-10,25.9,12.5,0.0,9.0,70,Lucknow
2017-12-11,24.9,12.7,0.0,9.2,68,Lucknow
2017-12-12,23.9,14.3,0.0,8.9,71,Lucknow
2017-12-13,25.3,14.2,0.0,10.6,74,Lucknow
2017-12-14,24.5,13.5,0.0,14.9,69,Lucknow
2017-12-15,24.0,12.6,0.0,14.5,61,Lucknow
2017-12-16,22.5,11.5,0.0,17.9,56,Lucknow
2017-12-17,20.8,9.2,0.0,14.7,62,Lucknow
2017-12-18,20.2,8.2,0.0,10.3,72,Lucknow
2017-12-19,21.1,9.1,0.0,8.4,77,Lucknow
2017-12-20,21.9,10.7,0.0,7.9,82,Lucknow
2017-12-21,23.0,10.9,0.0,8.1,85,Lucknow
2017-12-22,24.0,12.6,0.0,13.9,75,Lucknow
2017-12-23,21.9,11.7,0.0,12.9,70,Lucknow
2017-12-24,21.9,8.4,0.0,9.5,77,Lucknow
2017-12-25,21.4,7.4,0.0,11.3,80,Lucknow
2017-12-26,22.3,9.1,0.0,9.7,77,Lucknow
2017-12-27,22.2,9.0,0.0,11.1,79,Lucknow
2017-12-28,22.1,8.9,0.0,9.7,79,Lucknow
2017-12-29,21.3,9.6,0.0,8.7,85,Lucknow
2017-12-30,20.5,7.7,0.0,7.9,84,Lucknow
2017-12-31,20.2,8.0,0.0,8.6,86,Lucknow
2018-01-01,20.8,7.9,0.0,9.9,80,Lucknow
2018-01-02,20.6,7.5,0.0,14.0,72,Lucknow
2018-01-03,20.1,7.0,0.0,11.0,77,Lucknow
2018-01-04,19.4,6.5,0.0,8.3,76,Lucknow
2018-01-05,18.9,5.8,0.0,9.8,81,Lucknow
2018-01-06,20.0,5.5,0.0,12.0,79,Lucknow
2018-01-07,20.3,7.4,0.0,17.3,73,Lucknow
2018-01-08,19.2,6.4,0.0,11.4,75,Lucknow
2018-01-09,19.6,5.9,0.0,12.1,77,Lucknow
2018-01-10,19.8,7.3,0.0,14.0,77,Lucknow
2018-01-11,20.0,7.7,0.0,13.7,78,Lucknow
2018-01-12,19.0,6.0,0.0,9.1,86,Lucknow
2018-01-13,20.6,6.6,0.0,10.9,81,Lucknow
2018-01-14,21.2,7.8,0.0,9.7,74,Lucknow
2018-01-15,21.9,8.0,0.0,16.9,72,Lucknow
2018-01-16,19.7,7.6,0.0,9.9,74,Lucknow
2018-01-17,20.0,7.0,0.0,9.3,78,Lucknow
2018-01-18,22.1,6.4,0.0,10.8,80,Lucknow
2018-01-19,23.9,8.5,0.0,11.3,80,Lucknow
2018-01-20,22.1,10.3,0.0,16.4,73,Lucknow
2018-01-21,21.2,7.0,0.0,10.4,74,Lucknow
2018-01-22,21.3,6.1,0.0,9.3,72,Lucknow
2018-01-23,22.5,6.5,0.7,12.6,72,Lucknow
2018-01-24,21.5,11.3,0.1,11.0,80,Lucknow
2018-01-25,20.4,10.0,0.0,14.1,80,Lucknow
2018-01-26,20.6,8.8,0.0,13.9,80,Lucknow
2018-01-27,21.2,8.6,0.0,14.2,79,Lucknow
2018-01-28,22.1,8.8,0.0,15.1,75,Lucknow
2018-01-29,22.1,7.7,0.0,18.1,73,Lucknow
2018-01-30,24.1,10.4,0.0,20.0,63,Lucknow
2018-01-31,24.5,13.9,0.0,19.2,63,Lucknow
2018-02-01,23.6,11.2,0.0,12.0,71,Lucknow
2018-02-02,26.0,13.0,0.0,10.3,73,Lucknow
2018-02-03,26.0,12.0,0.0,10.4,77,Lucknow
2018-02-04,23.8,12.6,0.0,13.6,65,Lucknow
2018-02-05,23.1,10.0,0.0,10.1,68,Lucknow
2018-02-06,21.2,11.6,0.0,18.9,61,Lucknow
2018-02-07,22.2,12.8,0.0,16.2,53,Lucknow
2018-02-08,23.3,10.2,0.0,10.6,60,Lucknow
2018-02-09,23.7,11.3,0.0,14.3,54,Lucknow
2018-02-10,25.2,9.7,0.0,14.1,57,Lucknow
2018-02-11,23.4,10.5,0.0,11.2,63,Lucknow
2018-02-12,22.3,14.6,0.6,19.9,71,Lucknow
2018-02-13,24.1,13.6,1.5,13.7,81,Lucknow
2018-02-14,24.1,12.8,0.0,18.6,64,Lucknow
2018-02-15,24.0,11.4,0.0,15.7,63,Lucknow
2018-02-16,25.2,12.3,0.0,17.6,69,Lucknow
2018-02-17,26.4,13.3,0.0,15.3,69,Lucknow
2018-02-18,26.9,12.8,0.0,12.9,64,Lucknow
2018-02-19,26.5,11.0,0.0,11.7,60,Lucknow
2018-02-20,26.7,10.9,0.0,10.5,62,Lucknow
2018-02-21,28.5,12.5,0.0,13.7,60,Lucknow
2018-02-22,31.5,14.7,0.0,13.0,60,Lucknow
2018-02-23,31.1,15.5,0.1,8.5,65,Lucknow
2018-02-24,31.9,18.2,1.0,12.9,67,Lucknow
2018-02-25,28.6,17.9,0.0,19.6,72,Lucknow
2018-02-26,29.1,17.4,0.0,19.4,60,Lucknow
2018-02-27,29.1,14.5,0.0,14.7,62,Lucknow
2018-02-28,30.6,15.7,0.0,13.5,64,Lucknow
2018-03-01,32.2,17.4,0.0,19.5,61,Lucknow
2018-03-02,33.6,16.9,0.5,28.9,55,Lucknow
2018-03-03,33.3,19.6,0.0,24.1,46,Lucknow
2018-03-04,32.7,18.0,0.0,16.7,51,Lucknow
2018-03-05,30.9,17.7,0.6,17.0,51,Lucknow
2018-03-06,29.3,16.7,0.0,23.0,44,Lucknow
2018-03-07,29.7,16.4,0.0,15.9,46,Lucknow
2018-03-08,29.9,14.0,0.0,11.4,53,Lucknow
2018-03-09,31.7,15.1,0.0,15.9,47,Lucknow
2018-03-10,33.2,18.1,0.0,21.9,41,Lucknow
2018-03-11,32.9,18.0,0.0,15.6,46,Lucknow
2018-03-12,33.5,17.1,0.0,22.2,47,Lucknow
2018-03-13,34.5,17.7,0.0,18.7,46,Lucknow
2018-03-14,35.2,17.7,0.0,11.6,47,Lucknow
2018-03-15,33.0,21.0,0.3,17.5,50,Lucknow
2018-03-16,32.0,17.5,0.0,21.0,52,Lucknow
2018-03-17,32.2,17.6,0.0,24.8,39,Lucknow
2018-03-18,31.9,17.1,0.0,21.1,35,Lucknow
2018-03-19,33.0,15.1,0.0,14.8,40,Lucknow
2018-03-20,35.0,18.9,0.0,18.9,40,Lucknow
2018-03-21,35.3,19.1,0.2,19.2,42,Lucknow
2018-03-22,33.7,19.1,0.4,15.4,41,Lucknow
2018-03-23,33.6,19.7,0.0,15.5,39,Lucknow
2018-03-24,32.5,19.1,0.0,12.6,43,Lucknow
2018-03-25,33.9,20.1,0.0,15.1,39,Lucknow
2018-03-26,34.6,19.8,0.0,20.3,37,Lucknow
2018-03-27,35.8,19.0,0.0,18.5,38,Lucknow
2018-03-28,36.9,18.4,0.0,16.8,37,Lucknow
2018-03-29,35.9,19.2,0.0,17.7,35,Lucknow
2018-03-30,36.6,19.9,0.2,28.7,39,Lucknow
2018-03-31,33.4,20.1,0.0,18.5,48,Lucknow
2018-04-01,34.1,21.9,0.0,21.7,45,Lucknow
2018-04-02,35.0,21.8,0.0,17.5,41,Lucknow
2018-04-03,36.0,22.5,0.0,11.2,39,Lucknow
2018-04-04,36.9,22.8,1.8,18.1,36,Lucknow
2018-04-05,37.1,23.4,0.1,20.1,43,Lucknow
2018-04-06,36.1,23.5,0.6,16.6,44,Lucknow
2018-04-07,32.3,22.3,1.2,23.8,62,Lucknow
2018-04-08,33.9,21.7,0.1,15.8,57,Lucknow
2018-04-09,34.0,22.1,4.1,15.5,62,Lucknow
2018-04-10,33.2,21.3,0.2,13.0,64,Lucknow
2018-04-11,34.2,23.0,0.0,16.1,58,Lucknow
2018-04-12,33.6,21.6,0.3,14.1,62,Lucknow
2018-04-13,35.1,20.3,0.0,17.4,47,Lucknow
2018-04-14,37.0,19.2,0.0,21.2,34,Lucknow
2018-04-15,38.1,21.4,0.0,16.3,30,Lucknow
2018-04-16,38.9,22.7,0.2,18.3,32,Lucknow
2018-04-17,38.3,24.4,1.9,18.0,35,Lucknow
2018-04-18,39.4,23.4,0.0,30.4,30,Lucknow
2018-04-19,39.6,24.3,0.0,27.2,24,Lucknow
2018-04-20,38.4,23.6,0.4,19.4,31,Lucknow
2018-04-21,38.8,23.7,0.0,20.7,29,Lucknow
2018-04-22,36.8,23.4,0.0,20.7,20,Lucknow
2018-04-23,36.9,21.7,0.0,18.5,20,Lucknow
2018-04-24,38.3,21.0,0.0,15.8,23,Lucknow
2018-04-25,39.5,21.8,0.0,15.3,23,Lucknow
2018-04-26,39.5,23.5,1.1,22.2,35,Lucknow
2018-04-27,37.6,24.2,0.0,26.5,46,Lucknow
2018-04-28,37.5,27.0,0.9,19.1,43,Lucknow
2018-04-29,38.7,26.4,0.1,20.1,45,Lucknow
2018-04-30,38.1,25.2,2.9,22.8,53,Lucknow
2018-05-01,34.9,23.5,0.0,25.9,55,Lucknow
2018-05-02,36.5,23.3,4.9,23.4,52,Lucknow
2018-05-03,34.1,23.0,0.0,26.9,60,Lucknow
2018-05-04,35.3,23.7,0.5,20.1,53,Lucknow
2018-05-05,37.6,25.4,0.2,17.7,54,Lucknow
2018-05-06,39.3,25.4,3.9,18.5,50,Lucknow
2018-05-07,40.3,26.4,0.0,20.7,40,Lucknow
2018-05-08,39.9,24.3,0.3,24.1,35,Lucknow
2018-05-09,38.1,24.8,0.0,19.4,32,Lucknow
2018-05-10,39.0,24.9,0.0,22.3,30,Lucknow
2018-05-11,40.7,25.1,0.0,19.1,30,Lucknow
2018-05-12,39.1,27.4,0.0,23.8,45,Lucknow
2018-05-13,36.8,26.8,2.2,35.1,54,Lucknow
2018-05-14,35.2,23.6,0.0,18.0,59,Lucknow
2018-05-15,35.6,24.3,0.0,14.9,57,Lucknow
2018-05-16,37.3,26.4,2.3,16.1,61,Lucknow
2018-05-17,38.0,26.3,0.0,16.4,57,Lucknow
2018-05-18,38.1,26.8,0.2,23.8,58,Lucknow
2018-05-19,39.1,25.7,0.0,18.4,51,Lucknow
2018-05-20,40.5,27.1,0.0,15.9,48,Lucknow
2018-05-21,41.2,26.5,0.0,16.4,38,Lucknow
2018-05-22,41.2,25.8,0.0,13.5,45,Lucknow
2018-05-23,40.9,29.1,0.0,17.8,51,Lucknow
2018-05-24,40.4,29.1,2.7,20.1,54,Lucknow
2018-05-25,42.1,27.7,0.0,22.2,42,Lucknow
2018-05-26,43.2,26.5,0.0,13.4,28,Lucknow
2018-05-27,42.3,26.6,0.0,17.6,41,Lucknow
2018-05-28,40.2,27.7,1.0,23.7,52,Lucknow
2018-05-29,37.6,27.4,0.0,22.7,54,Lucknow
2018-05-30,38.6,27.4,0.0,19.5,53,Lucknow
2018-05-31,36.1,28.7,0.6,19.6,57,Lucknow
2018-06-01,36.5,27.2,0.0,21.3,58,Lucknow
2018-06-02,36.5,26.3,0.8,19.9,62,Lucknow
2018-06-03,35.7,27.4,0.0,18.4,56,Lucknow
2018-06-04,37.1,28.7,0.0,20.9,55,Lucknow
2018-06-05,38.2,29.8,0.1,24.2,53,Lucknow
2018-06-06,39.3,30.9,0.0,21.2,50,Lucknow
2018-06-07,39.2,29.8,0.0,16.3,51,Lucknow
2018-06-08,36.5,26.6,17.1,19.5,70,Lucknow
2018-06-09,35.7,25.4,27.5,15.8,74,Lucknow
2018-06-10,36.9,27.3,2.5,11.2,66,Lucknow
2018-06-11,38.1,29.2,0.1,16.6,58,Lucknow
2018-06-12,41.9,30.0,0.0,21.7,43,Lucknow
2018-06-13,42.4,30.6,0.0,23.4,39,Lucknow
2018-06-14,40.7,29.1,0.0,24.9,39,Lucknow
2018-06-15,40.5,29.3,0.0,21.4,45,Lucknow
2018-06-16,39.7,28.9,0.0,24.8,48,Lucknow
2018-06-17,39.6,28.8,0.0,28.2,49,Lucknow
2018-06-18,40.1,29.4,0.1,24.0,49,Lucknow
2018-06-19,39.0,29.1,0.0,12.6,48,Lucknow
2018-06-20,39.9,29.1,0.0,16.0,42,Lucknow
2018-06-21,41.3,30.9,0.0,13.0,41,Lucknow
2018-06-22,42.5,31.8,0.0,15.0,40,Lucknow
2018-06-23,41.6,30.5,0.0,13.6,44,Lucknow
2018-06-24,41.1,31.3,0.0,15.3,46,Lucknow
2018-06-25,41.6,32.3,0.0,15.0,40,Lucknow
2018-06-26,38.8,27.3,4.9,15.3,56,Lucknow
2018-06-27,34.9,25.9,13.1,19.4,74,Lucknow
2018-06-28,34.4,26.6,2.8,32.1,70,Lucknow
2018-06-29,34.7,26.8,2.3,23.8,71,Lucknow
2018-06-30,34.6,27.6,3.5,11.4,71,Lucknow
2018-07-01,31.4,25.9,23.8,13.3,82,Lucknow
2018-07-02,34.5,27.3,1.7,16.1,74,Lucknow
2018-07-03,34.0,26.5,7.5,14.8,76,Lucknow
2018-07-04,34.8,26.7,1.6,17.9,70,Lucknow
2018-07-05,36.2,28.0,0.3,14.0,65,Lucknow
2018-07-06,36.0,27.8,0.3,13.0,64,Lucknow
2018-07-07,36.5,28.4,0.2,10.1,63,Lucknow
2018-07-08,36.1,29.4,0.6,19.6,71,Lucknow
2018-07-09,35.7,28.5,1.2,19.2,71,Lucknow
2018-07-10,34.7,28.6,3.6,18.1,71,Lucknow
2018-07-11,32.8,27.3,10.9,16.2,78,Lucknow
2018-07-12,31.6,27.1,11.7,17.7,86,Lucknow
2018-07-13,32.5,26.3,14.6,13.1,84,Lucknow
2018-07-14,33.3,26.0,15.9,14.9,84,Lucknow
2018-07-15,34.7,26.1,9.3,18.8,81,Lucknow
2018-07-16,34.2,28.1,0.3,18.4,76,Lucknow
2018-07-17,34.3,28.7,1.6,22.7,71,Lucknow
2018-07-18,34.2,27.3,3.6,24.9,75,Lucknow
2018-07-19,33.9,28.3,13.7,18.7,77,Lucknow
2018-07-20,35.9,27.0,1.4,10.7,78,Lucknow
2018-07-21,31.8,27.0,10.5,15.8,86,Lucknow
2018-07-22,33.6,26.3,9.6,20.9,79,Lucknow
2018-07-23,31.1,26.9,11.3,24.9,77,Lucknow
2018-07-24,32.2,25.8,12.7,26.6,85,Lucknow
2018-07-25,32.3,26.1,25.3,17.4,87,Lucknow
2018-07-26,29.9,25.6,13.1,18.7,91,Lucknow
2018-07-27,30.9,25.1,8.0,15.8,85,Lucknow
2018-07-28,30.1,25.5,19.9,11.9,88,Lucknow
2018-07-29,30.9,25.8,2.3,12.3,86,Lucknow
2018-07-30,27.4,25.2,45.4,15.3,94,Lucknow
2018-07-31,28.2,25.2,67.3,17.0,91,Lucknow
2018-08-01,29.7,24.6,28.6,15.3,92,Lucknow
2018-08-02,28.5,25.0,69.4,12.8,93,Lucknow
2018-08-03,26.8,24.4,117.0,16.4,94,Lucknow
2018-08-04,30.0,24.6,58.5,16.8,89,Lucknow
2018-08-05,30.0,25.0,6.8,10.8,88,Lucknow
2018-08-06,32.2,24.7,1.8,9.4,86,Lucknow
2018-08-07,31.7,25.5,8.7,15.0,88,Lucknow
2018-08-08,33.0,26.4,0.4,21.7,77,Lucknow
2018-08-09,33.3,27.2,0.7,24.1,75,Lucknow
2018-08-10,34.1,26.2,0.1,7.6,76,Lucknow
2018-08-11,30.2,26.6,22.6,11.6,90,Lucknow
2018-08-12,30.6,25.6,46.5,12.6,91,Lucknow
2018-08-13,30.2,25.5,6.6,10.2,90,Lucknow
2018-08-14,32.0,25.7,3.9,9.6,88,Lucknow
2018-08-15,32.3,26.5,12.1,15.2,87,Lucknow
2018-08-16,33.5,26.8,0.9,23.2,79,Lucknow
2018-08-17,33.8,27.9,0.4,19.2,76,Lucknow
2018-08-18,34.1,27.4,5.4,14.3,78,Lucknow
2018-08-19,34.4,27.3,0.3,10.4,81,Lucknow
2018-08-20,33.4,26.3,8.3,15.0,84,Lucknow
2018-08-21,31.9,27.8,2.7,22.3,81,Lucknow
2018-08-22,31.8,26.4,21.9,14.3,89,Lucknow
2018-08-23,32.3,25.9,13.8,9.8,90,Lucknow
2018-08-24,30.8,25.4,9.9,13.0,90,Lucknow
2018-08-25,27.3,25.3,26.9,16.1,94,Lucknow
2018-08-26,29.3,25.2,33.1,10.9,89,Lucknow
2018-08-27,32.2,25.4,4.5,14.5,87,Lucknow
2018-08-28,32.0,25.3,14.5,18.0,87,Lucknow
2018-08-29,31.3,26.0,6.4,16.8,89,Lucknow
2018-08-30,30.3,25.5,26.9,6.9,89,Lucknow
2018-08-31,30.1,25.2,29.6,7.2,90,Lucknow
2018-09-01,31.1,24.7,10.4,15.8,89,Lucknow
2018-09-02,30.8,25.5,13.1,15.1,89,Lucknow
2018-09-03,29.4,24.6,15.4,8.1,90,Lucknow
2018-09-04,29.3,24.4,43.9,16.0,92,Lucknow
2018-09-05,30.5,24.1,24.0,10.0,91,Lucknow
2018-09-06,30.7,24.3,19.4,12.9,90,Lucknow
2018-09-07,31.5,25.1,2.1,24.9,79,Lucknow
2018-09-08,31.5,26.0,3.2,27.7,82,Lucknow
2018-09-09,32.4,24.4,0.0,11.6,78,Lucknow
2018-09-10,31.5,25.1,0.3,15.2,78,Lucknow
2018-09-11,31.3,26.3,1.4,16.8,81,Lucknow
2018-09-12,31.4,25.2,0.8,16.2,83,Lucknow
2018-09-13,31.6,25.5,3.8,17.3,82,Lucknow
2018-09-14,31.8,24.9,0.2,13.7,79,Lucknow
2018-09-15,32.1,24.9,0.0,11.5,75,Lucknow
2018-09-16,32.5,24.6,0.0,12.9,73,Lucknow
2018-09-17,32.8,24.2,0.0,15.5,73,Lucknow
2018-09-18,33.2,24.1,0.0,13.0,74,Lucknow
2018-09-19,33.6,22.8,0.0,11.7,70,Lucknow
2018-09-20,33.4,22.6,1.2,14.8,73,Lucknow
2018-09-21,30.4,25.2,7.2,26.7,84,Lucknow
2018-09-22,29.5,25.6,17.6,30.0,83,Lucknow
2018-09-23,32.0,25.6,6.5,18.8,83,Lucknow
2018-09-24,32.7,25.1,0.1,15.1,76,Lucknow
2018-09-25,31.0,24.5,0.3,18.1,75,Lucknow
2018-09-26,30.2,23.3,1.8,12.8,82,Lucknow
2018-09-27,31.7,24.7,0.4,10.0,81,Lucknow
2018-09-28,32.3,24.1,0.1,11.0,78,Lucknow
2018-09-29,34.3,22.9,0.0,15.8,67,Lucknow
2018-09-30,33.7,23.1,0.0,14.5,62,Lucknow
2018-10-01,34.1,21.8,0.0,13.9,67,Lucknow
2018-10-02,35.2,21.9,0.0,16.8,67,Lucknow
2018-10-03,35.5,21.7,0.0,14.3,64,Lucknow
2018-10-04,33.5,22.3,0.0,9.0,64,Lucknow
2018-10-05,34.9,22.3,0.0,12.0,59,Lucknow
2018-10-06,35.1,22.4,0.0,13.2,57,Lucknow
2018-10-07,34.6,22.2,0.0,16.5,55,Lucknow
2018-10-08,35.0,20.8,0.0,16.5,56,Lucknow
2018-10-09,34.9,21.7,0.0,11.3,59,Lucknow
2018-10-10,33.7,23.8,0.0,18.8,62,Lucknow
2018-10-11,32.9,23.4,0.0,13.6,63,Lucknow
2018-10-12,31.2,23.0,0.4,9.2,69,Lucknow
2018-10-13,31.5,21.9,0.1,10.9,67,Lucknow
2018-10-14,32.8,20.5,0.0,17.2,51,Lucknow
2018-10-15,34.0,18.7,0.0,18.1,46,Lucknow
2018-10-16,34.5,19.1,0.0,10.8,50,Lucknow
2018-10-17,34.6,20.0,0.0,15.2,58,Lucknow
2018-10-18,35.2,20.2,0.0,17.9,53,Lucknow
2018-10-19,35.5,20.4,0.0,15.9,45,Lucknow
2018-10-20,34.5,20.0,0.0,17.4,55,Lucknow
2018-10-21,32.8,19.5,0.0,16.1,54,Lucknow
2018-10-22,32.4,20.6,0.0,10.9,44,Lucknow
2018-10-23,31.4,17.2,0.0,13.0,45,Lucknow
2018-10-24,32.3,16.5,0.0,15.5,48,Lucknow
2018-10-25,32.3,17.3,0.0,8.9,53,Lucknow
2018-10-26,32.1,17.7,0.0,8.9,62,Lucknow
2018-10-27,31.4,17.9,0.0,10.1,60,Lucknow
2018-10-28,31.1,17.5,0.0,9.7,59,Lucknow
2018-10-29,31.1,18.1,0.0,8.9,59,Lucknow
2018-10-30,31.0,17.6,0.0,9.1,58,Lucknow
2018-10-31,31.6,17.3,0.0,9.4,59,Lucknow
2018-11-01,31.8,17.2,0.0,9.3,58,Lucknow
2018-11-02,31.6,17.8,0.0,8.8,59,Lucknow
2018-11-03,31.4,18.7,0.0,8.7,58,Lucknow
2018-11-04,31.1,20.5,0.1,12.6,59,Lucknow
2018-11-05,30.3,18.1,0.0,15.1,60,Lucknow
2018-11-06,27.9,16.7,0.0,13.9,57,Lucknow
2018-11-07,27.6,15.1,0.0,10.0,48,Lucknow
2018-11-08,27.3,12.4,0.0,10.0,53,Lucknow
2018-11-09,27.3,14.4,0.0,9.4,59,Lucknow
2018-11-10,27.4,13.9,0.0,6.1,61,Lucknow
2018-11-11,27.8,15.1,0.0,8.0,67,Lucknow
2018-11-12,28.9,15.1,0.0,9.9,67,Lucknow
2018-11-13,29.8,15.7,0.0,9.7,66,Lucknow
2018-11-14,29.6,17.6,0.2,9.2,66,Lucknow
2018-11-15,29.7,17.3,0.0,16.3,62,Lucknow
2018-11-16,27.3,16.8,0.0,18.6,57,Lucknow
2018-11-17,26.8,15.0,0.0,16.3,58,Lucknow
2018-11-18,26.3,12.6,0.0,9.3,66,Lucknow
2018-11-19,27.3,14.1,0.0,9.7,66,Lucknow
2018-11-20,28.7,14.7,0.0,9.6,67,Lucknow
2018-11-21,28.4,14.2,0.0,11.3,66,Lucknow
2018-11-22,27.1,13.0,0.0,10.2,62,Lucknow
2018-11-23,27.4,13.3,0.0,16.8,60,Lucknow
2018-11-24,25.8,14.3,0.0,12.4,59,Lucknow
2018-11-25,25.4,12.1,0.0,9.6,70,Lucknow
2018-11-26,26.1,12.3,0.0,9.9,74,Lucknow
2018-11-27,26.5,14.1,0.0,10.8,73,Lucknow
2018-11-28,26.5,14.6,0.1,8.3,73,Lucknow
2018-11-29,26.9,14.7,0.0,9.4,74,Lucknow
2018-11-30,26.3,14.0,0.0,10.0,74,Lucknow
2018-12-01,25.5,12.5,0.0,9.9,66,Lucknow
2018-12-02,24.9,12.7,0.0,9.2,64,Lucknow
2018-12-03,24.4,10.7,0.0,8.4,65,Lucknow
2018-12-04,24.4,12.1,0.0,8.8,68,Lucknow
2018-12-05,23.9,11.0,0.0,10.3,72,Lucknow
2018-12-06,23.5,9.6,0.0,10.7,72,Lucknow
2018-12-07,23.7,10.8,0.0,11.6,71,Lucknow
2018-12-08,23.3,9.4,0.0,9.2,69,Lucknow
2018-12-09,22.8,9.3,0.0,8.0,70,Lucknow
2018-12-10,22.9,8.8,0.0,9.4,71,Lucknow
2018-12-11,23.8,10.1,0.0,8.2,69,Lucknow
2018-12-12,23.0,10.8,0.0,16.8,71,Lucknow
2018-12-13,22.8,12.5,0.1,11.6,68,Lucknow
2018-12-14,23.1,10.8,0.0,12.3,65,Lucknow
2018-12-15,22.4,10.3,0.0,11.5,64,Lucknow
2018-12-16,22.4,8.0,0.0,9.7,68,Lucknow
2018-12-17,22.6,8.4,0.0,10.0,64,Lucknow
2018-12-18,22.7,9.2,0.0,10.1,69,Lucknow
2018-12-19,21.6,8.7,0.0,9.8,69,Lucknow
2018-12-20,21.6,7.7,0.0,9.7,71,Lucknow
2018-12-21,21.0,7.3,0.0,10.4,67,Lucknow
2018-12-22,20.5,5.9,0.0,10.1,70,Lucknow
2018-12-23,21.0,6.4,0.0,10.2,66,Lucknow
2018-12-24,20.8,6.2,0.0,10.8,63,Lucknow
2018-12-25,21.2,7.6,0.0,17.5,60,Lucknow
2018-12-26,20.4,6.7,0.0,11.1,59,Lucknow
2018-12-27,20.6,6.1,0.0,14.0,55,Lucknow
2018-12-28,19.3,7.9,0.0,16.2,63,Lucknow
2018-12-29,18.7,6.8,0.0,10.8,66,Lucknow
2018-12-30,19.6,4.7,0.0,10.0,72,Lucknow
2018-12-31,21.1,7.0,0.0,11.3,73,Lucknow
2019-01-01,20.8,6.4,0.0,9.0,69,Lucknow
2019-01-02,21.5,7.5,0.0,10.2,71,Lucknow
2019-01-03,22.3,8.2,0.0,13.2,71,Lucknow
2019-01-04,21.5,8.6,0.0,9.2,68,Lucknow
2019-01-05,22.1,9.1,0.0,11.7,67,Lucknow
2019-01-06,20.9,10.7,2.9,18.7,77,Lucknow
2019-01-07,20.6,10.6,1.1,12.2,79,Lucknow
2019-01-08,21.4,10.1,0.0,13.9,69,Lucknow
2019-01-09,20.2,8.9,0.0,12.1,70,Lucknow
2019-01-10,20.3,8.3,0.0,9.4,68,Lucknow
2019-01-11,20.5,7.8,0.0,9.8,73,Lucknow
2019-01-12,21.2,8.1,0.0,10.1,74,Lucknow
2019-01-13,21.9,8.4,0.0,9.7,74,Lucknow
2019-01-14,21.9,10.4,0.0,20.4,60,Lucknow
2019-01-15,19.2,7.6,0.0,13.4,60,Lucknow
2019-01-16,19.7,5.6,0.0,9.2,67,Lucknow
2019-01-17,20.8,5.7,0.0,10.1,74,Lucknow
2019-01-18,21.9,7.8,0.0,10.2,73,Lucknow
2019-01-19,22.8,7.7,0.0,11.2,72,Lucknow
2019-01-20,24.4,8.2,0.0,10.6,66,Lucknow
2019-01-21,25.2,10.4,0.0,14.8,66,Lucknow
2019-01-22,21.7,14.9,0.6,24.5,67,Lucknow
2019-01-23,21.7,13.9,1.0,20.1,75,Lucknow
2019-01-24,22.5,10.9,0.0,8.8,78,Lucknow
2019-01-25,19.7,11.7,7.4,19.6,85,Lucknow
2019-01-26,18.7,11.3,0.0,8.8,87,Lucknow
2019-01-27,20.3,10.0,0.0,14.5,74,Lucknow
2019-01-28,19.2,7.6,0.0,15.6,67,Lucknow
2019-01-29,19.3,7.9,0.0,13.6,63,Lucknow
2019-01-30,20.8,7.3,0.0,10.9,66,Lucknow
2019-01-31,21.2,9.8,0.2,10.5,67,Lucknow
2019-02-01,23.7,10.4,0.0,8.4,74,Lucknow
2019-02-02,24.4,11.8,0.0,11.6,67,Lucknow
2019-02-03,23.4,11.1,0.0,12.6,73,Lucknow
2019-02-04,23.5,8.7,0.0,12.4,75,Lucknow
2019-02-05,24.0,9.1,0.0,10.5,74,Lucknow
2019-02-06,26.2,13.0,1.0,11.9,77,Lucknow
2019-02-07,23.5,15.8,12.0,28.2,77,Lucknow
2019-02-08,22.6,11.9,8.8,17.5,73,Lucknow
2019-02-09,20.0,10.3,0.1,16.5,74,Lucknow
2019-02-10,21.3,9.7,0.0,13.0,69,Lucknow
2019-02-11,21.4,8.9,0.0,9.8,71,Lucknow
2019-02-12,22.5,9.1,0.0,9.9,70,Lucknow
2019-02-13,24.2,9.9,0.0,10.1,72,Lucknow
2019-02-14,21.8,12.0,2.0,21.3,79,Lucknow
2019-02-15,23.9,14.5,23.6,23.8,85,Lucknow
2019-02-16,21.6,13.9,0.6,14.6,87,Lucknow
2019-02-17,22.2,12.5,0.0,18.6,77,Lucknow
2019-02-18,24.2,11.9,0.0,13.3,72,Lucknow
2019-02-19,25.5,14.5,0.0,12.8,75,Lucknow
2019-02-20,26.7,13.8,0.0,11.2,78,Lucknow
2019-02-21,25.3,14.4,3.3,12.8,74,Lucknow
2019-02-22,28.2,15.9,0.0,17.8,71,Lucknow
2019-02-23,23.5,14.1,0.0,19.1,63,Lucknow
2019-02-24,21.3,10.8,0.0,16.7,67,Lucknow
2019-02-25,25.2,10.8,0.1,10.7,64,Lucknow
2019-02-26,25.8,12.9,0.2,16.5,60,Lucknow
2019-02-27,19.5,12.6,3.3,23.0,73,Lucknow
2019-02-28,21.4,10.2,0.0,17.7,68,Lucknow
2019-03-01,22.0,8.7,0.0,15.8,59,Lucknow
2019-03-02,22.2,9.4,0.3,11.8,64,Lucknow
2019-03-03,22.7,13.6,1.5,12.7,76,Lucknow
2019-03-04,24.5,12.2,0.1,11.9,76,Lucknow
2019-03-05,25.6,14.9,0.1,17.0,64,Lucknow
2019-03-06,24.8,12.8,0.0,19.0,56,Lucknow
2019-03-07,25.8,12.1,0.0,17.9,57,Lucknow
2019-03-08,27.6,11.3,0.0,18.2,57,Lucknow
2019-03-09,27.4,14.9,0.0,11.6,52,Lucknow
2019-03-10,28.5,16.0,0.0,13.7,49,Lucknow
2019-03-11,30.2,15.2,0.0,10.1,44,Lucknow
2019-03-12,31.5,17.2,0.0,14.0,45,Lucknow
2019-03-13,30.3,17.1,0.0,13.3,47,Lucknow
2019-03-14,30.8,17.0,0.0,16.1,41,Lucknow
2019-03-15,30.4,17.4,0.0,19.5,44,Lucknow
2019-03-16,28.5,15.1,0.0,13.5,44,Lucknow
2019-03-17,28.5,14.0,0.0,13.8,45,Lucknow
2019-03-18,29.6,13.9,0.0,14.3,46,Lucknow
2019-03-19,30.6,15.5,0.0,19.9,47,Lucknow
2019-03-20,32.5,16.5,0.0,16.6,43,Lucknow
2019-03-21,32.2,19.0,0.0,18.6,40,Lucknow
2019-03-22,32.3,19.1,0.0,23.2,34,Lucknow
2019-03-23,31.0,16.9,0.0,23.2,35,Lucknow
2019-03-24,33.1,18.5,0.0,25.4,42,Lucknow
2019-03-25,33.3,18.7,0.0,21.7,50,Lucknow
2019-03-26,32.1,19.2,0.1,21.3,49,Lucknow
2019-03-27,32.2,18.6,0.0,17.4,45,Lucknow
2019-03-28,33.3,17.9,0.0,13.8,50,Lucknow
2019-03-29,35.6,20.1,0.0,11.6,48,Lucknow
2019-03-30,37.5,20.8,0.0,16.3,42,Lucknow
2019-03-31,37.5,21.4,0.0,29.5,38,Lucknow
2019-04-01,35.1,18.8,0.0,19.5,30,Lucknow
2019-04-02,34.8,18.3,0.0,16.9,37,Lucknow
2019-04-03,36.5,18.8,0.0,12.3,33,Lucknow
2019-04-04,36.8,21.2,0.0,12.5,41,Lucknow
2019-04-05,37.5,22.6,0.0,18.9,46,Lucknow
2019-04-06,33.4,24.8,0.4,32.1,55,Lucknow
2019-04-07,33.6,22.4,2.3,25.6,56,Lucknow
2019-04-08,34.5,22.4,0.2,22.5,55,Lucknow
2019-04-09,38.1,21.3,0.0,15.6,45,Lucknow
2019-04-10,36.2,22.3,0.0,18.4,49,Lucknow
2019-04-11,38.2,24.6,0.0,26.5,44,Lucknow
2019-04-12,39.2,23.2,0.0,15.5,40,Lucknow
2019-04-13,39.9,23.6,0.0,27.1,35,Lucknow
2019-04-14,40.5,23.4,0.0,22.3,29,Lucknow
2019-04-15,40.6,25.2,0.0,19.7,29,Lucknow
2019-04-16,34.4,23.4,0.0,24.0,40,Lucknow
2019-04-17,30.9,20.1,0.9,17.6,63,Lucknow
2019-04-18,30.9,18.8,0.1,14.4,60,Lucknow
2019-04-19,32.9,20.3,0.0,16.0,50,Lucknow
2019-04-20,34.4,20.3,0.0,14.0,44,Lucknow
2019-04-21,35.7,21.6,0.0,13.2,37,Lucknow
2019-04-22,37.5,22.0,0.0,18.0,37,Lucknow
2019-04-23,37.4,23.8,0.0,17.2,46,Lucknow
2019-04-24,37.6,26.2,0.0,14.7,45,Lucknow
2019-04-25,40.4,27.1,0.0,19.9,39,Lucknow
2019-04-26,41.8,26.4,0.0,21.2,31,Lucknow
2019-04-27,42.0,26.8,0.0,30.0,20,Lucknow
2019-04-28,41.9,26.5,0.0,29.8,18,Lucknow
2019-04-29,41.8,26.6,0.0,18.7,21,Lucknow
2019-04-30,42.1,23.7,0.0,12.1,29,Lucknow
2019-05-01,42.7,27.2,0.0,19.6,39,Lucknow
2019-05-02,41.3,27.9,0.0,26.1,35,Lucknow
2019-05-03,38.0,26.5,0.3,29.9,48,Lucknow
2019-05-04,38.1,25.4,0.0,18.4,45,Lucknow
2019-05-05,39.1,23.9,0.0,28.6,20,Lucknow
2019-05-06,41.4,25.4,0.0,27.2,17,Lucknow
2019-05-07,42.1,25.4,0.0,25.8,19,Lucknow
2019-05-08,43.4,25.5,0.0,29.8,20,Lucknow
2019-05-09,42.7,28.4,0.0,26.3,19,Lucknow
2019-05-10,42.0,30.3,0.0,20.9,20,Lucknow
2019-05-11,41.0,28.0,0.0,22.4,24,Lucknow
2019-05-12,39.9,26.9,0.0,20.9,26,Lucknow
2019-05-13,38.9,26.0,0.0,12.9,31,Lucknow
2019-05-14,38.3,27.1,0.0,23.1,35,Lucknow
2019-05-15,38.8,25.0,0.0,27.2,40,Lucknow
2019-05-16,39.8,25.7,0.0,18.3,37,Lucknow
2019-05-17,39.5,26.6,0.0,22.7,34,Lucknow
2019-05-18,36.7,26.2,0.0,22.1,37,Lucknow
2019-05-19,38.2,26.5,0.0,16.7,38,Lucknow
2019-05-20,40.6,25.3,0.0,17.8,29,Lucknow
2019-05-21,41.7,27.3,0.0,20.3,25,Lucknow
2019-05-22,41.5,29.3,0.0,30.0,30,Lucknow
2019-05-23,42.1,28.7,0.0,18.0,31,Lucknow
2019-05-24,42.3,28.6,0.0,22.2,36,Lucknow
2019-05-25,40.0,29.1,0.0,26.9,31,Lucknow
2019-05-26,40.6,26.8,0.0,26.2,29,Lucknow
2019-05-27,42.7,26.0,0.0,22.7,27,Lucknow
2019-05-28,43.0,27.4,0.0,23.2,21,Lucknow
2019-05-29,42.3,25.8,0.0,18.2,24,Lucknow
2019-05-30,44.2,26.6,0.0,19.8,30,Lucknow
2019-05-31,41.5,28.6,0.0,19.8,45,Lucknow
2019-06-01,41.2,29.1,0.0,21.0,46,Lucknow
2019-06-02,41.5,29.7,0.0,23.2,46,Lucknow
2019-06-03,38.9,29.5,0.0,23.2,46,Lucknow
2019-06-04,40.1,28.2,0.0,18.0,45,Lucknow
2019-06-05,41.2,30.0,0.0,15.3,42,Lucknow
2019-06-06,41.3,30.9,0.0,20.8,44,Lucknow
2019-06-07,40.1,29.2,0.0,18.0,48,Lucknow
2019-06-08,41.0,29.1,0.0,14.0,44,Lucknow
2019-06-09,42.9,28.9,0.0,17.6,38,Lucknow
2019-06-10,43.5,28.6,0.0,18.4,43,Lucknow
2019-06-11,41.9,29.3,0.0,19.4,51,Lucknow
2019-06-12,41.4,30.4,0.0,21.6,51,Lucknow
2019-06-13,40.6,30.8,0.0,19.9,48,Lucknow
2019-06-14,41.4,31.3,0.0,20.5,36,Lucknow
2019-06-15,43.8,29.6,0.0,22.2,26,Lucknow
2019-06-16,40.6,32.2,0.0,28.5,34,Lucknow
2019-06-17,39.5,28.9,0.0,26.3,47,Lucknow
2019-06-18,38.1,28.8,0.0,22.8,51,Lucknow
2019-06-19,30.6,24.6,14.3,12.0,76,Lucknow
2019-06-20,32.2,24.2,10.2,15.0,72,Lucknow
2019-06-21,36.3,26.4,0.0,8.7,63,Lucknow
2019-06-22,36.3,27.1,0.9,19.5,68,Lucknow
2019-06-23,30.8,25.9,1.9,15.9,82,Lucknow
2019-06-24,34.5,26.4,5.9,16.2,76,Lucknow
2019-06-25,36.2,28.7,5.8,8.2,72,Lucknow
2019-06-26,36.9,28.5,0.9,16.2,70,Lucknow
2019-06-27,39.2,26.2,1.9,17.0,61,Lucknow
2019-06-28,39.7,28.8,0.0,17.9,51,Lucknow
2019-06-29,40.5,29.0,0.0,13.9,49,Lucknow
2019-06-30,38.0,29.8,0.0,17.7,63,Lucknow
2019-07-01,36.1,28.0,1.7,13.4,64,Lucknow
2019-07-02,34.6,28.1,7.3,18.2,74,Lucknow
2019-07-03,35.2,29.0,1.6,26.1,66,Lucknow
2019-07-04,36.5,28.9,0.7,18.0,64,Lucknow
2019-07-05,35.2,27.8,12.1,16.2,72,Lucknow
2019-07-06,33.9,26.8,10.0,19.2,82,Lucknow
2019-07-07,32.5,26.6,15.7,10.6,85,Lucknow
2019-07-08,31.6,26.2,16.2,9.7,86,Lucknow
2019-07-09,29.5,26.1,104.1,11.6,92,Lucknow
2019-07-10,29.4,25.7,22.6,15.5,90,Lucknow
2019-07-11,30.9,25.7,68.6,17.4,90,Lucknow
2019-07-12,33.8,26.3,2.8,19.6,77,Lucknow
2019-07-13,35.1,28.5,0.9,20.5,67,Lucknow
2019-07-14,34.8,28.5,0.1,22.5,65,Lucknow
2019-07-15,34.3,26.9,2.9,19.1,71,Lucknow
2019-07-16,32.6,25.6,7.6,8.9,84,Lucknow
2019-07-17,33.5,25.9,0.6,12.4,81,Lucknow
2019-07-18,34.1,26.9,11.5,8.3,79,Lucknow
2019-07-19,33.8,27.6,1.7,10.0,79,Lucknow
2019-07-20,34.4,27.7,7.8,14.2,80,Lucknow
2019-07-21,34.8,27.0,7.8,13.6,83,Lucknow
2019-07-22,35.1,26.0,14.5,15.3,83,Lucknow
2019-07-23,35.7,27.0,13.0,18.8,80,Lucknow
2019-07-24,32.4,26.2,35.4,11.8,88,Lucknow
2019-07-25,30.2,25.5,22.6,10.7,88,Lucknow
2019-07-26,31.8,25.3,22.7,19.5,88,Lucknow
2019-07-27,30.6,25.2,14.7,21.6,88,Lucknow
2019-07-28,31.7,26.2,9.5,21.6,83,Lucknow
2019-07-29,32.7,27.2,0.2,26.8,74,Lucknow
2019-07-30,32.0,27.7,2.0,27.4,75,Lucknow
2019-07-31,32.0,26.8,1.4,19.9,79,Lucknow
2019-08-01,31.9,27.1,5.8,16.6,83,Lucknow
2019-08-02,32.2,26.7,13.0,15.3,85,Lucknow
2019-08-03,32.5,26.1,17.5,17.4,86,Lucknow
2019-08-04,34.1,26.5,1.3,10.7,84,Lucknow
2019-08-05,32.2,26.0,24.0,10.9,88,Lucknow
2019-08-06,32.5,26.7,19.1,13.6,88,Lucknow
2019-08-07,32.1,26.2,15.3,15.5,87,Lucknow
2019-08-08,32.9,27.3,0.0,32.2,75,Lucknow
2019-08-09,31.5,27.0,6.9,32.7,80,Lucknow
2019-08-10,32.6,26.1,3.6,15.5,82,Lucknow
2019-08-11,32.4,27.4,5.6,9.0,84,Lucknow
2019-08-12,33.4,27.1,0.2,15.3,80,Lucknow
2019-08-13,30.8,27.7,12.4,12.1,87,Lucknow
2019-08-14,32.0,26.3,8.5,27.2,85,Lucknow
2019-08-15,31.3,26.3,3.1,26.0,84,Lucknow
2019-08-16,32.3,26.0,3.9,18.1,81,Lucknow
2019-08-17,31.6,26.4,8.5,10.7,84,Lucknow
2019-08-18,32.5,26.1,3.6,9.4,83,Lucknow
2019-08-19,30.9,26.0,5.1,12.1,89,Lucknow
2019-08-20,31.2,25.8,6.3,8.5,89,Lucknow
2019-08-21,29.3,26.2,26.9,12.7,92,Lucknow
2019-08-22,31.7,24.9,19.4,10.2,89,Lucknow
2019-08-23,32.6,25.1,7.3,5.6,86,Lucknow
2019-08-24,30.2,25.6,21.2,18.8,91,Lucknow
2019-08-25,30.2,25.7,10.4,18.1,88,Lucknow
2019-08-26,32.8,25.5,0.8,16.8,81,Lucknow
2019-08-27,33.5,26.7,1.8,18.1,80,Lucknow
2019-08-28,33.7,27.3,0.6,17.0,77,Lucknow
2019-08-29,32.3,27.2,3.8,15.5,83,Lucknow
2019-08-30,33.1,26.7,0.8,8.0,83,Lucknow
2019-08-31,32.6,26.4,11.6,10.9,84,Lucknow
2019-09-01,31.5,26.6,6.8,20.0,88,Lucknow
2019-09-02,33.8,26.2,0.4,6.9,80,Lucknow
2019-09-03,33.0,27.3,1.9,14.4,82,Lucknow
2019-09-04,31.4,26.9,3.2,14.0,86,Lucknow
2019-09-05,31.6,27.3,11.3,17.3,83,Lucknow
2019-09-06,32.6,27.1,10.8,20.2,83,Lucknow
2019-09-07,32.3,25.9,11.9,18.2,85,Lucknow
2019-09-08,32.3,27.2,9.3,17.4,83,Lucknow
2019-09-09,32.2,27.0,1.8,19.0,83,Lucknow
2019-09-10,32.0,26.3,7.6,13.0,87,Lucknow
2019-09-11,32.3,25.8,14.4,13.7,86,Lucknow
2019-09-12,30.1,25.8,11.9,19.1,90,Lucknow
2019-09-13,29.7,25.5,10.3,24.4,89,Lucknow
2019-09-14,31.3,24.8,13.2,18.8,91,Lucknow
2019-09-15,29.9,25.4,9.2,14.0,90,Lucknow
2019-09-16,30.8,25.4,15.5,9.4,90,Lucknow
2019-09-17,30.4,24.8,13.5,13.9,91,Lucknow
2019-09-18,26.6,24.1,48.3,19.5,94,Lucknow
2019-09-19,28.8,23.4,20.4,16.9,88,Lucknow
2019-09-20,29.9,24.1,5.1,13.5,88,Lucknow
2019-09-21,30.8,24.5,2.9,10.0,88,Lucknow
2019-09-22,29.4,24.8,17.7,16.2,91,Lucknow
2019-09-23,29.8,24.8,9.4,13.1,89,Lucknow
2019-09-24,28.7,25.1,2.6,19.7,89,Lucknow
2019-09-25,29.4,24.8,4.6,26.4,85,Lucknow
2019-09-26,26.9,23.5,23.6,32.8,92,Lucknow
2019-09-27,24.2,23.1,118.5,18.2,97,Lucknow
2019-09-28,26.8,23.0,4.0,27.7,90,Lucknow
2019-09-29,27.0,22.8,0.4,28.5,85,Lucknow
2019-09-30,27.8,22.7,0.1,13.5,85,Lucknow
2019-10-01,29.4,21.6,0.0,8.0,84,Lucknow
2019-10-02,27.3,23.3,6.8,11.9,92,Lucknow
2019-10-03,29.9,22.5,2.4,9.0,87,Lucknow
2019-10-04,31.4,23.0,0.0,11.8,82,Lucknow
2019-10-05,31.8,22.7,0.0,13.3,78,Lucknow
2019-10-06,31.7,22.5,0.0,11.3,76,Lucknow
2019-10-07,31.4,21.0,0.0,12.5,76,Lucknow
2019-10-08,31.1,21.5,0.0,10.0,75,Lucknow
2019-10-09,30.5,22.1,0.6,11.3,83,Lucknow
2019-10-10,30.8,22.5,0.5,8.7,82,Lucknow
2019-10-11,31.0,20.7,0.0,11.7,75,Lucknow
2019-10-12,30.7,21.4,0.0,9.7,73,Lucknow
2019-10-13,31.2,21.1,0.0,10.2,69,Lucknow
2019-10-14,31.8,20.2,0.0,8.7,69,Lucknow
2019-10-15,30.6,21.0,0.0,7.2,71,Lucknow
2019-10-16,30.4,21.3,0.0,7.2,73,Lucknow
2019-10-17,30.4,21.9,0.1,7.9,76,Lucknow
2019-10-18,29.8,21.3,0.7,8.0,80,Lucknow
2019-10-19,29.4,22.0,0.0,9.1,82,Lucknow
2019-10-20,28.6,22.4,0.0,8.6,82,Lucknow
2019-10-21,30.8,21.5,0.0,15.3,69,Lucknow
2019-10-22,29.4,19.1,0.0,12.8,70,Lucknow
2019-10-23,29.3,18.5,0.0,8.6,72,Lucknow
2019-10-24,29.1,17.7,0.0,9.1,75,Lucknow
2019-10-25,28.9,19.9,0.0,10.7,68,Lucknow
2019-10-26,28.9,18.3,0.0,8.6,74,Lucknow
2019-10-27,29.5,17.9,0.0,10.4,68,Lucknow
2019-10-28,30.1,20.7,0.0,7.7,68,Lucknow
2019-10-29,30.1,19.9,0.0,9.7,73,Lucknow
2019-10-30,29.5,20.7,0.0,10.6,77,Lucknow
2019-10-31,30.9,19.2,0.0,12.7,75,Lucknow
2019-11-01,30.9,19.4,0.0,9.1,76,Lucknow
2019-11-02,31.6,19.9,0.0,9.5,77,Lucknow
2019-11-03,30.6,21.3,0.0,12.6,73,Lucknow
2019-11-04,30.3,21.1,0.0,16.1,68,Lucknow
2019-11-05,29.4,19.2,0.0,18.7,63,Lucknow
2019-11-06,28.3,17.4,0.0,10.0,70,Lucknow
2019-11-07,28.8,17.6,0.0,7.9,75,Lucknow
2019-11-08,28.7,19.0,0.0,10.7,73,Lucknow
2019-11-09,29.2,17.9,0.0,9.3,75,Lucknow
2019-11-10,29.7,18.4,0.0,16.1,65,Lucknow
2019-11-11,29.2,17.8,0.0,19.7,62,Lucknow
2019-11-12,29.2,16.0,0.0,14.1,68,Lucknow
2019-11-13,28.1,14.6,0.0,9.1,71,Lucknow
2019-11-14,27.7,15.5,0.0,9.0,74,Lucknow
2019-11-15,28.2,14.2,0.0,8.7,75,Lucknow
2019-11-16,28.6,16.0,0.0,9.0,74,Lucknow
2019-11-17,28.6,17.0,0.0,20.1,66,Lucknow
2019-11-18,27.2,16.2,0.0,17.2,60,Lucknow
2019-11-19,27.0,15.1,0.0,15.0,66,Lucknow
2019-11-20,26.2,13.1,0.0,8.4,70,Lucknow
2019-11-21,26.5,13.6,0.0,8.5,73,Lucknow
2019-11-22,26.6,13.9,0.0,9.8,75,Lucknow
2019-11-23,27.2,14.2,0.0,13.8,69,Lucknow
2019-11-24,27.4,15.9,0.0,13.9,71,Lucknow
2019-11-25,25.4,16.2,0.0,6.6,70,Lucknow
2019-11-26,28.3,16.2,0.0,8.0,79,Lucknow
2019-11-27,28.3,16.9,0.0,8.9,76,Lucknow
2019-11-28,28.7,17.8,0.3,17.3,75,Lucknow
2019-11-29,23.6,16.7,0.3,11.5,80,Lucknow
2019-11-30,26.3,15.6,0.0,12.5,78,Lucknow
2019-12-01,25.3,14.1,0.0,14.5,73,Lucknow
2019-12-02,24.2,13.8,0.0,14.4,70,Lucknow
2019-12-03,23.0,10.9,0.0,12.1,70,Lucknow
2019-12-04,23.3,10.5,0.0,9.7,75,Lucknow
2019-12-05,23.6,11.5,0.0,9.2,76,Lucknow
2019-12-06,24.6,10.7,0.0,10.7,75,Lucknow
2019-12-07,25.2,13.0,0.0,8.0,76,Lucknow
2019-12-08,24.5,14.3,0.0,9.2,73,Lucknow
2019-12-09,24.0,12.0,0.0,8.7,74,Lucknow
2019-12-10,23.1,11.0,0.0,9.0,76,Lucknow
2019-12-11,23.2,10.3,0.0,9.0,73,Lucknow
2019-12-12,23.1,13.0,2.1,19.1,73,Lucknow
2019-12-13,20.6,15.9,32.0,27.9,87,Lucknow
2019-12-14,20.1,13.4,3.1,13.8,88,Lucknow
2019-12-15,21.2,12.0,0.3,9.1,82,Lucknow
2019-12-16,20.5,10.0,0.0,10.6,80,Lucknow
2019-12-17,19.1,9.7,0.0,12.6,82,Lucknow
2019-12-18,17.6,8.1,0.0,10.0,81,Lucknow
2019-12-19,17.0,5.8,0.0,9.4,86,Lucknow
2019-12-20,17.8,7.6,0.0,10.2,84,Lucknow
2019-12-21,20.3,8.3,0.0,9.2,84,Lucknow
2019-12-22,22.1,11.3,0.0,12.6,79,Lucknow
2019-12-23,19.1,7.2,0.0,9.4,84,Lucknow
2019-12-24,16.7,6.8,0.0,8.9,91,Lucknow
2019-12-25,18.2,7.0,0.0,8.7,87,Lucknow
2019-12-26,16.1,4.8,0.0,10.0,87,Lucknow
2019-12-27,15.3,3.4,0.0,10.0,84,Lucknow
2019-12-28,15.3,3.6,0.0,9.0,88,Lucknow
2019-12-29,14.7,2.5,0.0,10.3,87,Lucknow
2019-12-30,14.7,1.7,0.0,9.7,87,Lucknow
2019-12-31,16.9,1.8,0.0,9.6,87,Lucknow
2020-01-01,18.7,5.2,0.0,10.4,84,Lucknow
2020-01-02,19.7,9.9,4.8,17.0,85,Lucknow
2020-01-03,18.8,12.3,3.9,14.3,90,Lucknow
2020-01-04,18.8,10.8,0.2,8.0,88,Lucknow
2020-01-05,20.6,9.8,0.0,15.8,80,Lucknow
2020-01-06,21.5,10.6,0.0,14.1,75,Lucknow
2020-01-07,21.3,10.4,0.5,12.3,82,Lucknow
2020-01-08,16.8,11.1,11.3,18.4,90,Lucknow
2020-01-09,17.4,10.5,1.7,14.5,86,Lucknow
2020-01-10,17.7,7.9,0.0,13.0,77,Lucknow
2020-01-11,17.7,6.0,0.0,9.6,83,Lucknow
2020-01-12,18.9,5.3,0.0,8.7,84,Lucknow
2020-01-13,20.9,7.6,0.0,9.0,89,Lucknow
2020-01-14,20.2,10.6,1.5,7.7,88,Lucknow
2020-01-15,18.5,12.5,4.3,7.2,86,Lucknow
2020-01-16,16.0,13.9,47.5,17.7,93,Lucknow
2020-01-17,20.2,11.9,9.6,13.5,87,Lucknow
2020-01-18,19.8,10.6,0.0,11.0,87,Lucknow
2020-01-19,19.7,10.2,0.1,16.0,83,Lucknow
2020-01-20,19.2,9.0,0.0,10.1,82,Lucknow
2020-01-21,18.9,7.7,0.0,9.0,79,Lucknow
2020-01-22,19.6,7.5,0.0,10.6,83,Lucknow
2020-01-23,19.5,10.0,0.0,20.9,75,Lucknow
2020-01-24,19.1,8.7,0.0,21.3,72,Lucknow
2020-01-25,19.5,6.6,0.0,10.5,81,Lucknow
2020-01-26,20.5,7.1,0.0,11.4,82,Lucknow
2020-01-27,22.3,8.1,0.0,9.5,79,Lucknow
2020-01-28,20.9,12.0,2.2,16.3,86,Lucknow
2020-01-29,22.0,13.3,3.6,19.3,85,Lucknow
2020-01-30,20.5,11.4,0.0,16.3,77,Lucknow
2020-01-31,19.6,9.2,0.0,14.4,73,Lucknow
2020-02-01,19.7,7.3,0.5,15.7,74,Lucknow
2020-02-02,19.6,8.4,0.0,15.2,73,Lucknow
2020-02-03,20.1,6.9,0.0,10.2,77,Lucknow
2020-02-04,20.6,6.5,0.0,9.3,77,Lucknow
2020-02-05,21.6,8.4,0.0,17.8,71,Lucknow
2020-02-06,20.7,7.7,0.0,10.4,75,Lucknow
2020-02-07,21.0,8.8,0.0,10.6,74,Lucknow
2020-02-08,20.4,7.6,0.0,11.2,71,Lucknow
2020-02-09,21.8,7.3,0.0,10.3,74,Lucknow
2020-02-10,22.0,8.1,0.0,10.7,72,Lucknow
2020-02-11,21.8,7.3,0.0,10.8,70,Lucknow
2020-02-12,23.5,8.1,0.0,14.6,68,Lucknow
2020-02-13,25.8,13.3,0.0,18.8,66,Lucknow
2020-02-14,26.3,14.9,0.0,24.0,59,Lucknow
2020-02-15,24.1,12.0,0.0,15.7,63,Lucknow
2020-02-16,25.1,10.4,0.0,9.4,76,Lucknow
2020-02-17,26.1,12.6,0.0,16.8,70,Lucknow
2020-02-18,25.8,11.6,0.0,17.2,56,Lucknow
2020-02-19,26.0,9.9,0.0,11.5,61,Lucknow
2020-02-20,27.6,14.8,0.0,17.2,63,Lucknow
2020-02-21,22.7,16.8,5.4,28.9,74,Lucknow
2020-02-22,23.9,14.0,0.6,14.5,78,Lucknow
2020-02-23,24.7,16.3,1.3,10.0,81,Lucknow
2020-02-24,25.1,14.5,4.1,8.9,82,Lucknow
2020-02-25,23.6,14.6,2.8,13.8,85,Lucknow
2020-02-26,23.1,13.0,0.5,8.0,80,Lucknow
2020-02-27,24.2,12.7,0.0,9.1,79,Lucknow
2020-02-28,25.4,13.5,0.0,9.5,75,Lucknow
2020-02-29,26.5,15.7,0.0,11.2,74,Lucknow
2020-03-01,27.7,15.8,0.0,13.0,75,Lucknow
2020-03-02,27.5,16.2,0.0,10.8,76,Lucknow
2020-03-03,28.5,16.2,0.0,10.9,67,Lucknow
2020-03-04,27.9,15.4,0.0,9.8,66,Lucknow
2020-03-05,27.4,16.2,1.0,15.3,74,Lucknow
2020-03-06,23.9,16.5,20.6,25.1,85,Lucknow
2020-03-07,25.7,16.1,2.5,25.5,83,Lucknow
2020-03-08,25.4,13.1,0.0,16.9,76,Lucknow
2020-03-09,26.4,13.5,0.0,17.8,61,Lucknow
2020-03-10,26.2,12.2,0.3,11.9,65,Lucknow
2020-03-11,27.4,15.0,0.1,16.5,69,Lucknow
2020-03-12,29.6,18.2,0.1,13.2,67,Lucknow
2020-03-13,26.2,18.2,35.4,20.2,85,Lucknow
2020-03-14,23.5,15.5,3.6,19.6,84,Lucknow
2020-03-15,25.2,14.1,0.2,15.8,78,Lucknow
2020-03-16,25.9,14.5,0.0,10.6,69,Lucknow
2020-03-17,27.7,13.7,0.0,10.2,65,Lucknow
2020-03-18,29.7,15.5,0.0,18.9,57,Lucknow
2020-03-19,30.4,15.4,0.0,19.3,61,Lucknow
2020-03-20,31.0,16.2,0.1,10.8,62,Lucknow
2020-03-21,27.8,18.4,0.0,15.5,64,Lucknow
2020-03-22,31.3,16.4,0.0,17.1,63,Lucknow
2020-03-23,31.2,17.1,0.0,12.3,67,Lucknow
2020-03-24,32.1,17.9,0.0,9.4,63,Lucknow
2020-03-25,34.2,19.6,0.0,21.9,55,Lucknow
2020-03-26,34.2,21.8,0.0,23.9,44,Lucknow
2020-03-27,28.0,20.6,0.8,28.3,67,Lucknow
2020-03-28,31.2,18.5,0.0,20.3,61,Lucknow
2020-03-29,31.6,18.7,0.0,24.7,47,Lucknow
2020-03-30,32.3,18.0,0.0,26.9,39,Lucknow
2020-03-31,33.6,17.4,0.0,17.7,44,Lucknow
2020-04-01,34.6,18.6,0.0,15.5,48,Lucknow
2020-04-02,33.6,20.0,0.0,19.4,42,Lucknow
2020-04-03,32.4,19.7,0.0,24.4,33,Lucknow
2020-04-04,33.4,17.6,0.0,18.4,37,Lucknow
2020-04-05,34.6,17.4,0.0,22.8,36,Lucknow
2020-04-06,36.2,21.2,0.0,22.4,33,Lucknow
2020-04-07,36.9,21.3,0.0,20.3,32,Lucknow
2020-04-08,36.5,21.2,0.2,17.4,35,Lucknow
2020-04-09,35.3,20.1,0.0,18.5,36,Lucknow
2020-04-10,34.8,18.5,0.0,11.3,39,Lucknow
2020-04-11,36.9,21.1,0.0,18.2,36,Lucknow
2020-04-12,36.8,22.4,0.0,13.5,36,Lucknow
2020-04-13,37.9,20.9,0.0,16.1,36,Lucknow
2020-04-14,37.3,24.3,0.0,18.9,49,Lucknow
2020-04-15,37.2,23.9,0.0,22.3,48,Lucknow
2020-04-16,36.7,23.0,0.0,20.6,53,Lucknow
2020-04-17,37.4,23.8,0.0,14.1,47,Lucknow
2020-04-18,37.9,24.4,0.0,25.9,45,Lucknow
2020-04-19,36.3,22.9,0.0,15.4,44,Lucknow
2020-04-20,35.8,22.5,0.2,23.2,43,Lucknow
2020-04-21,33.9,21.6,2.8,17.2,53,Lucknow
2020-04-22,34.3,21.9,0.0,16.9,50,Lucknow
2020-04-23,33.9,23.2,0.1,17.0,47,Lucknow
2020-04-24,35.5,23.5,0.0,12.8,44,Lucknow
2020-04-25,33.1,23.5,4.2,22.4,64,Lucknow
2020-04-26,31.7,22.4,2.9,23.3,69,Lucknow
2020-04-27,30.7,22.1,0.2,17.7,69,Lucknow
2020-04-28,30.6,21.8,6.2,13.7,70,Lucknow
2020-04-29,31.9,22.4,0.1,13.9,67,Lucknow
2020-04-30,34.0,23.6,0.0,12.6,57,Lucknow
2020-05-01,33.4,23.2,2.1,23.4,67,Lucknow
2020-05-02,33.5,21.8,0.0,17.3,64,Lucknow
2020-05-03,35.0,23.8,0.0,17.3,58,Lucknow
2020-05-04,32.6,24.9,1.3,22.7,64,Lucknow
2020-05-05,31.0,23.4,6.6,17.3,71,Lucknow
2020-05-06,33.4,21.7,0.3,12.3,63,Lucknow
2020-05-07,33.4,22.1,0.1,17.8,65,Lucknow
2020-05-08,35.8,22.4,0.0,11.4,60,Lucknow
2020-05-09,36.0,24.4,2.6,15.3,62,Lucknow
2020-05-10,36.1,23.4,34.9,31.4,70,Lucknow
2020-05-11,33.5,20.9,0.0,10.1,71,Lucknow
2020-05-12,33.6,23.7,15.0,21.3,71,Lucknow
2020-05-13,34.3,23.4,0.0,10.0,69,Lucknow
2020-05-14,35.2,23.8,0.0,10.5,66,Lucknow
2020-05-15,36.7,25.0,0.0,13.5,56,Lucknow
2020-05-16,37.2,24.6,0.0,16.8,47,Lucknow
2020-05-17,38.1,23.3,0.0,12.9,45,Lucknow
2020-05-18,38.5,24.0,0.0,10.8,47,Lucknow
2020-05-19,38.5,22.6,0.0,12.2,40,Lucknow
2020-05-20,38.2,23.3,0.0,14.9,52,Lucknow
2020-05-21,38.4,22.9,0.0,11.8,43,Lucknow
2020-05-22,38.8,23.0,0.0,11.0,45,Lucknow
2020-05-23,38.4,26.6,0.0,16.2,57,Lucknow
2020-05-24,42.0,27.2,0.0,18.6,49,Lucknow
2020-05-25,42.9,26.5,0.0,19.6,33,Lucknow
2020-05-26,41.8,28.5,0.0,12.9,27,Lucknow
2020-05-27,40.7,27.8,0.0,25.7,38,Lucknow
2020-05-28,36.1,25.8,0.0,25.5,54,Lucknow
2020-05-29,35.1,25.3,0.1,23.9,57,Lucknow
2020-05-30,33.9,25.9,0.5,17.3,65,Lucknow
2020-05-31,32.8,24.2,1.4,10.7,71,Lucknow
2020-06-01,33.1,24.6,0.2,16.9,69,Lucknow
2020-06-02,35.1,24.4,0.0,13.8,61,Lucknow
2020-06-03,35.0,26.5,0.0,13.2,60,Lucknow
2020-06-04,28.6,24.2,17.5,14.0,81,Lucknow
2020-06-05,26.4,23.2,17.7,17.3,88,Lucknow
2020-06-06,32.2,20.9,0.0,8.0,74,Lucknow
2020-06-07,33.9,22.8,0.0,7.0,68,Lucknow
2020-06-08,34.8,25.8,1.6,11.8,67,Lucknow
2020-06-09,36.5,26.1,0.0,9.1,58,Lucknow
2020-06-10,37.0,27.9,0.0,15.8,64,Lucknow
2020-06-11,36.4,28.5,0.3,13.2,64,Lucknow
2020-06-12,36.3,29.3,0.3,15.3,62,Lucknow
2020-06-13,36.8,29.4,0.1,16.5,62,Lucknow
2020-06-14,35.4,29.1,1.3,19.1,63,Lucknow
2020-06-15,35.9,28.5,1.5,15.5,67,Lucknow
2020-06-16,35.7,27.9,0.2,23.4,68,Lucknow
2020-06-17,31.3,25.7,10.6,15.3,85,Lucknow
2020-06-18,32.7,26.1,25.6,11.8,86,Lucknow
2020-06-19,32.7,26.2,0.0,19.5,78,Lucknow
2020-06-20,32.3,25.7,0.8,25.5,81,Lucknow
2020-06-21,30.2,25.1,3.2,15.0,86,Lucknow
2020-06-22,30.6,25.4,19.0,18.7,86,Lucknow
2020-06-23,30.7,25.5,19.2,19.9,85,Lucknow
2020-06-24,31.9,25.7,13.6,15.2,86,Lucknow
2020-06-25,31.7,25.5,21.2,12.2,90,Lucknow
2020-06-26,34.1,25.2,2.7,12.3,81,Lucknow
2020-06-27,33.8,26.1,25.3,19.4,81,Lucknow
2020-06-28,36.3,25.8,19.0,17.5,80,Lucknow
2020-06-29,31.5,24.9,15.9,19.2,84,Lucknow
2020-06-30,31.7,24.9,1.5,12.4,81,Lucknow
2020-07-01,32.4,26.6,3.0,10.7,81,Lucknow
2015-01-01,24.8,13.1,0.0,11.6,75,Patna
2015-01-02,24.4,17.8,8.5,13.0,80,Patna
2015-01-03,23.2,18.8,4.1,11.5,92,Patna
2015-01-04,23.1,16.8,0.1,16.9,83,Patna
2015-01-05,20.9,13.9,0.0,22.0,73,Patna
2015-01-06,20.6,11.6,0.0,9.5,77,Patna
2015-01-07,20.2,12.3,0.0,9.2,77,Patna
2015-01-08,21.2,11.2,0.0,9.7,80,Patna
2015-01-09,21.9,11.7,0.0,16.0,76,Patna
2015-01-10,20.0,10.8,0.0,16.9,79,Patna
2015-01-11,17.7,11.0,0.0,8.2,79,Patna
2015-01-12,18.9,8.8,0.0,8.3,80,Patna
2015-01-13,20.1,8.6,0.0,8.9,82,Patna
2015-01-14,21.7,9.6,0.0,8.7,85,Patna
2015-01-15,22.6,11.2,0.0,9.7,83,Patna
2015-01-16,21.9,11.0,0.0,10.2,79,Patna
2015-01-17,20.4,11.4,0.0,16.1,74,Patna
2015-01-18,20.6,9.9,0.0,12.4,78,Patna
2015-01-19,20.5,9.8,0.0,10.2,80,Patna
2015-01-20,19.6,8.2,0.0,10.2,81,Patna
2015-01-21,20.9,8.1,0.0,10.8,79,Patna
2015-01-22,22.3,7.5,0.0,10.2,74,Patna
2015-01-23,23.6,11.5,0.0,13.0,68,Patna
2015-01-24,23.5,13.0,0.0,15.8,76,Patna
2015-01-25,22.4,12.2,0.0,11.9,76,Patna
2015-01-26,21.1,12.6,0.3,8.7,80,Patna
2015-01-27,22.0,13.2,2.5,14.1,87,Patna
2015-01-28,23.2,14.9,1.6,13.5,79,Patna
2015-01-29,19.9,14.0,7.6,11.5,76,Patna
2015-01-30,20.2,10.8,0.0,18.4,74,Patna
2015-01-31,20.0,9.7,0.0,13.0,72,Patna
2015-02-01,20.5,8.2,0.0,7.4,74,Patna
2015-02-02,22.4,10.3,0.0,7.4,77,Patna
2015-02-03,25.2,10.0,0.0,8.0,72,Patna
2015-02-04,26.2,12.4,0.0,14.5,73,Patna
2015-02-05,22.6,13.5,0.0,13.3,72,Patna
2015-02-06,21.8,11.6,0.0,9.4,73,Patna
2015-02-07,23.1,9.7,0.0,10.7,74,Patna
2015-02-08,25.3,12.2,0.0,16.6,73,Patna
2015-02-09,24.2,13.9,1.8,12.6,76,Patna
2015-02-10,25.3,13.3,0.0,15.5,70,Patna
2015-02-11,24.6,11.7,0.0,10.9,66,Patna
2015-02-12,24.8,12.0,0.0,13.8,65,Patna
2015-02-13,24.3,13.6,0.0,16.1,65,Patna
2015-02-14,24.7,11.8,0.0,10.2,66,Patna
2015-02-15,25.0,14.4,1.5,16.2,67,Patna
2015-02-16,25.7,15.4,0.2,15.1,69,Patna
2015-02-17,26.4,14.2,0.0,8.5,73,Patna
2015-02-18,26.6,17.0,3.2,13.7,77,Patna
2015-02-19,26.5,15.6,0.0,8.3,76,Patna
2015-02-20,28.3,16.9,0.0,9.3,68,Patna
2015-02-21,29.1,16.7,0.0,17.1,67,Patna
2015-02-22,29.1,16.6,0.0,9.7,69,Patna
2015-02-23,29.2,18.2,0.0,10.7,70,Patna
2015-02-24,28.7,19.6,0.0,8.3,67,Patna
2015-02-25,29.6,17.4,0.0,6.5,69,Patna
2015-02-26,30.9,18.4,1.1,14.5,68,Patna
2015-02-27,30.0,18.6,0.1,9.4,58,Patna
2015-02-28,30.8,20.2,0.1,9.0,60,Patna
2015-03-01,28.9,21.6,1.5,16.1,67,Patna
2015-03-02,21.2,17.5,10.7,22.0,85,Patna
2015-03-03,26.0,16.2,0.2,16.6,80,Patna
2015-03-04,25.6,16.5,0.0,20.9,67,Patna
2015-03-05,25.8,14.3,0.0,19.7,53,Patna
2015-03-06,27.1,13.5,0.0,16.6,54,Patna
2015-03-07,28.7,16.4,0.0,18.8,51,Patna
2015-03-08,30.0,15.8,0.0,9.6,56,Patna
2015-03-09,31.6,17.1,0.0,12.5,53,Patna
2015-03-10,31.9,18.3,0.0,22.3,43,Patna
2015-03-11,29.6,15.7,0.0,17.0,44,Patna
2015-03-12,30.1,14.6,0.0,15.5,48,Patna
2015-03-13,32.0,17.5,0.0,16.2,45,Patna
2015-03-14,32.3,20.1,0.0,22.8,48,Patna
2015-03-15,28.6,19.5,0.3,31.9,65,Patna
2015-03-16,28.8,17.4,0.0,13.9,67,Patna
2015-03-17,30.8,19.4,0.0,18.9,60,Patna
2015-03-18,30.7,20.1,0.0,21.0,49,Patna
2015-03-19,30.3,18.6,0.0,19.2,48,Patna
2015-03-20,30.9,17.9,0.0,11.5,48,Patna
2015-03-21,31.9,17.3,0.0,13.4,44,Patna
2015-03-22,33.8,20.2,0.0,16.4,44,Patna
2015-03-23,34.3,19.9,0.0,11.9,45,Patna
2015-03-24,34.0,20.5,0.0,12.6,46,Patna
2015-03-25,35.2,22.7,0.0,11.2,50,Patna
2015-03-26,35.4,22.7,0.0,15.5,50,Patna
2015-03-27,33.2,24.1,0.9,18.8,64,Patna
2015-03-28,33.0,22.4,0.0,19.4,63,Patna
2015-03-29,34.6,23.5,0.0,16.9,59,Patna
2015-03-30,31.5,22.6,19.5,16.8,79,Patna
2015-03-31,30.9,20.1,0.0,10.5,67,Patna
2015-04-01,33.5,21.8,0.0,13.9,59,Patna
2015-04-02,36.1,21.3,0.0,21.6,51,Patna
2015-04-03,37.1,21.8,0.4,26.7,49,Patna
2015-04-04,36.2,22.6,2.0,15.6,49,Patna
2015-04-05,32.7,21.7,0.4,8.4,57,Patna
2015-04-06,32.8,22.1,0.0,9.1,53,Patna
2015-04-07,33.1,21.2,0.3,10.8,59,Patna
2015-04-08,35.8,23.1,0.0,15.4,47,Patna
2015-04-09,36.0,22.2,0.0,24.9,33,Patna
2015-04-10,36.1,21.5,0.0,18.4,33,Patna
2015-04-11,37.6,19.9,0.0,9.5,35,Patna
2015-04-12,31.8,23.7,1.3,17.7,59,Patna
2015-04-13,32.4,23.2,2.5,20.4,62,Patna
2015-04-14,32.6,22.0,4.7,11.1,65,Patna
2015-04-15,30.9,23.4,0.1,9.0,68,Patna
2015-04-16,34.6,22.3,0.0,7.4,58,Patna
2015-04-17,34.6,24.0,4.1,13.7,62,Patna
2015-04-18,35.5,23.0,0.0,20.0,54,Patna
2015-04-19,35.9,23.5,0.0,20.5,59,Patna
2015-04-20,34.7,24.2,0.0,21.2,64,Patna
2015-04-21,38.7,25.5,0.0,12.4,53,Patna
2015-04-22,39.7,23.2,0.0,21.1,42,Patna
2015-04-23,37.7,22.8,2.8,15.5,56,Patna
2015-04-24,35.3,24.1,0.1,26.3,64,Patna
2015-04-25,30.4,22.7,1.0,25.2,71,Patna
2015-04-26,31.3,23.0,1.7,21.5,69,Patna
2015-04-27,32.6,23.4,0.3,21.6,65,Patna
2015-04-28,32.7,22.7,0.0,21.3,68,Patna
2015-04-29,32.6,23.6,0.0,18.0,66,Patna
2015-04-30,34.2,22.9,0.0,16.7,61,Patna
2015-05-01,36.3,24.6,0.0,19.7,59,Patna
2015-05-02,37.8,25.9,0.0,15.6,53,Patna
2015-05-03,39.3,25.2,0.0,18.4,44,Patna
2015-05-04,39.9,22.6,0.0,16.7,35,Patna
2015-05-05,40.2,22.7,0.0,13.7,32,Patna
2015-05-06,40.2,23.7,0.0,17.7,36,Patna
2015-05-07,38.5,26.6,2.0,24.4,52,Patna
2015-05-08,36.6,25.7,0.0,21.3,57,Patna
2015-05-09,37.2,27.0,0.2,18.1,57,Patna
2015-05-10,38.3,27.0,0.1,15.6,58,Patna
2015-05-11,37.3,27.5,0.3,21.5,60,Patna
2015-05-12,36.6,26.3,0.0,19.6,59,Patna
2015-05-13,38.1,27.5,0.0,15.7,53,Patna
2015-05-14,38.8,27.2,0.0,16.5,49,Patna
2015-05-15,38.3,29.5,0.3,20.3,47,Patna
2015-05-16,35.9,27.1,3.7,16.1,58,Patna
2015-05-17,35.9,26.2,0.2,13.3,59,Patna
2015-05-18,36.9,26.8,3.3,20.4,65,Patna
2015-05-19,34.0,25.8,0.3,22.2,68,Patna
2015-05-20,36.2,26.9,0.0,15.5,65,Patna
2015-05-21,41.8,27.5,0.0,24.0,43,Patna
2015-05-22,43.0,25.6,0.0,22.1,31,Patna
2015-05-23,42.8,25.3,0.0,19.0,39,Patna
2015-05-24,42.1,26.5,0.0,18.3,52,Patna
2015-05-25,39.0,27.1,0.0,21.3,58,Patna
2015-05-26,39.1,26.3,0.0,22.6,61,Patna
2015-05-27,39.3,25.6,0.0,21.0,60,Patna
2015-05-28,38.6,26.9,0.0,17.8,57,Patna
2015-05-29,39.7,28.2,0.0,21.6,58,Patna
2015-05-30,38.1,27.5,0.0,23.2,61,Patna
2015-05-31,41.1,27.2,0.0,16.8,53,Patna
2015-06-01,41.4,27.7,0.0,16.1,46,Patna
2015-06-02,39.8,28.6,0.0,11.1,44,Patna
2015-06-03,40.9,28.3,0.0,12.3,42,Patna
2015-06-04,38.2,30.1,1.1,13.8,55,Patna
2015-06-05,39.5,29.6,0.0,10.8,53,Patna
2015-06-06,42.2,31.2,0.0,15.3,38,Patna
2015-06-07,42.2,29.3,0.0,14.1,34,Patna
2015-06-08,42.9,28.5,0.0,13.4,34,Patna
2015-06-09,42.8,29.8,0.0,15.9,48,Patna
2015-06-10,41.4,28.8,0.0,27.3,55,Patna
2015-06-11,36.4,27.5,0.0,21.0,62,Patna
2015-06-12,37.3,27.2,13.7,20.8,69,Patna
2015-06-13,31.7,26.7,6.7,11.4,79,Patna
2015-06-14,34.5,26.5,0.6,13.7,70,Patna
2015-06-15,34.9,26.0,0.2,16.2,68,Patna
2015-06-16,35.7,27.3,0.0,17.0,65,Patna
2015-06-17,36.7,28.2,0.1,17.3,61,Patna
2015-06-18,37.3,27.2,1.3,16.9,63,Patna
2015-06-19,37.2,29.3,0.0,18.6,57,Patna
2015-06-20,38.3,29.3,0.0,23.9,55,Patna
2015-06-21,36.5,28.7,0.2,30.0,62,Patna
2015-06-22,31.4,27.9,6.1,29.2,72,Patna
2015-06-23,31.3,26.6,2.7,17.5,77,Patna
2015-06-24,35.3,26.6,0.4,17.9,68,Patna
2015-06-25,34.1,27.7,3.9,8.0,74,Patna
2015-06-26,34.3,28.3,3.9,14.7,69,Patna
2015-06-27,27.7,25.9,53.0,12.0,91,Patna
2015-06-28,29.6,24.9,28.4,24.9,87,Patna
2015-06-29,32.7,25.4,11.1,18.2,82,Patna
2015-06-30,34.2,26.2,12.2,10.6,81,Patna
2015-07-01,34.4,26.8,11.4,7.2,81,Patna
2015-07-02,34.4,27.0,6.3,11.9,79,Patna
2015-07-03,34.6,26.7,6.2,13.0,79,Patna
2015-07-04,34.8,28.1,2.8,16.6,75,Patna
2015-07-05,33.8,27.3,6.3,9.4,77,Patna
2015-07-06,28.6,25.9,32.0,12.1,93,Patna
2015-07-07,28.2,25.6,19.5,13.0,93,Patna
2015-07-08,32.5,25.8,4.1,18.6,86,Patna
2015-07-09,31.6,26.5,5.9,25.3,83,Patna
2015-07-10,26.5,25.5,21.7,36.0,91,Patna
2015-07-11,29.0,25.3,20.2,36.4,92,Patna
2015-07-12,32.2,25.3,1.7,11.3,79,Patna
2015-07-13,33.1,26.9,6.0,10.8,83,Patna
2015-07-14,33.6,27.8,1.3,14.3,80,Patna
2015-07-15,30.9,26.5,23.4,14.6,90,Patna
2015-07-16,27.8,25.9,73.6,10.9,95,Patna
2015-07-17,30.6,25.4,8.5,12.9,88,Patna
2015-07-18,31.7,25.6,2.5,17.1,81,Patna
2015-07-19,32.2,26.0,2.0,15.2,82,Patna
2015-07-20,29.6,26.5,0.8,22.8,82,Patna
2015-07-21,31.8,26.2,1.4,19.2,80,Patna
2015-07-22,29.2,25.0,5.6,19.4,88,Patna
2015-07-23,31.3,25.6,4.8,16.9,85,Patna
2015-07-24,29.4,25.7,5.7,15.2,88,Patna
2015-07-25,31.6,25.4,6.9,11.7,85,Patna
2015-07-26,33.7,25.9,1.1,7.7,78,Patna
2015-07-27,33.5,26.8,4.3,14.7,78,Patna
2015-07-28,33.4,28.3,0.5,16.5,71,Patna
2015-07-29,33.3,27.5,0.0,19.7,69,Patna
2015-07-30,32.8,26.9,0.7,17.1,72,Patna
2015-07-31,30.6,26.2,15.1,15.5,84,Patna
2015-08-01,29.4,25.9,5.4,18.1,83,Patna
2015-08-02,28.5,24.9,13.9,30.5,85,Patna
2015-08-03,32.0,25.7,2.0,24.1,81,Patna
2015-08-04,33.0,25.9,0.1,14.0,76,Patna
2015-08-05,33.1,27.0,0.0,9.0,74,Patna
2015-08-06,30.8,26.8,3.1,7.4,81,Patna
2015-08-07,32.8,26.5,11.1,10.7,87,Patna
2015-08-08,33.0,26.8,15.2,14.5,86,Patna
2015-08-09,33.6,26.7,6.9,8.8,83,Patna
2015-08-10,33.0,26.2,19.4,11.5,85,Patna
2015-08-11,32.7,26.5,12.9,17.3,85,Patna
2015-08-12,33.2,27.2,0.0,17.3,79,Patna
2015-08-13,32.8,27.1,3.3,15.6,80,Patna
2015-08-14,32.9,27.3,3.3,16.5,79,Patna
2015-08-15,33.1,26.8,11.7,14.5,85,Patna
2015-08-16,31.9,26.4,12.2,11.2,87,Patna
2015-08-17,30.0,26.2,23.1,8.9,91,Patna
2015-08-18,30.6,26.6,7.4,16.3,87,Patna
2015-08-19,27.7,25.6,43.9,26.8,93,Patna
2015-08-20,32.0,26.4,3.8,19.8,83,Patna
2015-08-21,31.9,26.6,3.2,15.0,81,Patna
2015-08-22,31.1,25.8,4.0,12.3,85,Patna
2015-08-23,30.7,25.4,2.4,8.4,85,Patna
2015-08-24,31.8,26.0,5.8,7.8,84,Patna
2015-08-25,32.0,26.4,4.1,7.2,85,Patna
2015-08-26,29.8,26.0,5.9,11.8,89,Patna
2015-08-27,31.4,25.4,7.6,16.3,88,Patna
2015-08-28,31.7,25.7,2.3,17.3,83,Patna
2015-08-29,31.8,26.4,3.5,12.0,84,Patna
2015-08-30,31.1,26.6,12.8,5.7,89,Patna
2015-08-31,32.6,26.2,7.0,10.8,86,Patna
2015-09-01,32.6,26.0,1.4,15.5,81,Patna
2015-09-02,33.7,26.2,0.0,15.3,74,Patna
2015-09-03,33.0,25.5,0.2,9.1,80,Patna
2015-09-04,33.5,26.1,0.1,12.4,77,Patna
2015-09-05,33.7,26.5,0.0,16.9,72,Patna
2015-09-06,33.7,25.7,0.0,18.2,71,Patna
2015-09-07,33.7,25.2,0.0,18.3,70,Patna
2015-09-08,34.0,25.4,0.0,16.9,69,Patna
2015-09-09,33.7,26.1,0.0,13.8,71,Patna
2015-09-10,33.3,25.4,0.0,11.9,75,Patna
2015-09-11,33.0,26.7,13.6,13.5,86,Patna
2015-09-12,32.1,26.2,0.1,13.3,82,Patna
2015-09-13,33.1,26.6,0.0,7.9,78,Patna
2015-09-14,32.9,27.0,1.6,13.3,81,Patna
2015-09-15,31.7,25.7,3.0,17.7,82,Patna
2015-09-16,30.7,26.3,1.6,20.6,81,Patna
2015-09-17,31.9,26.4,0.0,16.1,80,Patna
2015-09-18,32.9,26.8,0.0,12.3,77,Patna
2015-09-19,33.7,27.3,3.6,13.3,80,Patna
2015-09-20,30.9,26.2,3.9,19.5,83,Patna
2015-09-21,26.6,24.8,21.8,18.7,93,Patna
2015-09-22,26.7,24.9,10.4,11.4,96,Patna
2015-09-23,31.7,24.9,4.5,16.6,85,Patna
2015-09-24,31.7,25.9,0.0,24.5,74,Patna
2015-09-25,32.0,24.1,0.0,19.1,73,Patna
2015-09-26,31.9,24.0,0.0,9.9,72,Patna
2015-09-27,31.6,23.2,0.0,6.9,77,Patna
2015-09-28,31.5,23.5,0.0,7.1,77,Patna
2015-09-29,31.9,23.6,0.0,6.8,77,Patna
2015-09-30,32.7,23.9,0.0,6.0,78,Patna
2015-10-01,33.2,26.0,0.0,7.6,76,Patna
2015-10-02,33.3,26.3,0.0,10.0,75,Patna
2015-10-03,33.5,25.2,0.2,10.2,76,Patna
2015-10-04,33.6,24.1,0.0,6.4,73,Patna
2015-10-05,32.3,23.2,0.0,7.7,76,Patna
2015-10-06,32.5,23.8,0.0,6.9,75,Patna
2015-10-07,32.6,23.9,0.0,6.0,74,Patna
2015-10-08,32.9,25.1,0.0,6.9,73,Patna
2015-10-09,32.7,23.7,0.0,11.6,68,Patna
2015-10-10,33.9,22.8,0.0,11.3,62,Patna
2015-10-11,32.3,23.7,0.0,13.3,71,Patna
2015-10-12,31.1,25.0,0.1,15.1,73,Patna
2015-10-13,31.1,23.8,0.6,10.1,78,Patna
2015-10-14,30.4,23.4,1.5,12.3,78,Patna
2015-10-15,30.2,23.3,0.4,11.7,75,Patna
2015-10-16,30.8,22.8,0.6,9.7,78,Patna
2015-10-17,30.7,22.4,0.2,7.1,76,Patna
2015-10-18,31.2,22.6,0.0,6.2,76,Patna
2015-10-19,31.4,23.2,0.0,5.4,74,Patna
2015-10-20,32.0,22.6,0.0,7.3,73,Patna
2015-10-21,32.2,23.9,0.0,10.3,71,Patna
2015-10-22,33.6,22.0,0.0,14.5,66,Patna
2015-10-23,32.4,20.0,0.0,19.4,61,Patna
2015-10-24,31.9,18.1,0.0,9.9,64,Patna
2015-10-25,30.9,18.7,0.0,8.2,66,Patna
2015-10-26,30.8,20.3,0.0,8.4,69,Patna
2015-10-27,31.4,22.0,0.0,7.7,68,Patna
2015-10-28,30.7,20.2,0.0,7.6,67,Patna
2015-10-29,25.4,20.6,4.7,17.2,78,Patna
2015-10-30,28.0,19.3,0.0,8.0,73,Patna
2015-10-31,29.1,19.8,0.0,8.1,72,Patna
2015-11-01,30.0,21.6,0.0,10.5,74,Patna
2015-11-02,29.7,21.2,0.0,9.8,73,Patna
2015-11-03,29.5,20.6,0.0,8.0,74,Patna
2015-11-04,30.3,20.7,0.0,12.9,70,Patna
2015-11-05,30.1,19.4,0.0,11.0,70,Patna
2015-11-06,30.8,20.0,0.2,11.0,68,Patna
2015-11-07,30.8,20.7,0.0,10.3,68,Patna
2015-11-08,29.7,19.4,0.0,7.6,69,Patna
2015-11-09,29.8,18.9,0.0,12.0,70,Patna
2015-11-10,29.4,19.3,0.0,7.9,70,Patna
2015-11-11,29.9,18.6,0.0,13.5,68,Patna
2015-11-12,30.0,18.2,0.0,10.5,64,Patna
2015-11-13,29.3,16.9,0.0,9.1,66,Patna
2015-11-14,28.8,17.5,0.0,8.1,68,Patna
2015-11-15,30.1,19.4,0.0,10.9,68,Patna
2015-11-16,30.0,18.4,0.0,11.7,68,Patna
2015-11-17,29.6,18.0,0.0,9.7,68,Patna
2015-11-18,28.7,19.2,0.0,7.9,72,Patna
2015-11-19,28.3,17.7,0.0,8.0,73,Patna
2015-11-20,28.4,18.6,0.0,9.4,68,Patna
2015-11-21,27.9,17.9,0.0,9.2,70,Patna
2015-11-22,27.5,17.9,0.0,8.7,68,Patna
2015-11-23,27.3,17.1,0.0,6.2,68,Patna
2015-11-24,27.4,16.0,0.0,7.7,73,Patna
2015-11-25,28.1,17.2,0.0,8.0,72,Patna
2015-11-26,27.7,16.2,0.0,9.0,71,Patna
2015-11-27,27.0,14.9,0.0,9.0,68,Patna
2015-11-28,28.2,17.5,0.0,12.3,69,Patna
2015-11-29,29.1,19.3,0.0,9.0,69,Patna
2015-11-30,29.3,19.2,0.0,11.2,73,Patna
2015-12-01,29.8,19.8,0.0,16.3,75,Patna
2015-12-02,29.1,18.9,0.0,11.5,71,Patna
2015-12-03,27.3,18.8,0.2,13.7,71,Patna
2015-12-04,27.1,17.6,0.0,7.5,68,Patna
2015-12-05,25.9,17.9,0.2,8.0,70,Patna
2015-12-06,24.5,18.4,0.7,8.9,81,Patna
2015-12-07,25.3,18.0,0.0,6.6,76,Patna
2015-12-08,25.0,18.9,0.0,9.6,71,Patna
2015-12-09,25.1,17.4,0.0,8.4,71,Patna
2015-12-10,24.9,14.9,0.0,8.2,75,Patna
2015-12-11,25.7,15.2,0.0,9.5,74,Patna
2015-12-12,25.9,17.7,0.0,9.4,73,Patna
2015-12-13,24.1,15.4,0.0,9.8,63,Patna
2015-12-14,22.6,12.4,0.0,14.5,65,Patna
2015-12-15,21.9,12.2,0.0,13.1,67,Patna
2015-12-16,21.4,10.4,0.0,9.6,68,Patna
2015-12-17,22.2,11.0,0.0,9.0,72,Patna
2015-12-18,22.1,11.7,0.0,13.6,69,Patna
2015-12-19,22.1,10.6,0.0,8.4,69,Patna
2015-12-20,21.6,9.7,0.0,9.1,69,Patna
2015-12-21,22.3,11.8,0.0,11.3,70,Patna
2015-12-22,22.5,12.4,0.0,10.5,73,Patna
2015-12-23,22.6,11.3,0.0,10.0,73,Patna
2015-12-24,21.3,11.1,0.0,10.0,67,Patna
2015-12-25,21.9,10.1,0.0,13.4,63,Patna
2015-12-26,21.4,9.4,0.0,11.9,61,Patna
2015-12-27,22.1,9.5,0.0,10.9,66,Patna
2015-12-28,23.2,9.7,0.0,10.0,70,Patna
2015-12-29,23.2,10.7,0.0,8.3,73,Patna
2015-12-30,23.2,10.4,0.0,7.8,75,Patna
2015-12-31,23.9,13.7,0.0,7.4,73,Patna
2016-01-01,24.0,11.9,0.0,5.6,74,Patna
2016-01-02,23.6,11.7,0.0,8.8,75,Patna
2016-01-03,23.6,11.7,0.0,10.9,70,Patna
2016-01-04,23.1,10.6,0.0,9.4,66,Patna
2016-01-05,23.1,11.0,0.0,8.4,67,Patna
2016-01-06,23.9,12.5,0.0,8.8,70,Patna
2016-01-07,24.8,12.5,0.0,8.4,72,Patna
2016-01-08,25.6,13.1,0.0,13.4,72,Patna
2016-01-09,24.7,15.2,0.0,21.9,62,Patna
2016-01-10,23.0,11.4,0.0,8.7,62,Patna
2016-01-11,23.1,10.6,0.0,8.2,65,Patna
2016-01-12,22.9,12.1,0.0,6.4,69,Patna
2016-01-13,23.1,10.9,0.0,7.9,72,Patna
2016-01-14,24.5,11.7,0.0,9.8,71,Patna
2016-01-15,24.3,14.0,0.0,13.1,71,Patna
2016-01-16,23.6,13.1,0.0,19.8,73,Patna
2016-01-17,23.1,11.8,0.0,9.2,70,Patna
2016-01-18,22.2,13.3,0.4,7.3,67,Patna
2016-01-19,18.1,15.2,22.3,14.8,87,Patna
2016-01-20,18.4,14.3,4.3,13.3,84,Patna
2016-01-21,19.3,12.5,0.0,17.5,75,Patna
2016-01-22,18.1,10.4,0.0,14.1,72,Patna
2016-01-23,19.1,7.9,0.0,10.1,75,Patna
2016-01-24,20.3,8.9,0.0,9.2,75,Patna
2016-01-25,20.9,10.0,0.0,10.5,71,Patna
2016-01-26,21.2,9.8,0.0,9.4,66,Patna
2016-01-27,21.5,9.1,0.0,7.3,67,Patna
2016-01-28,22.0,10.8,0.0,8.1,69,Patna
2016-01-29,23.2,12.6,0.0,10.0,74,Patna
2016-01-30,24.2,12.3,0.0,13.0,78,Patna
2016-01-31,25.7,13.6,0.0,14.8,77,Patna
2016-02-01,26.1,13.6,0.0,13.1,69,Patna
2016-02-02,25.2,13.3,0.0,10.0,61,Patna
2016-02-03,23.3,12.9,0.0,20.2,54,Patna
2016-02-04,22.2,9.7,0.0,10.2,65,Patna
2016-02-05,23.2,9.3,0.0,10.2,67,Patna
2016-02-06,23.9,10.3,0.0,8.4,66,Patna
2016-02-07,26.7,13.3,0.0,13.3,68,Patna
2016-02-08,23.4,16.8,0.0,14.6,73,Patna
2016-02-09,25.2,13.9,0.0,9.2,74,Patna
2016-02-10,26.0,13.0,0.0,13.0,67,Patna
2016-02-11,26.2,14.0,0.0,10.8,65,Patna
2016-02-12,27.6,13.3,0.0,17.2,57,Patna
2016-02-13,27.6,12.8,0.0,11.0,57,Patna
2016-02-14,29.2,14.8,0.0,9.8,58,Patna
2016-02-15,29.2,16.1,0.0,10.5,57,Patna
2016-02-16,27.4,19.4,0.4,13.6,55,Patna
2016-02-17,30.0,17.1,0.0,18.0,65,Patna
2016-02-18,31.2,18.4,0.0,19.4,57,Patna
2016-02-19,32.2,19.8,0.0,19.1,57,Patna
2016-02-20,32.0,20.6,0.0,21.1,59,Patna
2016-02-21,30.2,21.7,0.0,28.1,55,Patna
2016-02-22,28.3,18.3,0.0,21.3,48,Patna
2016-02-23,27.9,15.2,0.0,14.3,49,Patna
2016-02-24,27.8,13.4,0.0,9.9,53,Patna
2016-02-25,29.2,15.5,0.0,12.0,50,Patna
2016-02-26,28.4,19.7,0.0,17.9,63,Patna
2016-02-27,29.1,19.0,0.2,10.8,72,Patna
2016-02-28,30.2,18.4,0.0,12.3,65,Patna
2016-02-29,30.5,19.1,0.0,8.9,61,Patna
2016-03-01,31.2,19.7,0.0,11.0,53,Patna
2016-03-02,31.4,17.8,0.0,10.3,51,Patna
2016-03-03,32.8,18.6,0.0,12.9,50,Patna
2016-03-04,34.3,19.0,0.0,18.5,48,Patna
2016-03-05,33.0,19.4,0.4,10.6,57,Patna
2016-03-06,31.7,20.4,2.0,13.3,67,Patna
2016-03-07,32.2,18.9,0.0,13.8,61,Patna
2016-03-08,32.2,20.9,0.0,16.6,59,Patna
2016-03-09,33.3,21.6,0.0,20.2,55,Patna
2016-03-10,33.2,21.0,0.0,21.3,47,Patna
2016-03-11,33.9,19.8,0.0,21.4,46,Patna
2016-03-12,35.8,21.7,0.0,27.4,46,Patna
2016-03-13,29.4,21.1,0.6,21.0,62,Patna
2016-03-14,30.6,19.6,2.8,17.1,69,Patna
2016-03-15,30.2,18.0,0.0,16.8,65,Patna
2016-03-16,30.8,18.8,0.0,21.1,45,Patna
2016-03-17,31.7,16.4,0.0,12.2,43,Patna
2016-03-18,33.5,18.1,0.0,10.2,46,Patna
2016-03-19,34.7,20.9,0.0,9.7,45,Patna
2016-03-20,36.0,21.5,0.0,17.6,46,Patna
2016-03-21,36.7,21.5,0.0,31.2,32,Patna
2016-03-22,34.1,21.2,0.0,28.1,23,Patna
2016-03-23,33.1,18.9,0.0,12.1,30,Patna
2016-03-24,33.9,17.3,0.0,10.0,39,Patna
2016-03-25,35.0,20.2,0.0,9.7,44,Patna
2016-03-26,35.8,21.1,0.0,8.9,51,Patna
2016-03-27,36.1,23.4,1.5,14.2,55,Patna
2016-03-28,34.5,23.4,0.4,16.3,54,Patna
2016-03-29,35.5,20.8,0.0,13.5,46,Patna
2016-03-30,36.3,22.4,0.0,14.8,49,Patna
2016-03-31,35.9,23.8,0.1,21.1,59,Patna
2016-04-01,33.3,21.8,0.2,23.0,62,Patna
2016-04-02,33.8,22.8,0.0,20.2,61,Patna
2016-04-03,34.6,24.5,0.2,17.5,62,Patna
2016-04-04,35.4,25.0,0.0,11.2,61,Patna
2016-04-05,39.9,25.5,0.0,27.8,45,Patna
2016-04-06,40.3,26.6,0.0,27.5,26,Patna
2016-04-07,40.4,25.9,0.0,25.7,30,Patna
2016-04-08,39.5,24.9,0.0,24.4,27,Patna
2016-04-09,40.8,25.6,0.0,23.0,25,Patna
2016-04-10,41.5,25.8,0.0,29.5,22,Patna
2016-04-11,42.1,26.9,0.0,30.0,22,Patna
2016-04-12,39.4,27.9,0.0,32.2,21,Patna
2016-04-13,39.0,25.5,0.0,26.3,21,Patna
2016-04-14,40.7,25.1,0.0,23.3,22,Patna
2016-04-15,41.6,24.2,0.0,20.5,26,Patna
2016-04-16,41.0,26.3,0.0,24.2,46,Patna
2016-04-17,37.5,25.1,0.0,23.0,56,Patna
2016-04-18,39.1,26.4,0.0,16.9,51,Patna
2016-04-19,42.0,26.4,0.0,25.3,43,Patna
2016-04-20,42.2,26.4,0.0,26.0,29,Patna
2016-04-21,41.5,28.0,0.0,30.5,23,Patna
2016-04-22,41.8,27.0,0.0,27.4,22,Patna
2016-04-23,41.8,26.3,0.0,23.1,25,Patna
2016-04-24,40.1,26.6,0.0,31.6,16,Patna
2016-04-25,41.0,24.4,0.0,24.8,17,Patna
2016-04-26,42.2,24.7,0.0,16.6,19,Patna
2016-04-27,41.7,25.9,0.0,19.0,22,Patna
2016-04-28,42.5,26.4,0.0,22.6,23,Patna
2016-04-29,42.6,25.9,0.0,20.3,20,Patna
2016-04-30,42.3,25.4,0.0,19.8,20,Patna
2016-05-01,40.8,26.2,0.0,16.2,26,Patna
2016-05-02,37.6,26.1,0.1,22.7,52,Patna
2016-05-03,37.7,26.3,0.5,20.3,53,Patna
2016-05-04,35.5,26.0,1.8,15.5,57,Patna
2016-05-05,34.5,24.8,0.1,20.1,60,Patna
2016-05-06,36.4,25.9,0.1,14.8,53,Patna
2016-05-07,35.8,26.1,0.0,15.9,55,Patna
2016-05-08,37.1,26.1,0.0,15.2,53,Patna
2016-05-09,38.7,27.1,0.0,20.4,50,Patna
2016-05-10,39.5,27.6,0.6,14.8,50,Patna
2016-05-11,37.8,26.9,0.0,16.5,50,Patna
2016-05-12,37.2,27.8,3.8,16.0,55,Patna
2016-05-13,37.7,27.7,1.1,22.9,60,Patna
2016-05-14,36.8,26.3,0.0,22.7,61,Patna
2016-05-15,38.0,26.2,0.0,20.6,61,Patna
2016-05-16,40.2,26.7,3.0,16.3,59,Patna
2016-05-17,42.4,28.0,0.6,14.3,49,Patna
2016-05-18,39.6,27.9,0.0,27.7,55,Patna
2016-05-19,34.9,26.2,0.2,24.7,67,Patna
2016-05-20,35.0,25.9,0.7,21.7,68,Patna
2016-05-21,34.7,26.5,0.1,18.4,61,Patna
2016-05-22,37.1,26.8,0.0,17.2,59,Patna
2016-05-23,37.5,26.2,0.6,20.6,62,Patna
2016-05-24,36.0,25.3,1.2,17.1,64,Patna
2016-05-25,38.4,26.8,1.4,20.0,53,Patna
2016-05-26,36.8,26.6,0.0,16.4,55,Patna
2016-05-27,37.4,26.6,0.6,18.0,61,Patna
2016-05-28,35.8,24.6,1.6,18.4,69,Patna
2016-05-29,35.1,25.7,0.5,16.5,65,Patna
2016-05-30,35.7,25.8,1.6,13.6,67,Patna
2016-05-31,37.3,27.4,0.0,13.7,60,Patna
2016-06-01,36.3,26.1,0.5,19.5,64,Patna
2016-06-02,37.1,26.5,0.4,17.4,62,Patna
2016-06-03,38.2,27.7,0.5,18.1,58,Patna
2016-06-04,39.3,29.1,0.0,17.2,49,Patna
2016-06-05,39.3,29.6,0.0,17.0,49,Patna
2016-06-06,38.2,30.3,0.0,21.2,53,Patna
2016-06-07,38.3,28.7,1.1,18.5,59,Patna
2016-06-08,37.7,28.9,0.0,19.6,58,Patna
2016-06-09,37.5,25.9,0.3,19.6,63,Patna
2016-06-10,38.2,25.8,1.5,17.0,62,Patna
2016-06-11,40.0,29.3,2.6,17.1,59,Patna
2016-06-12,39.8,28.3,0.7,14.6,64,Patna
2016-06-13,38.1,27.6,2.2,16.0,72,Patna
2016-06-14,37.5,28.1,6.1,16.5,69,Patna
2016-06-15,36.8,27.8,6.8,13.7,71,Patna
2016-06-16,32.9,25.9,19.8,15.3,86,Patna
2016-06-17,32.1,25.9,8.2,18.4,81,Patna
2016-06-18,33.0,27.1,1.6,18.5,75,Patna
2016-06-19,34.0,27.4,1.8,18.2,75,Patna
2016-06-20,35.9,28.4,0.4,17.7,69,Patna
2016-06-21,34.6,28.2,9.3,13.5,75,Patna
2016-06-22,33.3,27.2,19.2,8.5,86,Patna
2016-06-23,34.2,27.0,16.8,6.8,79,Patna
2016-06-24,32.9,26.4,20.6,10.8,84,Patna
2016-06-25,33.5,26.5,6.0,15.5,81,Patna
2016-06-26,35.1,27.3,3.8,11.9,76,Patna
2016-06-27,34.8,28.4,0.9,16.2,75,Patna
2016-06-28,33.9,28.4,0.0,19.3,70,Patna
2016-06-29,35.0,28.4,0.0,17.0,68,Patna
2016-06-30,34.0,28.5,1.2,15.5,73,Patna
2016-07-01,33.5,27.7,3.9,20.1,80,Patna
2016-07-02,32.4,27.4,0.6,21.5,78,Patna
2016-07-03,29.0,26.8,4.8,19.7,86,Patna
2016-07-04,29.0,26.2,19.2,16.6,92,Patna
2016-07-05,30.4,26.2,28.0,19.9,88,Patna
2016-07-06,32.3,26.1,3.4,24.7,83,Patna
2016-07-07,33.0,27.1,1.3,20.0,80,Patna
2016-07-08,33.2,27.1,0.0,19.9,75,Patna
2016-07-09,33.5,27.7,0.3,22.0,73,Patna
2016-07-10,32.5,27.1,4.5,21.9,79,Patna
2016-07-11,32.6,27.2,1.0,22.5,77,Patna
2016-07-12,32.0,26.8,11.6,21.1,79,Patna
2016-07-13,32.6,27.2,0.6,16.1,80,Patna
2016-07-14,32.1,27.0,20.7,9.2,85,Patna
2016-07-15,32.0,26.8,18.5,7.6,86,Patna
2016-07-16,30.9,26.4,7.9,16.6,89,Patna
2016-07-17,28.2,26.1,21.1,15.8,91,Patna
2016-07-18,29.8,26.3,11.2,16.4,87,Patna
2016-07-19,30.1,26.0,4.2,22.0,85,Patna
2016-07-20,31.2,26.2,3.9,12.5,87,Patna
2016-07-21,32.1,26.9,3.9,10.6,86,Patna
2016-07-22,31.4,26.2,9.4,11.7,88,Patna
2016-07-23,31.4,26.4,6.6,11.6,84,Patna
2016-07-24,32.2,26.4,2.4,12.5,81,Patna
2016-07-25,32.2,26.5,6.4,13.3,85,Patna
2016-07-26,30.9,26.1,19.8,17.7,89,Patna
2016-07-27,30.5,26.2,0.2,17.2,81,Patna
2016-07-28,32.1,26.3,17.0,8.8,87,Patna
2016-07-29,30.9,26.2,12.2,9.0,87,Patna
2016-07-30,31.8,26.3,13.2,11.8,87,Patna
2016-07-31,32.0,26.2,13.3,10.6,86,Patna
2016-08-01,33.8,26.2,6.2,12.9,83,Patna
2016-08-02,31.6,26.5,7.8,22.3,80,Patna
2016-08-03,32.3,26.3,0.8,25.3,75,Patna
2016-08-04,33.0,26.4,0.1,22.7,76,Patna
2016-08-05,32.5,27.8,0.6,25.7,75,Patna
2016-08-06,32.2,27.5,2.6,28.3,77,Patna
2016-08-07,30.3,26.5,2.3,23.7,83,Patna
2016-08-08,31.8,26.2,14.3,15.7,88,Patna
2016-08-09,31.6,26.1,2.5,6.2,88,Patna
2016-08-10,32.2,25.6,23.7,9.1,85,Patna
2016-08-11,30.3,26.8,4.7,22.4,82,Patna
2016-08-12,31.2,26.1,8.0,20.9,85,Patna
2016-08-13,32.2,26.7,3.1,18.3,83,Patna
2016-08-14,32.4,27.0,6.1,18.0,83,Patna
2016-08-15,33.7,27.2,12.0,12.6,84,Patna
2016-08-16,33.1,26.6,10.5,11.1,86,Patna
2016-08-17,31.4,26.6,14.9,18.7,86,Patna
2016-08-18,30.0,26.7,5.7,35.6,83,Patna
2016-08-19,31.8,26.4,0.2,21.2,77,Patna
2016-08-20,33.2,26.4,0.0,9.5,81,Patna
2016-08-21,32.7,27.1,0.3,17.1,75,Patna
2016-08-22,29.0,25.7,12.2,31.4,82,Patna
2016-08-23,31.3,25.1,0.5,20.8,79,Patna
2016-08-24,32.4,26.2,1.4,7.4,83,Patna
2016-08-25,34.1,27.8,2.5,7.9,82,Patna
2016-08-26,33.2,26.8,18.0,15.7,85,Patna
2016-08-27,33.7,26.6,0.0,10.5,78,Patna
2016-08-28,34.2,27.0,0.0,7.3,76,Patna
2016-08-29,33.1,27.9,4.4,7.8,83,Patna
2016-08-30,33.4,26.7,10.8,11.7,85,Patna
2016-08-31,32.8,26.6,9.6,11.8,87,Patna
2016-09-01,31.8,26.0,17.7,10.8,88,Patna
2016-09-02,32.5,26.3,16.3,11.4,87,Patna
2016-09-03,29.7,26.1,46.6,8.4,92,Patna
2016-09-04,31.0,25.9,16.3,7.2,87,Patna
2016-09-05,28.2,26.3,19.5,7.0,93,Patna
2016-09-06,28.6,25.8,68.1,8.2,93,Patna
2016-09-07,29.1,25.6,23.3,8.4,93,Patna
2016-09-08,28.9,25.5,20.9,11.3,93,Patna
2016-09-09,30.4,25.7,11.6,5.6,90,Patna
2016-09-10,30.4,25.9,8.9,8.5,90,Patna
2016-09-11,30.7,25.6,20.1,11.7,90,Patna
2016-09-12,30.5,25.5,5.9,16.3,91,Patna
2016-09-13,30.6,24.7,18.1,14.1,88,Patna
2016-09-14,31.5,25.7,0.6,11.5,85,Patna
2016-09-15,31.8,26.5,1.2,9.2,83,Patna
2016-09-16,32.5,26.3,8.2,9.5,85,Patna
2016-09-17,29.0,25.6,14.5,14.2,92,Patna
2016-09-18,30.3,25.4,4.9,12.2,87,Patna
2016-09-19,32.2,25.8,3.1,7.0,85,Patna
2016-09-20,31.4,25.4,10.7,11.9,88,Patna
2016-09-21,29.1,25.6,4.7,15.5,90,Patna
2016-09-22,30.3,25.0,7.8,13.2,89,Patna
2016-09-23,31.4,25.7,7.5,12.2,85,Patna
2016-09-24,30.1,25.4,24.8,16.6,90,Patna
2016-09-25,28.5,24.5,33.5,14.8,93,Patna
2016-09-26,29.8,24.6,11.1,16.6,90,Patna
2016-09-27,30.6,25.0,16.5,10.9,90,Patna
2016-09-28,29.2,25.5,28.5,11.1,91,Patna
2016-09-29,31.0,25.5,6.6,12.7,88,Patna
2016-09-30,31.7,25.7,1.2,11.6,86,Patna
2016-10-01,32.3,26.1,0.0,10.5,81,Patna
2016-10-02,32.5,25.9,0.9,7.2,82,Patna
2016-10-03,33.2,26.0,0.0,5.7,82,Patna
2016-10-04,32.5,25.7,4.4,7.3,85,Patna
2016-10-05,32.0,26.1,5.6,6.0,85,Patna
2016-10-06,31.5,26.3,3.0,9.5,86,Patna
2016-10-07,30.9,25.6,8.8,9.8,87,Patna
2016-10-08,29.1,25.5,13.0,11.2,90,Patna
2016-10-09,27.4,24.7,23.5,9.3,94,Patna
2016-10-10,29.7,24.5,10.5,9.4,89,Patna
2016-10-11,30.2,23.5,0.9,8.4,87,Patna
2016-10-12,31.1,23.1,0.0,13.6,80,Patna
2016-10-13,31.5,21.2,0.0,10.2,78,Patna
2016-10-14,31.1,21.5,0.0,8.2,78,Patna
2016-10-15,30.5,19.8,0.0,7.6,78,Patna
2016-10-16,30.2,21.6,0.0,7.2,76,Patna
2016-10-17,30.4,22.8,0.1,7.6,79,Patna
2016-10-18,30.5,22.6,0.0,7.6,77,Patna
2016-10-19,30.1,21.0,0.0,8.3,75,Patna
2016-10-20,29.9,20.6,0.0,9.7,73,Patna
2016-10-21,30.0,21.2,0.0,9.4,76,Patna
2016-10-22,31.0,21.7,0.0,9.8,74,Patna
2016-10-23,30.9,21.0,0.0,12.6,75,Patna
2016-10-24,30.4,20.0,0.0,10.8,73,Patna
2016-10-25,29.9,20.1,0.0,9.4,73,Patna
2016-10-26,30.1,19.6,0.0,6.2,75,Patna
2016-10-27,30.0,20.6,0.0,5.8,77,Patna
2016-10-28,28.9,21.4,0.2,7.7,79,Patna
2016-10-29,29.0,21.9,0.0,6.8,77,Patna
2016-10-30,29.6,20.0,0.0,7.2,74,Patna
2016-10-31,30.3,21.3,0.0,9.2,69,Patna
2016-11-01,30.6,20.5,0.0,9.9,66,Patna
2016-11-02,30.7,20.1,0.0,10.1,64,Patna
2016-11-03,31.5,19.6,0.0,10.3,64,Patna
2016-11-04,30.8,19.4,0.0,9.4,68,Patna
2016-11-05,30.2,19.5,0.0,9.2,63,Patna
2016-11-06,28.9,19.6,0.0,10.6,67,Patna
2016-11-07,29.1,17.9,0.0,14.8,65,Patna
2016-11-08,28.8,15.9,0.0,11.4,65,Patna
2016-11-09,28.1,15.3,0.0,8.5,69,Patna
2016-11-10,28.3,16.3,0.0,7.9,71,Patna
2016-11-11,28.8,17.6,0.0,7.9,68,Patna
2016-11-12,29.5,18.8,0.0,8.1,66,Patna
2016-11-13,28.8,17.9,0.0,8.7,68,Patna
2016-11-14,28.3,17.1,0.0,10.6,66,Patna
2016-11-15,28.4,15.9,0.0,12.4,61,Patna
2016-11-16,28.3,15.8,0.0,15.5,59,Patna
2016-11-17,27.5,15.0,0.0,9.8,61,Patna
2016-11-18,27.2,15.2,0.0,9.6,65,Patna
2016-11-19,26.6,15.4,0.0,8.6,67,Patna
2016-11-20,26.9,15.0,0.0,9.0,70,Patna
2016-11-21,27.6,15.9,0.0,9.4,70,Patna
2016-11-22,27.7,17.2,0.0,12.5,64,Patna
2016-11-23,27.7,15.5,0.0,9.1,65,Patna
2016-11-24,27.3,15.7,0.0,9.5,69,Patna
2016-11-25,27.0,16.6,0.0,11.5,67,Patna
2016-11-26,26.4,14.3,0.0,6.5,71,Patna
2016-11-27,25.9,14.9,0.0,6.5,72,Patna
2016-11-28,25.5,17.4,0.0,6.3,73,Patna
2016-11-29,25.9,17.6,0.0,5.8,77,Patna
2016-11-30,26.4,18.7,0.0,6.7,77,Patna
2016-12-01,26.8,18.5,0.0,7.4,76,Patna
2016-12-02,26.4,18.2,0.0,7.9,78,Patna
2016-12-03,26.8,18.7,0.0,8.1,75,Patna
2016-12-04,25.9,15.8,0.0,12.8,72,Patna
2016-12-05,24.7,14.7,0.0,10.0,74,Patna
2016-12-06,24.2,13.2,0.0,9.8,76,Patna
2016-12-07,24.5,13.1,0.0,8.8,76,Patna
2016-12-08,24.0,13.1,0.0,8.9,77,Patna
2016-12-09,22.6,13.2,0.0,10.9,79,Patna
2016-12-10,22.2,12.4,0.0,8.6,79,Patna
2016-12-11,23.1,12.1,0.0,9.4,79,Patna
2016-12-12,24.5,13.7,0.0,13.0,80,Patna
2016-12-13,23.4,13.9,0.0,12.6,82,Patna
2016-12-14,24.0,12.0,0.0,14.6,79,Patna
2016-12-15,23.7,12.6,0.0,13.0,72,Patna
2016-12-16,22.9,10.6,0.0,9.6,77,Patna
2016-12-17,23.2,11.9,0.0,8.6,79,Patna
2016-12-18,23.9,12.7,0.0,8.7,78,Patna
2016-12-19,23.8,13.5,0.0,13.0,73,Patna
2016-12-20,23.0,12.1,0.0,11.2,71,Patna
2016-12-21,23.0,11.5,0.0,7.0,74,Patna
2016-12-22,23.4,13.5,0.0,6.5,75,Patna
2016-12-23,23.9,14.9,0.0,7.9,72,Patna
2016-12-24,23.9,14.0,0.0,8.4,76,Patna
2016-12-25,25.6,15.5,0.0,8.6,78,Patna
2016-12-26,24.3,14.2,0.5,9.2,81,Patna
2016-12-27,23.6,14.5,0.0,10.0,76,Patna
2016-12-28,22.5,11.3,0.0,8.1,76,Patna
2016-12-29,22.0,13.2,0.0,8.2,75,Patna
2016-12-30,23.0,14.3,0.0,8.7,76,Patna
2016-12-31,23.1,13.4,0.0,10.0,80,Patna
2017-01-01,23.8,13.2,0.0,11.4,86,Patna
2017-01-02,21.4,14.6,6.8,14.5,91,Patna
2017-01-03,22.6,13.7,0.0,11.7,85,Patna
2017-01-04,23.1,12.8,0.0,13.9,83,Patna
2017-01-05,22.3,12.6,0.0,10.9,81,Patna
2017-01-06,21.7,12.6,0.0,10.5,82,Patna
2017-01-07,22.1,10.9,0.0,10.6,85,Patna
2017-01-08,20.6,14.2,1.5,12.0,80,Patna
2017-01-09,22.8,13.3,0.0,8.9,80,Patna
2017-01-10,22.3,14.9,0.0,13.4,75,Patna
2017-01-11,20.5,12.3,0.0,16.3,54,Patna
2017-01-12,18.5,8.0,0.0,13.4,62,Patna
2017-01-13,18.2,7.6,0.0,11.8,68,Patna
2017-01-14,18.4,7.9,0.0,11.6,71,Patna
2017-01-15,20.5,7.8,0.0,10.4,71,Patna
2017-01-16,22.5,10.6,0.0,12.4,74,Patna
2017-01-17,24.3,11.9,0.0,11.0,73,Patna
2017-01-18,23.0,11.6,0.0,10.2,74,Patna
2017-01-19,23.9,11.1,0.0,14.7,72,Patna
2017-01-20,24.5,12.8,0.0,19.6,66,Patna
2017-01-21,22.3,10.9,0.0,12.7,71,Patna
2017-01-22,24.0,10.9,0.0,13.7,71,Patna
2017-01-23,25.4,13.2,0.0,20.0,70,Patna
2017-01-24,25.0,13.2,0.0,11.6,75,Patna
2017-01-25,25.1,12.5,0.0,9.2,70,Patna
2017-01-26,25.6,14.7,0.0,9.1,72,Patna
2017-01-27,23.3,16.6,2.8,17.9,78,Patna
2017-01-28,21.8,13.8,0.4,19.7,76,Patna
2017-01-29,22.0,12.7,0.0,12.5,77,Patna
2017-01-30,20.7,12.6,0.0,13.7,83,Patna
2017-01-31,22.3,11.5,0.0,12.2,83,Patna
2017-02-01,23.0,11.9,0.0,9.8,76,Patna
2017-02-02,23.0,12.1,0.0,11.0,77,Patna
2017-02-03,23.1,12.4,0.0,11.3,77,Patna
2017-02-04,23.7,12.9,0.0,10.8,76,Patna
2017-02-05,25.1,15.0,0.0,5.2,75,Patna
2017-02-06,26.2,12.9,0.0,12.7,74,Patna
2017-02-07,24.9,16.0,0.0,20.5,64,Patna
2017-02-08,24.2,12.6,0.0,13.3,59,Patna
2017-02-09,25.5,11.3,0.0,11.3,68,Patna
2017-02-10,25.1,14.9,0.0,16.4,58,Patna
2017-02-11,23.4,11.2,0.0,11.3,61,Patna
2017-02-12,24.4,14.9,0.0,10.3,60,Patna
2017-02-13,26.4,15.1,0.0,10.0,67,Patna
2017-02-14,26.7,14.6,0.0,11.5,69,Patna
2017-02-15,26.0,14.4,0.0,11.5,66,Patna
2017-02-16,25.8,13.9,0.0,10.7,65,Patna
2017-02-17,26.2,16.7,0.0,9.7,64,Patna
2017-02-18,27.0,15.0,0.0,7.8,68,Patna
2017-02-19,28.0,15.6,0.0,9.4,73,Patna
2017-02-20,29.4,17.7,0.0,17.2,66,Patna
2017-02-21,31.8,17.4,0.0,11.9,60,Patna
2017-02-22,30.0,17.1,0.0,19.5,53,Patna
2017-02-23,27.3,16.7,0.0,24.3,41,Patna
2017-02-24,26.0,14.8,0.0,21.0,40,Patna
2017-02-25,24.9,13.8,0.0,12.5,49,Patna
2017-02-26,27.1,12.9,0.0,17.0,56,Patna
2017-02-27,27.1,13.8,0.0,12.5,56,Patna
2017-02-28,27.9,14.0,0.0,11.3,55,Patna
2017-03-01,29.9,15.0,0.0,11.3,58,Patna
2017-03-02,31.4,17.5,0.0,13.4,56,Patna
2017-03-03,30.9,18.9,0.0,14.3,53,Patna
2017-03-04,30.9,17.9,0.0,13.5,58,Patna
2017-03-05,30.0,18.3,0.0,18.1,48,Patna
2017-03-06,29.2,16.5,0.0,18.2,39,Patna
2017-03-07,28.2,14.8,0.0,10.5,45,Patna
2017-03-08,29.4,15.7,0.0,12.4,54,Patna
2017-03-09,28.3,18.7,0.3,14.8,63,Patna
2017-03-10,29.1,18.6,1.8,19.1,78,Patna
2017-03-11,25.4,17.8,1.8,16.4,75,Patna
2017-03-12,26.7,16.8,0.0,25.1,56,Patna
2017-03-13,25.4,15.0,0.0,15.5,48,Patna
2017-03-14,27.0,13.4,0.0,14.1,53,Patna
2017-03-15,27.3,14.6,0.0,14.5,47,Patna
2017-03-16,29.5,15.6,0.0,15.0,44,Patna
2017-03-17,30.5,16.2,0.0,19.8,49,Patna
2017-03-18,30.5,16.9,0.0,22.1,47,Patna
2017-03-19,28.0,17.0,0.0,14.7,58,Patna
2017-03-20,28.6,15.2,0.1,17.6,65,Patna
2017-03-21,30.4,16.9,0.0,12.8,65,Patna
2017-03-22,31.1,18.5,0.0,14.3,63,Patna
2017-03-23,31.9,20.9,0.0,13.4,63,Patna
2017-03-24,33.6,21.3,0.0,11.2,63,Patna
2017-03-25,35.9,22.4,0.0,21.4,57,Patna
2017-03-26,33.9,22.0,0.0,18.6,65,Patna
2017-03-27,33.6,22.7,0.0,14.8,67,Patna
2017-03-28,33.6,24.1,0.0,18.7,66,Patna
2017-03-29,32.4,24.7,0.1,16.3,71,Patna
2017-03-30,36.1,23.3,0.0,18.4,68,Patna
2017-03-31,34.7,23.1,0.0,19.5,66,Patna
2017-04-01,37.7,24.6,0.0,23.8,61,Patna
2017-04-02,36.7,23.1,0.0,17.6,65,Patna
2017-04-03,39.0,24.0,0.0,25.6,57,Patna
2017-04-04,34.0,23.3,0.0,23.1,65,Patna
2017-04-05,33.9,21.9,0.0,21.6,64,Patna
2017-04-06,32.7,23.5,0.0,21.7,70,Patna
2017-04-07,35.6,24.1,0.1,16.6,71,Patna
2017-04-08,36.8,25.1,0.7,14.9,56,Patna
2017-04-09,36.4,22.9,0.0,23.5,26,Patna
2017-04-10,35.0,23.2,0.0,27.4,21,Patna
2017-04-11,35.4,21.7,0.0,26.7,22,Patna
2017-04-12,36.1,19.2,0.0,14.2,35,Patna
2017-04-13,37.2,23.2,0.0,17.6,44,Patna
2017-04-14,36.5,24.0,0.1,16.9,50,Patna
2017-04-15,34.3,24.1,5.8,23.0,59,Patna
2017-04-16,33.2,22.6,0.0,25.3,63,Patna
2017-04-17,34.5,23.9,0.0,18.1,60,Patna
2017-04-18,35.6,26.6,0.0,16.9,54,Patna
2017-04-19,33.7,26.1,2.0,25.8,68,Patna
2017-04-20,33.2,24.7,0.0,31.4,70,Patna
2017-04-21,32.7,24.2,0.0,25.2,71,Patna
2017-04-22,33.4,23.1,0.1,26.3,71,Patna
2017-04-23,35.5,24.1,0.0,19.5,67,Patna
2017-04-24,37.3,24.7,0.0,19.5,59,Patna
2017-04-25,39.4,25.6,0.0,24.6,36,Patna
2017-04-26,39.3,26.1,0.0,23.2,25,Patna
2017-04-27,39.4,23.8,0.0,19.4,26,Patna
2017-04-28,39.7,24.4,0.0,26.3,24,Patna
2017-04-29,40.7,23.4,0.0,21.4,41,Patna
2017-04-30,37.4,25.3,1.2,18.1,59,Patna
2017-05-01,35.3,25.1,1.2,20.6,63,Patna
2017-05-02,35.3,23.8,0.0,11.9,61,Patna
2017-05-03,38.5,24.0,0.0,19.2,49,Patna
2017-05-04,36.5,25.3,2.3,21.4,61,Patna
2017-05-05,39.1,24.8,0.0,22.1,51,Patna
2017-05-06,39.0,25.4,0.2,27.9,58,Patna
2017-05-07,37.2,24.7,0.0,24.5,60,Patna
2017-05-08,36.7,26.3,0.1,23.0,62,Patna
2017-05-09,35.2,26.4,1.1,20.0,66,Patna
2017-05-10,34.4,24.1,0.0,23.3,66,Patna
2017-05-11,36.4,25.4,0.0,20.6,62,Patna
2017-05-12,36.2,25.5,0.2,22.2,62,Patna
2017-05-13,37.2,27.5,0.7,14.9,60,Patna
2017-05-14,38.0,27.5,0.6,22.7,61,Patna
2017-05-15,37.6,26.9,1.8,22.5,65,Patna
2017-05-16,37.3,26.0,0.0,29.2,62,Patna
2017-05-17,36.1,27.7,0.0,24.1,62,Patna
2017-05-18,38.0,27.2,0.0,15.2,58,Patna
2017-05-19,39.2,27.8,0.5,14.9,53,Patna
2017-05-20,40.1,27.8,0.0,20.0,50,Patna
2017-05-21,40.8,27.6,0.1,20.0,50,Patna
2017-05-22,40.4,28.2,1.0,18.6,53,Patna
2017-05-23,40.6,28.5,0.0,18.1,54,Patna
2017-05-24,39.1,28.3,0.2,11.3,54,Patna
2017-05-25,40.1,29.5,0.4,17.4,51,Patna
2017-05-26,36.1,26.9,1.2,25.1,66,Patna
2017-05-27,36.5,26.8,0.0,24.4,63,Patna
2017-05-28,35.4,25.8,0.7,26.3,70,Patna
2017-05-29,36.4,25.0,0.1,21.7,67,Patna
2017-05-30,32.9,27.4,6.0,16.6,71,Patna
2017-05-31,35.6,26.9,0.1,16.2,66,Patna
2017-06-01,37.0,28.2,0.0,11.4,62,Patna
2017-06-02,37.1,29.7,2.7,15.8,65,Patna
2017-06-03,40.5,28.1,0.0,22.5,51,Patna
2017-06-04,41.1,28.2,0.3,22.2,57,Patna
2017-06-05,34.8,26.5,1.7,35.2,71,Patna
2017-06-06,33.2,25.6,34.5,30.1,79,Patna
2017-06-07,31.5,25.3,119.0,17.1,89,Patna
2017-06-08,31.9,26.4,8.0,10.8,85,Patna
2017-06-09,33.1,26.9,1.1,10.6,80,Patna
2017-06-10,33.5,26.9,0.8,18.7,75,Patna
2017-06-11,34.3,28.2,0.2,13.4,73,Patna
2017-06-12,34.7,28.2,1.0,10.9,75,Patna
2017-06-13,37.5,27.9,0.0,14.3,68,Patna
2017-06-14,36.1,28.4,0.0,16.6,70,Patna
2017-06-15,35.2,28.0,0.0,18.7,73,Patna
2017-06-16,34.3,26.6,0.0,18.0,73,Patna
2017-06-17,34.3,26.6,0.1,16.1,75,Patna
2017-06-18,36.4,28.2,0.6,12.7,69,Patna
2017-06-19,35.7,28.9,1.6,17.3,69,Patna
2017-06-20,33.3,28.0,8.1,19.6,78,Patna
2017-06-21,31.8,25.6,17.0,10.3,83,Patna
2017-06-22,33.7,26.5,6.6,13.0,78,Patna
2017-06-23,33.0,26.8,3.7,12.6,80,Patna
2017-06-24,34.1,26.5,7.0,16.2,76,Patna
2017-06-25,34.0,28.3,0.9,21.3,71,Patna
2017-06-26,34.6,28.0,0.0,21.5,70,Patna
2017-06-27,33.6,28.2,1.1,21.8,70,Patna
2017-06-28,34.5,28.6,0.5,24.9,68,Patna
2017-06-29,33.7,28.2,2.5,18.0,71,Patna
2017-06-30,32.9,27.4,21.9,17.0,82,Patna
2017-07-01,32.8,26.8,25.4,11.2,85,Patna
2017-07-02,29.6,26.6,26.6,15.8,90,Patna
2017-07-03,30.8,26.4,21.6,11.8,88,Patna
2017-07-04,29.6,26.2,14.1,17.0,91,Patna
2017-07-05,28.9,26.0,6.8,11.5,90,Patna
2017-07-06,31.0,26.1,2.1,17.0,86,Patna
2017-07-07,31.3,26.4,3.1,12.2,85,Patna
2017-07-08,32.8,26.1,8.4,15.7,82,Patna
2017-07-09,31.1,27.1,13.8,15.8,88,Patna
2017-07-10,29.9,26.0,29.5,17.2,92,Patna
2017-07-11,27.5,25.5,58.2,18.3,94,Patna
2017-07-12,29.9,25.0,1.3,22.1,87,Patna
2017-07-13,31.4,25.3,0.7,19.3,83,Patna
2017-07-14,32.7,25.6,0.5,19.2,78,Patna
2017-07-15,32.8,26.9,0.5,19.4,78,Patna
2017-07-16,33.8,27.4,0.2,13.8,77,Patna
2017-07-17,34.1,28.1,0.6,15.1,76,Patna
2017-07-18,33.0,28.1,7.4,15.2,81,Patna
2017-07-19,33.3,28.1,8.4,24.2,80,Patna
2017-07-20,30.8,26.4,7.0,32.1,82,Patna
2017-07-21,29.1,25.3,40.6,21.1,90,Patna
2017-07-22,30.5,25.7,5.2,21.1,86,Patna
2017-07-23,31.2,25.9,6.8,20.0,86,Patna
2017-07-24,30.1,25.6,9.2,19.6,85,Patna
2017-07-25,27.9,25.7,5.1,25.6,86,Patna
2017-07-26,29.4,25.1,3.6,42.3,85,Patna
2017-07-27,31.6,25.6,5.9,24.7,82,Patna
2017-07-28,33.0,26.5,0.7,12.7,79,Patna
2017-07-29,31.9,26.9,11.4,9.2,87,Patna
2017-07-30,29.6,26.3,5.5,12.5,89,Patna
2017-07-31,32.0,25.8,9.4,15.0,84,Patna
2017-08-01,31.5,26.7,11.4,14.4,85,Patna
2017-08-02,31.3,26.6,22.6,15.7,87,Patna
2017-08-03,30.2,26.5,6.8,17.4,86,Patna
2017-08-04,31.3,26.4,12.4,10.0,87,Patna
2017-08-05,32.2,26.1,17.9,11.9,88,Patna
2017-08-06,32.0,26.8,3.9,12.8,85,Patna
2017-08-07,31.9,26.6,7.1,19.9,84,Patna
2017-08-08,33.0,27.4,1.3,14.8,81,Patna
2017-08-09,31.3,26.7,16.3,12.4,87,Patna
2017-08-10,29.0,26.3,23.0,18.1,92,Patna
2017-08-11,29.5,26.0,62.7,22.7,91,Patna
2017-08-12,29.3,26.5,13.0,19.3,89,Patna
2017-08-13,30.6,25.8,4.3,14.3,85,Patna
2017-08-14,29.5,25.9,8.2,11.8,90,Patna
2017-08-15,30.6,25.7,3.3,16.2,86,Patna
2017-08-16,31.6,26.4,5.2,12.4,84,Patna
2017-08-17,31.4,25.7,21.3,9.0,88,Patna
2017-08-18,32.6,26.7,0.4,21.4,83,Patna
2017-08-19,32.1,26.4,2.0,26.7,77,Patna
2017-08-20,32.2,26.7,1.3,19.0,80,Patna
2017-08-21,32.5,26.6,1.1,14.2,81,Patna
2017-08-22,32.8,27.4,2.9,10.7,81,Patna
2017-08-23,33.5,27.3,8.6,16.5,85,Patna
2017-08-24,32.1,26.7,24.4,13.1,87,Patna
2017-08-25,32.7,27.1,1.4,13.2,81,Patna
2017-08-26,33.4,26.7,5.5,12.9,80,Patna
2017-08-27,29.6,26.7,3.4,19.6,87,Patna
2017-08-28,31.3,25.9,2.5,26.2,83,Patna
2017-08-29,31.3,26.7,6.7,27.6,81,Patna
2017-08-30,32.5,26.4,0.5,13.3,80,Patna
2017-08-31,33.5,27.3,8.8,12.0,84,Patna
2017-09-01,29.9,26.0,18.2,14.8,90,Patna
2017-09-02,31.0,26.0,7.5,16.0,84,Patna
2017-09-03,32.1,26.3,1.6,20.2,81,Patna
2017-09-04,32.7,26.3,0.3,14.8,80,Patna
2017-09-05,33.0,26.3,0.9,12.4,82,Patna
2017-09-06,33.0,27.0,2.2,9.7,80,Patna
2017-09-07,32.2,26.7,4.2,14.0,83,Patna
2017-09-08,32.3,27.1,4.4,8.2,85,Patna
2017-09-09,33.3,27.3,1.9,15.4,80,Patna
2017-09-10,33.3,27.2,8.6,9.3,84,Patna
2017-09-11,33.0,26.1,1.2,12.1,82,Patna
2017-09-12,32.1,26.4,2.7,11.7,85,Patna
2017-09-13,30.6,25.8,3.1,10.2,88,Patna
2017-09-14,31.9,26.1,0.7,10.8,85,Patna
2017-09-15,32.0,27.2,0.9,14.5,85,Patna
2017-09-16,33.5,27.3,0.8,9.4,81,Patna
2017-09-17,34.6,26.0,18.5,17.6,81,Patna
2017-09-18,30.2,25.9,4.0,21.5,85,Patna
2017-09-19,31.8,26.1,3.5,14.5,85,Patna
2017-09-20,28.6,25.2,33.3,23.4,90,Patna
2017-09-21,29.5,25.2,15.2,24.1,89,Patna
2017-09-22,30.5,25.9,1.0,17.4,86,Patna
2017-09-23,32.6,26.4,0.4,10.7,84,Patna
2017-09-24,32.8,26.5,0.5,10.5,82,Patna
2017-09-25,32.2,26.6,0.0,13.4,81,Patna
2017-09-26,32.2,25.4,0.1,11.0,82,Patna
2017-09-27,32.8,26.3,2.6,10.8,83,Patna
2017-09-28,32.1,26.6,10.3,11.2,87,Patna
2017-09-29,30.9,26.6,6.0,12.7,87,Patna
2017-09-30,31.1,25.6,0.6,12.6,84,Patna
2017-10-01,30.9,25.4,2.4,15.0,85,Patna
2017-10-02,29.6,25.2,1.5,13.0,86,Patna
2017-10-03,30.7,24.7,0.7,11.1,83,Patna
2017-10-04,31.7,25.6,0.7,11.7,84,Patna
2017-10-05,32.7,26.4,0.9,10.2,83,Patna
2017-10-06,33.5,26.4,5.2,8.2,82,Patna
2017-10-07,32.2,26.8,6.3,6.9,84,Patna
2017-10-08,31.0,26.7,5.7,10.0,86,Patna
2017-10-09,31.7,26.1,0.3,14.7,82,Patna
2017-10-10,28.8,24.9,2.3,20.2,82,Patna
2017-10-11,27.8,24.1,4.5,24.2,87,Patna
2017-10-12,30.1,24.5,2.0,11.2,89,Patna
2017-10-13,32.1,25.6,0.0,8.8,84,Patna
2017-10-14,32.6,24.8,0.0,11.4,77,Patna
2017-10-15,33.1,22.3,0.0,12.3,76,Patna
2017-10-16,32.8,22.4,0.0,8.7,75,Patna
2017-10-17,31.2,24.0,0.1,9.1,77,Patna
2017-10-18,31.7,24.9,0.4,10.0,80,Patna
2017-10-19,31.3,25.7,0.8,15.9,83,Patna
2017-10-20,30.3,24.9,1.5,26.4,82,Patna
2017-10-21,29.7,23.6,0.3,16.3,80,Patna
2017-10-22,32.3,22.7,0.1,12.8,75,Patna
2017-10-23,31.4,20.7,0.0,7.6,81,Patna
2017-10-24,31.7,21.8,0.5,7.3,82,Patna
2017-10-25,32.1,21.7,0.0,10.8,73,Patna
2017-10-26,30.8,21.1,0.0,8.2,75,Patna
2017-10-27,30.4,20.4,0.0,7.9,75,Patna
2017-10-28,29.9,20.9,0.0,10.0,76,Patna
2017-10-29,28.5,21.5,0.1,8.2,80,Patna
2017-10-30,28.0,21.0,0.6,15.4,80,Patna
2017-10-31,26.7,20.6,0.2,16.4,78,Patna
2017-11-01,27.7,20.2,0.0,9.0,77,Patna
2017-11-02,28.5,20.2,0.0,8.8,73,Patna
2017-11-03,28.9,20.3,0.0,7.2,73,Patna
2017-11-04,29.8,20.4,0.0,10.1,73,Patna
2017-11-05,30.4,20.3,0.0,7.9,70,Patna
2017-11-06,30.5,20.0,0.0,10.5,70,Patna
2017-11-07,30.4,20.4,0.0,9.6,65,Patna
2017-11-08,29.8,19.9,0.0,9.7,67,Patna
2017-11-09,29.2,18.8,0.0,9.4,69,Patna
2017-11-10,29.4,18.1,0.0,9.2,68,Patna
2017-11-11,29.0,18.9,0.0,9.0,71,Patna
2017-11-12,29.6,18.5,0.0,9.9,69,Patna
2017-11-13,29.1,18.0,0.0,9.2,64,Patna
2017-11-14,28.7,19.9,0.0,8.0,68,Patna
2017-11-15,27.3,19.0,0.1,9.8,74,Patna
2017-11-16,28.4,21.1,0.0,13.2,77,Patna
2017-11-17,27.5,20.8,0.0,8.6,77,Patna
2017-11-18,29.0,20.6,0.0,7.7,67,Patna
2017-11-19,29.9,19.1,0.0,12.9,67,Patna
2017-11-20,29.6,19.8,0.0,20.2,60,Patna
2017-11-21,25.9,17.7,0.0,17.5,48,Patna
2017-11-22,24.0,14.0,0.0,12.6,53,Patna
2017-11-23,24.4,13.4,0.0,11.2,62,Patna
2017-11-24,24.6,13.3,0.0,12.5,64,Patna
2017-11-25,25.0,13.3,0.0,10.8,67,Patna
2017-11-26,26.0,14.6,0.0,10.8,66,Patna
2017-11-27,25.5,14.4,0.0,13.0,64,Patna
2017-11-28,25.5,13.4,0.0,11.5,62,Patna
2017-11-29,25.7,11.9,0.0,10.5,64,Patna
2017-11-30,25.3,13.9,0.0,10.8,65,Patna
2017-12-01,25.5,14.4,0.0,8.9,71,Patna
2017-12-02,26.0,13.8,0.0,11.4,71,Patna
2017-12-03,25.4,13.8,0.0,10.2,68,Patna
2017-12-04,24.8,12.9,0.0,11.4,65,Patna
2017-12-05,24.5,12.2,0.0,10.1,65,Patna
2017-12-06,24.8,13.0,0.0,10.2,72,Patna
2017-12-07,26.3,14.7,0.0,9.0,73,Patna
2017-12-08,26.9,16.2,0.0,9.2,72,Patna
2017-12-09,26.9,16.5,0.0,9.6,73,Patna
2017-12-10,25.2,16.3,0.0,9.2,79,Patna
2017-12-11,26.9,17.8,0.0,10.8,72,Patna
2017-12-12,27.1,15.2,0.0,10.8,71,Patna
2017-12-13,28.1,16.8,0.0,15.0,65,Patna
2017-12-14,26.9,16.7,0.0,20.0,62,Patna
2017-12-15,25.7,14.6,0.0,18.2,60,Patna
2017-12-16,24.8,14.6,0.0,14.3,60,Patna
2017-12-17,22.3,12.6,0.0,13.7,66,Patna
2017-12-18,21.5,11.2,0.0,9.4,74,Patna
2017-12-19,22.2,9.9,0.0,8.9,75,Patna
2017-12-20,23.7,13.5,0.0,8.6,79,Patna
2017-12-21,24.5,15.5,0.0,8.0,79,Patna
2017-12-22,24.9,14.9,0.0,13.1,78,Patna
2017-12-23,23.2,13.6,0.0,11.0,79,Patna
2017-12-24,23.2,11.6,0.0,11.4,74,Patna
2017-12-25,22.6,11.9,0.0,10.8,73,Patna
2017-12-26,22.9,12.0,0.0,12.6,78,Patna
2017-12-27,23.2,11.8,0.0,10.9,78,Patna
2017-12-28,22.9,10.9,0.0,10.7,77,Patna
2017-12-29,22.8,11.1,0.0,10.8,77,Patna
2017-12-30,22.5,12.8,0.0,10.7,81,Patna
2017-12-31,22.3,11.1,0.0,11.8,80,Patna
2018-01-01,21.5,10.7,0.0,11.1,83,Patna
2018-01-02,21.2,10.4,0.0,12.8,77,Patna
2018-01-03,20.5,9.8,0.0,17.7,71,Patna
2018-01-04,20.0,9.1,0.0,11.8,75,Patna
2018-01-05,19.1,8.4,0.0,10.0,81,Patna
2018-01-06,19.3,8.1,0.0,14.7,74,Patna
2018-01-07,20.2,8.2,0.0,15.2,73,Patna
2018-01-08,19.4,7.8,0.0,11.5,74,Patna
2018-01-09,19.2,7.5,0.0,13.8,78,Patna
2018-01-10,19.3,8.6,0.0,14.7,77,Patna
2018-01-11,19.5,8.3,0.0,14.0,82,Patna
2018-01-12,18.4,8.6,0.0,10.8,86,Patna
2018-01-13,19.2,8.9,0.0,10.7,84,Patna
2018-01-14,20.0,7.7,0.0,11.1,81,Patna
2018-01-15,20.8,9.4,0.0,16.0,79,Patna
2018-01-16,20.5,8.7,0.0,11.4,79,Patna
2018-01-17,20.9,8.6,0.0,12.4,79,Patna
2018-01-18,20.7,9.2,0.0,11.9,80,Patna
2018-01-19,21.7,8.4,0.0,10.7,79,Patna
2018-01-20,22.4,10.1,0.0,14.2,81,Patna
2018-01-21,21.6,9.7,0.0,11.7,78,Patna
2018-01-22,21.4,9.8,0.0,10.8,78,Patna
2018-01-23,22.2,9.6,0.0,11.6,78,Patna
2018-01-24,22.7,11.1,0.0,13.0,77,Patna
2018-01-25,22.0,11.9,0.0,15.9,75,Patna
2018-01-26,20.8,10.8,0.0,14.3,78,Patna
2018-01-27,21.5,10.4,0.0,17.9,78,Patna
2018-01-28,21.3,8.8,0.0,13.7,77,Patna
2018-01-29,21.7,8.4,0.0,15.2,75,Patna
2018-01-30,21.9,9.5,0.0,20.2,75,Patna
2018-01-31,21.3,10.7,0.0,10.2,75,Patna
2018-02-01,22.5,11.7,0.0,10.5,81,Patna
2018-02-02,24.2,11.8,0.0,8.7,76,Patna
2018-02-03,25.3,12.6,0.0,10.4,78,Patna
2018-02-04,25.8,13.9,0.0,15.7,75,Patna
2018-02-05,24.0,11.8,0.0,10.9,73,Patna
2018-02-06,25.1,12.8,0.0,14.8,66,Patna
2018-02-07,25.8,15.2,0.0,19.8,53,Patna
2018-02-08,24.7,14.3,0.0,18.4,54,Patna
2018-02-09,26.2,15.2,0.0,16.6,54,Patna
2018-02-10,24.6,13.1,0.0,18.5,51,Patna
2018-02-11,25.1,11.2,0.0,10.2,61,Patna
2018-02-12,22.9,14.3,0.0,10.3,78,Patna
2018-02-13,25.4,13.3,0.0,10.5,79,Patna
2018-02-14,25.1,16.3,0.0,22.2,70,Patna
2018-02-15,24.1,13.2,0.0,13.9,66,Patna
2018-02-16,24.6,12.2,0.0,11.6,70,Patna
2018-02-17,25.3,14.1,0.0,15.5,71,Patna
2018-02-18,26.7,14.1,0.0,12.1,71,Patna
2018-02-19,27.7,15.2,0.0,11.0,68,Patna
2018-02-20,26.9,15.0,0.0,10.3,70,Patna
2018-02-21,26.7,14.9,0.0,10.9,63,Patna
2018-02-22,28.5,15.2,0.0,9.4,67,Patna
2018-02-23,30.0,16.9,0.0,11.2,69,Patna
2018-02-24,29.8,18.6,0.0,13.3,69,Patna
2018-02-25,30.4,19.4,2.6,18.1,69,Patna
2018-02-26,28.9,18.2,0.0,19.4,71,Patna
2018-02-27,27.9,15.9,0.0,10.1,63,Patna
2018-02-28,28.2,16.8,0.0,8.6,72,Patna
2018-03-01,30.3,17.4,0.0,16.1,66,Patna
2018-03-02,31.9,18.7,0.0,19.4,56,Patna
2018-03-03,32.4,19.0,0.0,26.8,49,Patna
2018-03-04,32.4,19.2,0.0,11.9,52,Patna
2018-03-05,32.1,20.3,0.0,20.2,53,Patna
2018-03-06,29.6,18.8,0.0,23.3,49,Patna
2018-03-07,29.2,17.5,0.0,13.7,48,Patna
2018-03-08,29.6,15.5,0.0,10.0,51,Patna
2018-03-09,30.5,17.0,0.0,13.7,50,Patna
2018-03-10,31.7,18.5,0.0,21.4,44,Patna
2018-03-11,32.1,17.3,0.0,15.8,49,Patna
2018-03-12,32.3,17.3,0.0,15.9,54,Patna
2018-03-13,32.3,17.4,0.0,19.5,58,Patna
2018-03-14,32.4,18.9,0.0,11.0,64,Patna
2018-03-15,31.2,20.7,1.2,13.3,64,Patna
2018-03-16,32.2,20.4,0.0,23.7,55,Patna
2018-03-17,32.7,19.9,0.0,24.3,41,Patna
2018-03-18,31.6,18.1,0.0,18.2,39,Patna
2018-03-19,32.5,16.1,0.0,13.6,40,Patna
2018-03-20,33.2,18.3,0.0,13.2,44,Patna
2018-03-21,34.2,18.2,0.0,12.3,47,Patna
2018-03-22,34.5,21.0,0.0,11.9,54,Patna
2018-03-23,35.0,20.6,0.0,19.1,47,Patna
2018-03-24,34.4,20.1,0.0,17.6,40,Patna
2018-03-25,35.0,20.5,0.0,14.8,38,Patna
2018-03-26,34.0,20.6,0.0,15.6,34,Patna
2018-03-27,35.1,19.8,0.0,12.9,42,Patna
2018-03-28,35.5,21.5,0.0,13.4,51,Patna
2018-03-29,36.5,22.1,0.0,17.6,57,Patna
2018-03-30,33.7,21.7,1.2,32.9,65,Patna
2018-03-31,31.3,19.9,3.1,22.2,62,Patna
2018-04-01,32.8,21.8,0.1,23.7,60,Patna
2018-04-02,32.9,21.2,0.0,15.3,57,Patna
2018-04-03,34.1,21.3,0.0,13.7,55,Patna
2018-04-04,35.1,23.0,0.0,12.8,49,Patna
2018-04-05,34.4,23.6,0.6,23.4,56,Patna
2018-04-06,34.3,22.6,0.0,21.3,62,Patna
2018-04-07,30.5,23.6,2.5,27.0,68,Patna
2018-04-08,32.9,22.2,1.8,17.8,69,Patna
2018-04-09,33.2,23.1,0.0,19.6,62,Patna
2018-04-10,33.4,22.6,2.2,10.3,66,Patna
2018-04-11,33.9,23.0,0.1,16.8,62,Patna
2018-04-12,34.2,22.7,0.1,20.0,53,Patna
2018-04-13,35.1,23.5,0.0,18.1,42,Patna
2018-04-14,37.1,22.3,0.0,22.9,36,Patna
2018-04-15,37.7,21.9,0.0,17.2,37,Patna
2018-04-16,37.1,24.3,0.0,18.1,51,Patna
2018-04-17,39.0,25.5,0.0,25.3,52,Patna
2018-04-18,37.5,25.4,0.0,17.3,54,Patna
2018-04-19,39.1,23.8,0.0,22.3,51,Patna
2018-04-20,37.4,23.8,0.5,20.6,57,Patna
2018-04-21,37.9,25.5,0.0,20.2,55,Patna
2018-04-22,38.7,23.9,0.0,24.6,28,Patna
2018-04-23,37.7,22.6,0.0,16.6,24,Patna
2018-04-24,37.9,21.9,0.0,12.1,28,Patna
2018-04-25,37.5,23.5,0.0,22.0,47,Patna
2018-04-26,35.6,23.6,4.3,26.4,65,Patna
2018-04-27,35.8,23.6,0.4,27.9,58,Patna
2018-04-28,35.1,25.3,0.1,24.8,60,Patna
2018-04-29,35.3,22.9,0.4,28.1,62,Patna
2018-04-30,34.8,23.3,0.1,27.0,65,Patna
2018-05-01,33.0,21.3,24.5,29.9,66,Patna
2018-05-02,33.0,22.5,0.0,32.0,67,Patna
2018-05-03,29.6,22.3,18.3,27.0,77,Patna
2018-05-04,32.6,24.4,0.0,23.8,67,Patna
2018-05-05,33.7,23.6,0.0,18.4,66,Patna
2018-05-06,35.4,26.1,0.4,14.5,69,Patna
2018-05-07,36.6,26.0,1.3,12.7,70,Patna
2018-05-08,39.4,26.1,2.0,20.5,65,Patna
2018-05-09,37.5,25.9,0.1,20.1,56,Patna
2018-05-10,37.8,24.5,0.0,23.7,49,Patna
2018-05-11,35.7,23.6,0.0,19.7,62,Patna
2018-05-12,36.0,24.6,0.0,22.5,59,Patna
2018-05-13,33.9,24.7,4.9,23.9,63,Patna
2018-05-14,33.9,23.3,0.2,23.7,67,Patna
2018-05-15,33.0,24.5,1.0,20.5,66,Patna
2018-05-16,34.9,23.8,0.5,21.3,65,Patna
2018-05-17,33.4,24.8,0.5,23.7,65,Patna
2018-05-18,34.7,25.9,0.0,19.1,63,Patna
2018-05-19,36.6,27.1,0.0,19.5,61,Patna
2018-05-20,38.1,27.2,0.0,17.1,58,Patna
2018-05-21,37.4,27.9,0.0,20.2,61,Patna
2018-05-22,36.1,28.5,0.0,22.8,63,Patna
2018-05-23,35.8,28.0,0.0,22.8,66,Patna
2018-05-24,37.4,26.7,0.0,21.1,63,Patna
2018-05-25,39.6,27.4,0.3,23.7,64,Patna
2018-05-26,41.7,27.8,0.0,23.5,58,Patna
2018-05-27,39.4,27.6,0.0,21.5,62,Patna
2018-05-28,36.8,27.6,2.1,30.0,67,Patna
2018-05-29,35.0,24.6,0.0,28.2,66,Patna
2018-05-30,37.0,25.3,0.0,25.6,64,Patna
2018-05-31,36.8,27.3,1.9,26.9,67,Patna
2018-06-01,32.6,25.6,9.1,24.9,74,Patna
2018-06-02,33.7,25.8,0.0,17.9,72,Patna
2018-06-03,33.8,25.5,0.5,18.2,71,Patna
2018-06-04,34.8,27.1,1.4,23.9,70,Patna
2018-06-05,35.9,27.7,0.1,19.8,66,Patna
2018-06-06,38.1,29.1,0.0,16.8,58,Patna
2018-06-07,36.9,30.1,1.7,20.3,61,Patna
2018-06-08,33.5,27.7,6.3,23.1,72,Patna
2018-06-09,35.8,27.6,0.6,13.8,67,Patna
2018-06-10,38.2,29.5,0.2,16.2,60,Patna
2018-06-11,37.2,28.9,4.1,16.1,66,Patna
2018-06-12,39.3,27.1,5.5,18.5,70,Patna
2018-06-13,39.4,28.5,0.0,25.1,57,Patna
2018-06-14,40.7,28.8,0.1,26.2,55,Patna
2018-06-15,41.4,29.4,0.0,27.8,52,Patna
2018-06-16,40.7,28.9,0.0,22.7,55,Patna
2018-06-17,40.7,28.2,0.0,22.5,56,Patna
2018-06-18,41.0,29.5,0.0,19.7,54,Patna
2018-06-19,41.1,29.8,0.0,16.1,54,Patna
2018-06-20,40.6,30.6,0.0,17.2,55,Patna
2018-06-21,40.4,29.9,0.0,18.7,56,Patna
2018-06-22,39.7,30.5,0.1,21.0,56,Patna
2018-06-23,39.2,29.2,1.2,19.7,62,Patna
2018-06-24,37.9,27.6,3.4,21.3,70,Patna
2018-06-25,40.0,29.4,1.5,22.7,65,Patna
2018-06-26,33.9,26.9,5.6,16.5,76,Patna
2018-06-27,34.3,26.1,10.8,26.5,78,Patna
2018-06-28,34.9,26.7,1.6,31.3,71,Patna
2018-06-29,33.7,26.3,3.5,16.8,79,Patna
2018-06-30,33.9,27.1,11.0,8.7,80,Patna
2018-07-01,33.7,26.9,14.7,8.9,82,Patna
2018-07-02,32.6,26.7,16.0,15.9,82,Patna
2018-07-03,32.6,26.8,17.1,19.1,83,Patna
2018-07-04,32.9,27.1,7.5,19.6,78,Patna
2018-07-05,34.2,27.1,5.6,12.7,79,Patna
2018-07-06,33.3,26.0,29.5,10.5,80,Patna
2018-07-07,34.4,27.6,2.4,15.7,78,Patna
2018-07-08,34.3,28.9,0.6,18.0,71,Patna
2018-07-09,33.9,28.2,0.7,21.0,72,Patna
2018-07-10,32.6,28.1,2.4,18.4,77,Patna
2018-07-11,33.7,28.1,4.2,20.4,77,Patna
2018-07-12,34.3,28.3,2.5,20.3,73,Patna
2018-07-13,33.8,27.7,3.3,20.3,77,Patna
2018-07-14,34.5,28.1,0.3,21.7,71,Patna
2018-07-15,34.2,28.6,0.6,22.7,69,Patna
2018-07-16,34.8,28.4,0.1,28.5,68,Patna
2018-07-17,33.9,28.3,1.7,34.8,70,Patna
2018-07-18,34.8,28.0,1.4,25.0,69,Patna
2018-07-19,35.9,28.9,1.6,17.7,68,Patna
2018-07-20,36.9,27.9,7.5,14.7,71,Patna
2018-07-21,34.1,28.1,7.3,22.2,75,Patna
2018-07-22,34.1,27.1,3.0,32.8,75,Patna
2018-07-23,31.2,26.2,8.4,36.4,84,Patna
2018-07-24,31.9,26.4,14.3,19.2,88,Patna
2018-07-25,31.2,26.4,6.6,17.1,85,Patna
2018-07-26,29.9,25.9,50.4,13.7,89,Patna
2018-07-27,29.5,25.8,6.5,18.0,90,Patna
2018-07-28,29.2,25.4,73.5,9.7,93,Patna
2018-07-29,28.9,25.9,64.6,20.4,91,Patna
2018-07-30,31.0,25.2,24.6,13.0,89,Patna
2018-07-31,30.4,25.6,19.0,13.1,88,Patna
2018-08-01,28.4,26.0,12.3,13.3,91,Patna
2018-08-02,30.6,25.6,5.1,19.4,87,Patna
2018-08-03,31.1,25.6,1.9,19.8,85,Patna
2018-08-04,32.4,25.7,0.8,8.9,83,Patna
2018-08-05,31.6,25.1,38.5,10.1,89,Patna
2018-08-06,30.6,25.6,30.3,11.0,89,Patna
2018-08-07,31.9,26.4,6.4,21.8,82,Patna
2018-08-08,32.9,27.0,0.6,27.2,74,Patna
2018-08-09,33.3,26.7,0.6,19.9,75,Patna
2018-08-10,32.7,27.3,3.3,14.8,82,Patna
2018-08-11,32.1,26.9,6.5,13.0,86,Patna
2018-08-12,30.8,26.3,28.9,12.2,90,Patna
2018-08-13,31.7,26.3,4.9,12.7,88,Patna
2018-08-14,31.9,26.1,19.1,13.3,87,Patna
2018-08-15,33.5,27.5,7.8,19.8,82,Patna
2018-08-16,33.6,27.8,1.0,26.6,76,Patna
2018-08-17,34.1,27.2,0.0,20.1,74,Patna
2018-08-18,34.3,28.1,3.0,10.9,77,Patna
2018-08-19,35.8,27.3,15.5,14.0,78,Patna
2018-08-20,32.3,26.9,8.2,23.7,81,Patna
2018-08-21,32.6,26.7,3.2,24.1,82,Patna
2018-08-22,30.8,27.2,2.3,13.4,86,Patna
2018-08-23,30.7,26.4,9.0,9.0,89,Patna
2018-08-24,31.1,26.3,10.5,12.1,89,Patna
2018-08-25,30.9,26.0,20.2,15.6,90,Patna
2018-08-26,31.5,25.6,10.7,16.9,89,Patna
2018-08-27,33.1,25.9,11.0,20.5,82,Patna
2018-08-28,32.2,27.1,1.4,22.7,82,Patna
2018-08-29,33.2,26.1,11.7,22.0,84,Patna
2018-08-30,30.8,26.5,22.0,12.6,90,Patna
2018-08-31,31.8,26.2,17.6,13.8,89,Patna
2018-09-01,32.5,26.3,7.6,14.2,86,Patna
2018-09-02,30.9,26.0,11.5,14.4,87,Patna
2018-09-03,29.1,25.3,19.1,18.4,90,Patna
2018-09-04,31.5,25.5,7.7,10.5,86,Patna
2018-09-05,31.7,25.2,26.9,13.6,87,Patna
2018-09-06,32.1,25.3,4.5,20.7,83,Patna
2018-09-07,31.4,26.6,2.1,36.7,78,Patna
2018-09-08,31.9,26.1,0.4,18.3,84,Patna
2018-09-09,31.6,26.5,4.7,6.5,86,Patna
2018-09-10,30.7,25.5,9.9,11.1,88,Patna
2018-09-11,31.8,26.5,0.7,16.9,82,Patna
2018-09-12,30.5,26.0,4.9,17.4,86,Patna
2018-09-13,31.0,25.9,7.4,13.7,87,Patna
2018-09-14,32.0,25.3,3.5,11.7,87,Patna
2018-09-15,32.4,26.1,0.8,11.9,82,Patna
2018-09-16,32.1,25.6,1.3,13.2,83,Patna
2018-09-17,32.9,25.0,0.0,12.0,79,Patna
2018-09-18,32.7,26.1,0.0,11.8,77,Patna
2018-09-19,33.4,25.6,0.0,7.4,76,Patna
2018-09-20,31.8,26.2,10.3,22.0,86,Patna
2018-09-21,30.1,25.8,6.6,32.8,83,Patna
2018-09-22,30.9,25.7,0.4,25.0,82,Patna
2018-09-23,32.3,25.2,0.0,10.5,81,Patna
2018-09-24,32.9,26.2,1.1,15.5,82,Patna
2018-09-25,32.2,26.4,0.8,17.8,79,Patna
2018-09-26,31.8,25.9,0.0,15.7,79,Patna
2018-09-27,31.7,25.6,1.1,11.9,81,Patna
2018-09-28,32.5,25.8,0.3,13.6,80,Patna
2018-09-29,32.6,25.0,0.1,14.8,75,Patna
2018-09-30,33.3,24.4,0.0,16.6,67,Patna
2018-10-01,33.2,24.0,0.0,11.9,66,Patna
2018-10-02,33.3,23.6,0.0,16.0,70,Patna
2018-10-03,32.7,22.0,0.0,10.7,73,Patna
2018-10-04,32.3,25.3,0.1,11.3,79,Patna
2018-10-05,31.9,25.3,0.0,11.5,80,Patna
2018-10-06,32.2,24.2,0.2,9.4,81,Patna
2018-10-07,32.0,22.6,0.9,9.4,76,Patna
2018-10-08,33.2,22.6,0.0,13.1,72,Patna
2018-10-09,31.9,22.2,0.0,11.0,72,Patna
2018-10-10,31.0,24.1,0.3,13.8,73,Patna
2018-10-11,29.9,23.3,1.1,24.5,78,Patna
2018-10-12,27.5,22.3,2.4,19.9,86,Patna
2018-10-13,29.5,21.8,0.5,9.7,81,Patna
2018-10-14,31.1,22.8,0.5,16.6,74,Patna
2018-10-15,31.0,19.6,0.0,12.3,67,Patna
2018-10-16,31.6,19.4,0.0,10.2,69,Patna
2018-10-17,31.6,20.3,0.0,7.4,73,Patna
2018-10-18,32.3,22.0,0.0,10.7,73,Patna
2018-10-19,32.6,21.9,0.0,10.4,73,Patna
2018-10-20,31.8,22.4,0.0,8.9,77,Patna
2018-10-21,32.4,21.6,0.0,10.3,69,Patna
2018-10-22,32.3,21.1,0.0,10.6,66,Patna
2018-10-23,31.5,21.0,0.0,11.1,66,Patna
2018-10-24,30.9,19.5,0.0,11.2,56,Patna
2018-10-25,30.0,17.7,0.0,10.9,58,Patna
2018-10-26,30.1,20.0,0.0,8.7,56,Patna
2018-10-27,30.4,19.0,0.0,9.6,64,Patna
2018-10-28,29.6,20.1,0.3,12.5,73,Patna
2018-10-29,29.4,21.0,0.2,10.1,77,Patna
2018-10-30,30.7,21.6,0.0,10.1,74,Patna
2018-10-31,31.5,21.5,0.0,10.0,70,Patna
2018-11-01,31.7,21.9,0.0,7.9,68,Patna
2018-11-02,30.8,22.1,0.0,8.1,70,Patna
2018-11-03,31.1,21.4,0.0,8.6,65,Patna
2018-11-04,31.7,19.7,0.0,10.4,61,Patna
2018-11-05,31.8,21.5,0.0,17.1,65,Patna
2018-11-06,29.7,19.7,0.0,15.9,61,Patna
2018-11-07,27.5,17.4,0.0,8.0,64,Patna
2018-11-08,27.0,18.7,0.0,7.6,63,Patna
2018-11-09,27.2,17.7,0.0,8.6,63,Patna
2018-11-10,28.0,17.0,0.0,9.3,65,Patna
2018-11-11,28.4,17.0,0.0,9.7,68,Patna
2018-11-12,28.5,17.7,0.0,9.8,69,Patna
2018-11-13,28.7,17.3,0.0,9.0,69,Patna
2018-11-14,29.6,17.4,0.0,10.0,70,Patna
2018-11-15,29.6,18.8,0.0,13.9,69,Patna
2018-11-16,29.4,18.8,0.0,18.0,67,Patna
2018-11-17,26.5,16.4,0.0,18.1,58,Patna
2018-11-18,27.2,16.0,0.0,9.5,63,Patna
2018-11-19,27.2,15.8,0.0,9.3,67,Patna
2018-11-20,27.6,15.5,0.0,10.4,68,Patna
2018-11-21,27.6,16.1,0.0,10.6,67,Patna
2018-11-22,27.6,14.7,0.0,11.9,62,Patna
2018-11-23,27.1,15.1,0.0,11.7,64,Patna
2018-11-24,26.3,15.1,0.0,10.0,64,Patna
2018-11-25,25.9,14.5,0.0,9.5,68,Patna
2018-11-26,26.4,14.1,0.0,6.7,64,Patna
2018-11-27,26.9,16.6,0.0,11.6,74,Patna
2018-11-28,26.5,15.8,0.0,11.8,69,Patna
2018-11-29,26.8,15.9,0.0,7.2,67,Patna
2018-11-30,26.9,16.5,0.0,10.0,68,Patna
2018-12-01,26.1,15.7,0.0,8.7,69,Patna
2018-12-02,25.8,15.2,0.0,10.5,63,Patna
2018-12-03,25.2,13.4,0.0,11.5,64,Patna
2018-12-04,24.8,13.9,0.0,11.5,65,Patna
2018-12-05,24.2,14.6,0.0,10.8,72,Patna
2018-12-06,24.5,13.3,0.0,11.5,70,Patna
2018-12-07,23.9,12.8,0.0,14.7,68,Patna
2018-12-08,23.9,11.2,0.0,11.1,68,Patna
2018-12-09,24.0,12.4,0.0,9.9,62,Patna
2018-12-10,24.3,11.4,0.0,11.1,65,Patna
2018-12-11,24.4,13.5,0.0,8.7,66,Patna
2018-12-12,24.9,13.4,0.0,8.9,66,Patna
2018-12-13,25.4,15.8,0.0,10.8,71,Patna
2018-12-14,25.5,13.5,0.0,13.2,67,Patna
2018-12-15,24.4,12.7,0.0,18.8,61,Patna
2018-12-16,24.6,11.3,0.0,9.3,64,Patna
2018-12-17,21.7,13.8,0.0,9.1,69,Patna
2018-12-18,20.0,13.8,1.1,10.1,84,Patna
2018-12-19,23.4,12.1,0.0,16.3,74,Patna
2018-12-20,22.4,10.3,0.0,10.9,69,Patna
2018-12-21,21.9,10.7,0.0,11.2,69,Patna
2018-12-22,22.0,9.6,0.0,12.4,65,Patna
2018-12-23,22.6,9.3,0.0,11.4,67,Patna
2018-12-24,22.2,10.5,0.0,11.2,63,Patna
2018-12-25,21.4,9.9,0.0,13.7,62,Patna
2018-12-26,21.3,8.5,0.0,10.0,63,Patna
2018-12-27,20.9,10.1,0.0,15.8,58,Patna
2018-12-28,20.6,8.7,0.0,17.0,55,Patna
2018-12-29,20.1,8.4,0.0,11.4,64,Patna
2018-12-30,20.5,7.0,0.0,11.8,66,Patna
2018-12-31,21.3,7.4,0.0,12.1,65,Patna
2019-01-01,21.4,7.1,0.0,9.7,67,Patna
2019-01-02,22.0,8.0,0.0,11.7,71,Patna
2019-01-03,21.9,8.1,0.0,13.6,71,Patna
2019-01-04,22.0,10.1,0.0,9.8,72,Patna
2019-01-05,22.3,10.7,0.0,9.5,70,Patna
2019-01-06,23.4,9.0,0.0,10.9,71,Patna
2019-01-07,23.4,12.3,0.1,14.7,65,Patna
2019-01-08,23.2,12.8,0.0,16.2,70,Patna
2019-01-09,22.1,11.4,0.0,15.2,66,Patna
2019-01-10,21.0,9.2,0.0,9.4,67,Patna
2019-01-11,21.6,9.4,0.0,10.8,65,Patna
2019-01-12,22.2,7.7,0.0,10.5,60,Patna
2019-01-13,20.9,10.6,0.0,9.4,67,Patna
2019-01-14,23.0,11.4,0.0,15.7,69,Patna
2019-01-15,20.4,9.8,0.0,14.1,59,Patna
2019-01-16,21.3,7.5,0.0,11.5,69,Patna
2019-01-17,22.0,9.0,0.0,10.6,69,Patna
2019-01-18,22.4,9.1,0.0,11.2,69,Patna
2019-01-19,23.1,9.9,0.0,11.8,71,Patna
2019-01-20,23.3,9.9,0.0,11.1,69,Patna
2019-01-21,23.9,9.1,0.0,10.5,71,Patna
2019-01-22,25.9,12.5,0.0,14.8,68,Patna
2019-01-23,22.1,14.8,0.7,17.8,70,Patna
2019-01-24,23.2,13.7,0.3,7.6,78,Patna
2019-01-25,20.4,14.3,0.5,13.4,86,Patna
2019-01-26,19.0,14.3,2.5,8.2,86,Patna
2019-01-27,23.0,14.2,0.0,12.1,76,Patna
2019-01-28,21.8,13.3,0.0,16.2,65,Patna
2019-01-29,20.8,10.1,0.0,21.5,64,Patna
2019-01-30,21.7,9.5,0.0,12.9,63,Patna
2019-01-31,22.6,11.8,0.0,8.4,68,Patna
2019-02-01,24.2,11.8,0.0,10.7,67,Patna
2019-02-02,25.3,10.1,0.0,11.5,70,Patna
2019-02-03,25.9,11.5,0.0,14.1,67,Patna
2019-02-04,24.0,11.8,0.0,13.8,67,Patna
2019-02-05,24.2,11.7,0.0,12.7,70,Patna
2019-02-06,26.1,11.2,0.0,10.9,69,Patna
2019-02-07,27.6,12.8,0.0,15.9,66,Patna
2019-02-08,23.7,16.8,5.9,18.9,74,Patna
2019-02-09,22.2,12.1,4.9,20.3,74,Patna
2019-02-10,22.4,10.9,0.0,13.1,66,Patna
2019-02-11,23.1,10.9,0.0,10.0,71,Patna
2019-02-12,24.0,12.5,0.0,11.0,68,Patna
2019-02-13,25.4,12.3,0.0,10.6,71,Patna
2019-02-14,25.2,13.9,0.0,10.4,74,Patna
2019-02-15,25.3,15.2,0.7,16.9,78,Patna
2019-02-16,24.9,15.6,3.9,12.1,79,Patna
2019-02-17,23.9,15.2,0.0,22.6,69,Patna
2019-02-18,24.7,13.9,0.0,13.1,66,Patna
2019-02-19,27.5,14.2,0.0,9.2,67,Patna
2019-02-20,28.3,15.0,0.0,12.9,64,Patna
2019-02-21,28.7,15.5,0.0,11.3,70,Patna
2019-02-22,30.9,18.0,0.0,11.7,66,Patna
2019-02-23,28.9,18.5,0.0,26.8,57,Patna
2019-02-24,25.7,14.7,0.0,13.1,58,Patna
2019-02-25,27.6,14.5,0.0,9.8,63,Patna
2019-02-26,27.1,16.0,0.0,11.0,60,Patna
2019-02-27,24.7,16.8,2.1,25.6,80,Patna
2019-02-28,23.3,14.9,0.3,20.2,69,Patna
2019-03-01,23.7,12.5,0.0,16.1,52,Patna
2019-03-02,24.3,11.4,0.0,10.5,60,Patna
2019-03-03,26.5,13.9,0.2,15.3,68,Patna
2019-03-04,27.4,15.5,0.0,9.8,68,Patna
2019-03-05,27.5,16.4,0.0,15.0,62,Patna
2019-03-06,27.7,15.6,0.0,22.8,52,Patna
2019-03-07,27.1,14.3,0.0,14.1,49,Patna
2019-03-08,28.0,14.5,0.0,23.7,49,Patna
2019-03-09,30.5,15.2,0.0,16.5,47,Patna
2019-03-10,30.9,17.9,0.0,14.6,48,Patna
2019-03-11,30.9,17.1,0.0,15.7,51,Patna
2019-03-12,33.6,17.5,0.0,13.9,46,Patna
2019-03-13,32.6,18.4,0.0,14.5,46,Patna
2019-03-14,32.5,21.1,0.0,16.2,45,Patna
2019-03-15,30.8,20.6,0.0,15.1,58,Patna
2019-03-16,31.9,19.6,0.0,19.2,50,Patna
2019-03-17,31.0,17.6,0.0,19.0,38,Patna
2019-03-18,27.9,18.9,1.9,12.6,63,Patna
2019-03-19,30.7,17.6,0.0,18.1,53,Patna
2019-03-20,32.2,16.7,0.0,15.8,45,Patna
2019-03-21,34.0,19.1,0.0,17.5,45,Patna
2019-03-22,33.9,21.5,0.0,21.5,48,Patna
2019-03-23,31.7,19.7,0.0,19.4,33,Patna
2019-03-24,33.0,19.5,0.0,15.1,40,Patna
2019-03-25,34.0,19.9,0.0,16.6,47,Patna
2019-03-26,31.0,20.3,1.4,24.7,60,Patna
2019-03-27,31.5,18.0,0.0,14.6,65,Patna
2019-03-28,32.9,20.4,0.0,9.4,54,Patna
2019-03-29,33.8,20.5,0.0,10.1,52,Patna
2019-03-30,34.4,23.2,0.0,17.7,56,Patna
2019-03-31,36.0,23.0,0.3,29.6,64,Patna
2019-04-01,33.6,22.4,0.2,25.6,65,Patna
2019-04-02,30.8,21.4,0.0,29.9,63,Patna
2019-04-03,34.4,21.5,0.0,17.2,52,Patna
2019-04-04,34.3,22.4,0.0,18.9,56,Patna
2019-04-05,34.0,23.1,0.0,19.4,62,Patna
2019-04-06,32.4,23.7,8.0,21.7,70,Patna
2019-04-07,30.8,21.1,0.4,21.0,68,Patna
2019-04-08,33.4,21.5,3.0,30.5,70,Patna
2019-04-09,31.8,20.5,2.7,19.8,71,Patna
2019-04-10,32.8,20.8,0.0,22.3,64,Patna
2019-04-11,33.4,22.7,0.0,15.8,62,Patna
2019-04-12,35.8,24.5,0.0,13.3,59,Patna
2019-04-13,36.8,24.8,0.0,22.9,55,Patna
2019-04-14,39.4,25.0,0.0,20.0,55,Patna
2019-04-15,40.0,25.2,0.0,20.4,58,Patna
2019-04-16,36.2,25.5,0.0,18.4,63,Patna
2019-04-17,31.3,23.2,0.0,33.6,65,Patna
2019-04-18,34.0,21.8,0.0,17.7,56,Patna
2019-04-19,35.2,22.3,0.0,18.5,44,Patna
2019-04-20,35.3,22.7,0.0,16.0,41,Patna
2019-04-21,36.2,23.4,0.0,25.2,40,Patna
2019-04-22,35.2,24.3,0.0,18.1,51,Patna
2019-04-23,35.0,24.7,0.2,22.7,57,Patna
2019-04-24,36.7,25.5,0.0,20.2,52,Patna
2019-04-25,37.0,27.3,0.0,14.8,53,Patna
2019-04-26,39.7,28.3,0.0,18.7,53,Patna
2019-04-27,40.7,27.3,0.0,17.6,55,Patna
2019-04-28,40.6,25.1,0.0,21.9,46,Patna
2019-04-29,40.7,24.7,0.0,20.8,55,Patna
2019-04-30,39.7,26.0,0.0,18.7,59,Patna
2019-05-01,39.4,27.0,1.3,17.7,62,Patna
2019-05-02,38.1,27.0,0.1,29.7,59,Patna
2019-05-03,32.7,25.5,0.1,26.4,71,Patna
2019-05-04,35.2,24.1,0.0,14.5,63,Patna
2019-05-05,38.9,26.1,0.0,26.2,39,Patna
2019-05-06,40.2,24.8,0.0,30.9,21,Patna
2019-05-07,41.2,24.9,0.0,31.7,23,Patna
2019-05-08,42.1,23.1,0.0,25.8,35,Patna
2019-05-09,41.7,24.7,0.0,23.5,35,Patna
2019-05-10,41.8,25.2,0.0,19.2,29,Patna
2019-05-11,42.2,25.8,0.0,25.4,38,Patna
2019-05-12,41.2,27.0,0.0,20.4,36,Patna
2019-05-13,39.0,26.8,0.0,18.9,52,Patna
2019-05-14,37.4,27.4,0.5,14.8,49,Patna
2019-05-15,38.0,27.4,0.0,17.7,53,Patna
2019-05-16,37.9,26.4,0.0,17.7,53,Patna
2019-05-17,40.3,27.3,0.0,23.3,45,Patna
2019-05-18,40.8,27.3,0.0,21.5,30,Patna
2019-05-19,38.9,26.8,0.0,16.5,35,Patna
2019-05-20,40.1,27.1,0.0,15.8,38,Patna
2019-05-21,41.0,27.7,0.0,18.4,47,Patna
2019-05-22,39.5,28.1,0.1,19.9,56,Patna
2019-05-23,37.5,27.5,1.1,18.4,58,Patna
2019-05-24,38.3,26.4,0.0,19.6,58,Patna
2019-05-25,40.3,27.5,0.0,19.2,57,Patna
2019-05-26,40.2,26.6,0.0,22.2,49,Patna
2019-05-27,40.9,25.0,0.0,20.5,41,Patna
2019-05-28,39.9,27.1,0.0,18.9,55,Patna
2019-05-29,39.8,27.1,0.0,23.8,55,Patna
2019-05-30,39.6,27.9,0.0,26.6,55,Patna
2019-05-31,35.2,26.4,0.0,28.5,62,Patna
2019-06-01,37.8,26.5,0.0,25.6,60,Patna
2019-06-02,37.6,27.1,0.0,24.3,61,Patna
2019-06-03,35.8,24.7,0.5,22.4,58,Patna
2019-06-04,37.4,27.9,0.0,22.1,54,Patna
2019-06-05,37.1,28.5,0.0,23.1,58,Patna
2019-06-06,37.1,28.8,0.0,21.5,58,Patna
2019-06-07,37.8,28.7,0.0,17.1,56,Patna
2019-06-08,38.0,29.8,0.0,18.7,53,Patna
2019-06-09,41.8,30.5,0.0,20.9,48,Patna
2019-06-10,41.5,30.6,0.0,23.4,54,Patna
2019-06-11,38.7,27.6,0.0,28.7,60,Patna
2019-06-12,40.7,28.3,0.0,21.4,58,Patna
2019-06-13,39.7,29.7,0.0,15.0,56,Patna
2019-06-14,40.8,31.1,0.0,18.3,46,Patna
2019-06-15,44.0,31.4,0.0,24.3,42,Patna
2019-06-16,43.0,29.1,0.0,22.9,49,Patna
2019-06-17,40.4,31.9,0.0,22.0,41,Patna
2019-06-18,40.6,31.4,0.0,18.3,42,Patna
2019-06-19,39.1,30.6,0.0,16.8,52,Patna
2019-06-20,36.1,29.8,2.4,15.2,62,Patna
2019-06-21,35.0,27.7,12.5,16.7,73,Patna
2019-06-22,32.7,27.1,10.0,23.4,83,Patna
2019-06-23,35.7,27.8,0.0,22.4,69,Patna
2019-06-24,35.5,28.8,0.1,12.3,69,Patna
2019-06-25,37.1,30.4,0.2,14.5,63,Patna
2019-06-26,37.8,29.7,7.5,16.3,66,Patna
2019-06-27,36.9,27.1,12.4,14.6,73,Patna
2019-06-28,38.9,30.0,0.0,17.4,60,Patna
2019-06-29,38.0,29.5,0.0,21.4,59,Patna
2019-06-30,37.1,29.8,0.0,18.0,66,Patna
2019-07-01,35.9,28.4,6.4,16.1,74,Patna
2019-07-02,35.4,27.7,8.0,27.0,71,Patna
2019-07-03,35.2,28.1,0.7,26.2,71,Patna
2019-07-04,35.3,27.4,3.0,20.9,75,Patna
2019-07-05,34.8,27.8,2.2,19.8,74,Patna
2019-07-06,35.3,28.0,2.6,21.0,75,Patna
2019-07-07,29.9,26.6,17.4,18.6,89,Patna
2019-07-08,30.1,26.3,43.0,16.7,91,Patna
2019-07-09,31.3,26.4,40.1,16.6,91,Patna
2019-07-10,29.9,26.4,23.2,20.5,90,Patna
2019-07-11,28.2,26.1,46.1,31.7,92,Patna
2019-07-12,31.6,26.5,18.4,16.7,86,Patna
2019-07-13,32.9,26.9,8.5,22.1,79,Patna
2019-07-14,33.5,26.1,6.8,22.0,80,Patna
2019-07-15,35.3,26.8,5.3,19.7,72,Patna
2019-07-16,34.3,27.1,2.4,12.6,79,Patna
2019-07-17,33.9,27.6,1.6,7.7,78,Patna
2019-07-18,34.8,28.5,7.0,7.1,79,Patna
2019-07-19,33.2,26.9,10.5,14.7,82,Patna
2019-07-20,34.0,28.5,1.9,13.4,79,Patna
2019-07-21,34.8,28.9,1.0,14.6,75,Patna
2019-07-22,34.9,28.6,7.3,13.0,81,Patna
2019-07-23,34.3,26.8,30.2,16.0,84,Patna
2019-07-24,30.8,26.8,33.1,14.9,91,Patna
2019-07-25,30.0,25.8,58.4,12.1,91,Patna
2019-07-26,31.3,26.4,11.8,16.0,89,Patna
2019-07-27,30.8,25.9,13.1,24.3,86,Patna
2019-07-28,32.1,26.3,1.7,31.0,78,Patna
2019-07-29,32.1,27.0,0.5,33.9,75,Patna
2019-07-30,31.4,26.2,1.7,24.8,80,Patna
2019-07-31,33.2,26.8,0.3,17.4,74,Patna
2019-08-01,32.3,27.4,2.3,21.8,80,Patna
2019-08-02,32.4,27.3,5.9,19.4,82,Patna
2019-08-03,33.6,27.9,1.8,17.7,78,Patna
2019-08-04,33.7,27.7,0.7,11.3,80,Patna
2019-08-05,33.3,27.2,17.5,11.9,83,Patna
2019-08-06,35.4,27.5,3.6,15.3,82,Patna
2019-08-07,32.4,27.3,1.7,30.2,80,Patna
2019-08-08,29.0,26.1,5.3,40.7,82,Patna
2019-08-09,30.8,25.6,11.8,26.4,87,Patna
2019-08-10,32.5,27.1,4.1,10.5,83,Patna
2019-08-11,31.6,27.0,27.7,11.9,89,Patna
2019-08-12,33.3,26.8,13.7,16.3,85,Patna
2019-08-13,32.4,26.2,12.9,22.2,84,Patna
2019-08-14,31.2,26.1,4.6,32.2,85,Patna
2019-08-15,31.7,26.2,4.1,18.8,86,Patna
2019-08-16,32.1,26.8,3.0,7.4,85,Patna
2019-08-17,32.4,27.2,8.6,8.4,86,Patna
2019-08-18,30.2,27.1,13.7,10.4,89,Patna
2019-08-19,31.4,26.6,4.3,16.0,84,Patna
2019-08-20,31.4,26.2,9.9,14.6,86,Patna
2019-08-21,31.9,27.1,9.7,19.4,86,Patna
2019-08-22,33.3,27.1,0.9,10.2,83,Patna
2019-08-23,31.4,27.6,25.5,12.0,87,Patna
2019-08-24,30.0,25.6,20.7,18.9,89,Patna
2019-08-25,31.8,25.7,6.0,23.7,85,Patna
2019-08-26,33.1,26.3,1.2,20.3,78,Patna
2019-08-27,33.1,26.8,0.2,20.1,77,Patna
2019-08-28,34.0,27.1,0.6,16.1,76,Patna
2019-08-29,32.7,28.1,2.7,14.5,82,Patna
2019-08-30,33.6,27.7,0.6,10.5,80,Patna
2019-08-31,33.0,28.0,1.8,16.3,82,Patna
2019-09-01,33.8,27.7,1.1,13.4,80,Patna
2019-09-02,34.2,28.4,5.6,13.8,80,Patna
2019-09-03,30.6,27.7,5.8,14.1,87,Patna
2019-09-04,32.2,27.8,0.6,23.3,79,Patna
2019-09-05,32.7,26.3,3.9,20.5,79,Patna
2019-09-06,33.0,27.5,1.0,20.6,78,Patna
2019-09-07,32.7,27.3,1.2,25.1,77,Patna
2019-09-08,31.7,27.0,3.6,25.2,84,Patna
2019-09-09,32.0,26.8,1.7,17.9,85,Patna
2019-09-10,31.9,27.4,18.3,13.8,86,Patna
2019-09-11,32.2,26.9,13.9,19.3,88,Patna
2019-09-12,31.3,26.4,9.1,22.7,88,Patna
2019-09-13,30.4,26.2,10.4,23.2,90,Patna
2019-09-14,31.5,25.5,6.1,17.4,89,Patna
2019-09-15,30.6,26.9,6.1,9.0,90,Patna
2019-09-16,31.5,27.4,8.1,12.4,89,Patna
2019-09-17,30.3,25.9,12.2,17.3,91,Patna
2019-09-18,28.7,25.5,1.9,18.9,89,Patna
2019-09-19,29.9,25.2,1.4,10.9,88,Patna
2019-09-20,32.1,26.3,6.1,8.9,87,Patna
2019-09-21,31.1,26.1,2.6,6.5,89,Patna
2019-09-22,30.5,24.6,16.7,14.5,87,Patna
2019-09-23,30.4,24.3,12.1,16.3,88,Patna
2019-09-24,30.0,25.7,7.9,20.6,86,Patna
2019-09-25,27.7,24.7,23.8,26.3,90,Patna
2019-09-26,26.2,24.4,63.6,19.3,95,Patna
2019-09-27,26.2,24.2,91.9,19.8,95,Patna
2019-09-28,25.6,23.4,147.5,22.7,94,Patna
2019-09-29,25.1,23.1,79.0,19.8,96,Patna
2019-09-30,27.1,22.9,4.4,18.5,91,Patna
2019-10-01,28.9,23.3,0.7,9.3,86,Patna
2019-10-02,30.3,23.8,0.1,9.7,85,Patna
2019-10-03,29.6,25.0,8.6,15.2,90,Patna
2019-10-04,28.4,24.1,7.6,12.8,90,Patna
2019-10-05,29.5,23.5,1.7,6.0,90,Patna
2019-10-06,30.4,23.8,0.2,6.6,88,Patna
2019-10-07,31.5,24.2,0.0,6.9,82,Patna
2019-10-08,29.7,24.7,3.2,12.3,87,Patna
2019-10-09,28.4,24.1,1.6,14.1,88,Patna
2019-10-10,29.8,23.6,0.1,7.7,86,Patna
2019-10-11,30.0,24.0,0.2,7.9,87,Patna
2019-10-12,31.3,22.6,0.0,9.8,78,Patna
2019-10-13,30.3,22.6,0.1,8.8,77,Patna
2019-10-14,30.2,22.2,0.0,5.4,75,Patna
2019-10-15,29.5,22.8,0.2,5.8,77,Patna
2019-10-16,30.0,24.4,0.1,7.9,78,Patna
2019-10-17,30.4,23.5,0.0,7.7,76,Patna
2019-10-18,30.7,24.5,0.1,8.0,76,Patna
2019-10-19,29.6,25.1,1.8,8.4,80,Patna
2019-10-20,28.1,24.4,1.9,7.8,84,Patna
2019-10-21,29.6,23.4,0.2,14.2,84,Patna
2019-10-22,30.1,22.0,0.0,12.3,74,Patna
2019-10-23,25.4,21.6,0.1,7.7,83,Patna
2019-10-24,27.2,21.6,0.0,14.8,78,Patna
2019-10-25,25.1,19.9,0.0,20.9,75,Patna
2019-10-26,26.8,19.9,0.0,9.7,79,Patna
2019-10-27,28.5,21.3,0.0,8.6,75,Patna
2019-10-28,28.7,20.3,0.0,7.6,76,Patna
2019-10-29,29.7,21.5,0.0,8.2,76,Patna
2019-10-30,29.6,21.0,0.0,9.9,78,Patna
2019-10-31,29.8,21.9,0.2,8.9,78,Patna
2019-11-01,29.8,20.9,0.1,8.4,79,Patna
2019-11-02,30.0,21.5,0.2,8.1,80,Patna
2019-11-03,30.5,23.0,0.0,9.3,79,Patna
2019-11-04,29.9,22.6,0.0,12.7,75,Patna
2019-11-05,30.1,21.4,0.0,15.4,70,Patna
2019-11-06,28.9,19.2,0.0,9.4,69,Patna
2019-11-07,29.2,18.3,0.0,8.7,72,Patna
2019-11-08,28.6,18.9,0.0,9.2,75,Patna
2019-11-09,29.0,21.5,0.0,10.8,77,Patna
2019-11-10,29.4,20.7,0.0,7.1,78,Patna
2019-11-11,29.2,20.7,0.0,15.5,67,Patna
2019-11-12,28.6,18.2,0.0,13.4,68,Patna
2019-11-13,28.3,17.1,0.0,10.0,68,Patna
2019-11-14,28.4,19.0,0.0,10.1,72,Patna
2019-11-15,28.8,17.9,0.0,9.7,73,Patna
2019-11-16,28.7,18.3,0.0,10.2,68,Patna
2019-11-17,28.6,17.7,0.0,12.6,71,Patna
2019-11-18,27.8,18.6,0.0,14.4,67,Patna
2019-11-19,27.3,16.2,0.0,15.1,64,Patna
2019-11-20,26.8,16.3,0.0,9.4,67,Patna
2019-11-21,26.7,15.5,0.0,9.4,67,Patna
2019-11-22,27.1,16.4,0.0,8.9,71,Patna
2019-11-23,27.5,17.7,0.0,10.1,72,Patna
2019-11-24,26.1,16.4,0.0,10.3,71,Patna
2019-11-25,25.1,17.9,0.0,7.2,80,Patna
2019-11-26,27.0,17.2,0.0,4.9,79,Patna
2019-11-27,28.0,18.0,0.0,7.6,78,Patna
2019-11-28,27.9,18.6,0.0,7.2,78,Patna
2019-11-29,28.2,18.7,0.0,8.7,78,Patna
2019-11-30,27.1,17.2,0.0,13.1,73,Patna
2019-12-01,26.9,16.9,0.0,14.4,74,Patna
2019-12-02,25.5,15.3,0.0,11.9,72,Patna
2019-12-03,24.4,15.8,0.0,12.0,70,Patna
2019-12-04,24.4,13.1,0.0,10.4,71,Patna
2019-12-05,24.8,12.2,0.0,10.7,70,Patna
2019-12-06,25.5,13.9,0.0,10.2,72,Patna
2019-12-07,25.0,14.8,0.0,8.6,73,Patna
2019-12-08,25.0,15.0,0.0,8.0,67,Patna
2019-12-09,25.1,15.7,0.0,9.0,69,Patna
2019-12-10,24.3,13.6,0.0,10.9,70,Patna
2019-12-11,24.1,13.9,0.0,10.1,68,Patna
2019-12-12,24.2,14.7,0.0,15.9,76,Patna
2019-12-13,20.9,16.9,18.9,18.8,87,Patna
2019-12-14,22.2,16.0,12.3,15.9,86,Patna
2019-12-15,21.1,14.3,0.3,6.9,88,Patna
2019-12-16,22.7,15.2,0.1,12.8,83,Patna
2019-12-17,21.2,12.8,0.0,17.8,81,Patna
2019-12-18,17.4,10.7,0.0,13.2,83,Patna
2019-12-19,17.9,9.8,0.0,12.9,81,Patna
2019-12-20,18.3,9.7,0.0,12.6,82,Patna
2019-12-21,19.0,9.9,0.0,9.6,85,Patna
2019-12-22,20.3,10.3,0.0,9.4,86,Patna
2019-12-23,19.0,11.9,0.0,10.0,91,Patna
2019-12-24,20.0,11.2,0.0,9.7,86,Patna
2019-12-25,19.0,11.2,0.0,9.7,84,Patna
2019-12-26,18.4,9.6,0.0,9.7,86,Patna
2019-12-27,15.5,7.4,0.0,13.3,83,Patna
2019-12-28,16.7,6.3,0.0,11.1,85,Patna
2019-12-29,16.4,6.7,0.0,10.5,86,Patna
2019-12-30,16.0,5.7,0.0,10.2,87,Patna
2019-12-31,18.6,5.6,0.0,10.0,85,Patna
2020-01-01,20.6,10.1,0.7,7.4,84,Patna
2020-01-02,21.2,13.4,0.0,9.5,86,Patna
2020-01-03,19.3,12.9,2.7,10.6,89,Patna
2020-01-04,19.0,12.8,2.1,9.5,90,Patna
2020-01-05,20.1,12.3,0.2,19.6,83,Patna
2020-01-06,20.1,11.6,0.0,13.2,82,Patna
2020-01-07,20.2,10.8,0.0,9.4,87,Patna
2020-01-08,19.2,12.2,0.6,15.0,86,Patna
2020-01-09,21.2,13.6,3.4,15.8,86,Patna
2020-01-10,17.9,10.9,0.2,18.0,88,Patna
2020-01-11,17.9,9.8,0.0,14.3,81,Patna
2020-01-12,18.0,8.8,0.0,11.9,85,Patna
2020-01-13,18.8,8.7,0.0,10.2,86,Patna
2020-01-14,19.4,10.1,0.0,9.7,88,Patna
2020-01-15,20.1,10.2,0.0,9.5,86,Patna
2020-01-16,22.5,11.9,0.0,13.6,83,Patna
2020-01-17,22.7,15.5,1.0,15.0,85,Patna
2020-01-18,21.7,15.1,0.9,9.6,88,Patna
2020-01-19,20.4,13.0,0.0,14.9,80,Patna
2020-01-20,19.7,11.1,0.0,13.5,80,Patna
2020-01-21,19.3,9.5,0.0,10.1,83,Patna
2020-01-22,19.3,9.1,0.0,9.5,87,Patna
2020-01-23,20.6,10.7,0.0,15.2,79,Patna
2020-01-24,18.8,10.4,0.0,14.8,74,Patna
2020-01-25,19.2,9.7,0.0,12.3,79,Patna
2020-01-26,19.8,9.9,0.0,13.7,79,Patna
2020-01-27,21.4,10.4,0.0,11.2,80,Patna
2020-01-28,19.8,11.3,0.4,13.1,84,Patna
2020-01-29,22.9,14.6,0.1,15.3,85,Patna
2020-01-30,21.5,14.0,0.9,17.5,83,Patna
2020-01-31,20.6,11.5,0.0,12.4,71,Patna
2020-02-01,21.1,9.0,0.0,15.2,68,Patna
2020-02-02,20.7,11.1,0.0,20.8,66,Patna
2020-02-03,20.7,9.3,0.0,12.1,71,Patna
2020-02-04,21.3,9.1,0.0,10.9,71,Patna
2020-02-05,22.5,10.3,0.0,18.1,71,Patna
2020-02-06,21.7,11.2,0.0,12.1,68,Patna
2020-02-07,22.2,10.1,0.0,11.6,69,Patna
2020-02-08,22.6,12.4,0.0,13.6,63,Patna
2020-02-09,21.6,9.3,0.0,12.4,64,Patna
2020-02-10,23.1,10.7,0.0,12.4,69,Patna
2020-02-11,23.1,10.4,0.0,14.0,70,Patna
2020-02-12,22.9,10.5,0.0,15.6,68,Patna
2020-02-13,24.5,11.7,0.0,13.5,71,Patna
2020-02-14,25.2,13.6,0.0,18.4,78,Patna
2020-02-15,24.8,14.2,0.0,14.3,68,Patna
2020-02-16,24.8,11.7,0.0,11.2,72,Patna
2020-02-17,25.8,12.1,0.0,11.4,70,Patna
2020-02-18,26.2,14.9,0.0,14.0,67,Patna
2020-02-19,25.9,11.3,0.0,10.5,62,Patna
2020-02-20,25.3,13.5,0.0,11.3,71,Patna
2020-02-21,28.2,16.0,0.0,18.8,72,Patna
2020-02-22,25.2,18.1,4.4,19.0,70,Patna
2020-02-23,27.2,17.2,0.9,11.1,75,Patna
2020-02-24,23.8,16.7,5.8,13.5,83,Patna
2020-02-25,22.2,16.7,0.0,23.4,85,Patna
2020-02-26,21.4,15.8,4.9,9.6,87,Patna
2020-02-27,23.2,15.0,0.0,7.0,78,Patna
2020-02-28,25.1,14.5,0.0,10.3,76,Patna
2020-02-29,26.3,15.3,0.0,10.1,75,Patna
2020-03-01,27.3,17.9,0.0,10.2,73,Patna
2020-03-02,26.9,17.0,0.0,13.4,78,Patna
2020-03-03,29.0,16.6,0.0,10.3,70,Patna
2020-03-04,28.2,18.8,0.0,13.1,69,Patna
2020-03-05,27.8,18.9,0.1,16.6,72,Patna
2020-03-06,27.8,18.2,1.1,19.7,74,Patna
2020-03-07,26.9,19.0,2.5,16.0,77,Patna
2020-03-08,27.0,16.9,0.0,20.2,69,Patna
2020-03-09,27.0,16.7,0.0,16.6,63,Patna
2020-03-10,27.3,14.9,0.0,10.4,61,Patna
2020-03-11,27.9,17.3,0.0,10.6,66,Patna
2020-03-12,30.0,19.0,0.3,10.1,71,Patna
2020-03-13,24.2,20.6,31.7,14.5,88,Patna
2020-03-14,23.9,18.8,4.1,16.5,89,Patna
2020-03-15,28.5,17.7,0.1,11.6,77,Patna
2020-03-16,28.4,17.1,0.0,15.8,65,Patna
2020-03-17,28.1,16.8,0.0,14.1,64,Patna
2020-03-18,29.7,17.2,0.0,17.5,62,Patna
2020-03-19,31.0,17.1,0.0,15.0,61,Patna
2020-03-20,29.4,17.7,0.0,11.4,58,Patna
2020-03-21,28.8,18.7,2.9,13.9,65,Patna
2020-03-22,28.7,18.6,6.0,12.1,72,Patna
2020-03-23,29.4,19.7,0.1,18.0,67,Patna
2020-03-24,32.0,19.7,0.0,10.1,63,Patna
2020-03-25,32.9,20.4,0.0,18.5,57,Patna
2020-03-26,34.2,21.0,0.0,22.4,50,Patna
2020-03-27,35.6,20.5,0.0,26.6,47,Patna
2020-03-28,33.7,23.7,0.0,27.0,51,Patna
2020-03-29,33.4,22.2,0.0,30.2,42,Patna
2020-03-30,33.5,21.2,0.0,25.5,36,Patna
2020-03-31,33.8,18.5,0.0,19.3,41,Patna
2020-04-01,35.8,19.3,0.0,21.4,43,Patna
2020-04-02,35.8,21.9,0.0,20.8,41,Patna
2020-04-03,34.6,22.1,0.0,25.5,33,Patna
2020-04-04,34.9,19.2,0.0,19.0,35,Patna
2020-04-05,35.2,19.2,0.0,20.8,37,Patna
2020-04-06,36.6,20.9,0.0,29.1,32,Patna
2020-04-07,37.8,22.1,0.0,26.2,30,Patna
2020-04-08,37.7,20.8,0.0,23.8,35,Patna
2020-04-09,36.4,21.0,0.0,27.1,42,Patna
2020-04-10,37.0,21.3,0.0,13.6,40,Patna
2020-04-11,36.2,23.4,0.0,13.8,49,Patna
2020-04-12,36.3,22.3,0.0,17.0,54,Patna
2020-04-13,36.7,24.5,0.0,17.2,55,Patna
2020-04-14,36.2,25.4,0.3,20.8,55,Patna
2020-04-15,35.1,24.9,0.7,18.4,64,Patna
2020-04-16,35.2,24.0,0.1,20.1,65,Patna
2020-04-17,34.5,22.4,0.6,20.6,68,Patna
2020-04-18,34.8,23.4,1.0,20.5,64,Patna
2020-04-19,36.0,23.2,0.4,15.1,61,Patna
2020-04-20,34.3,24.1,0.1,26.0,67,Patna
2020-04-21,28.1,22.5,3.0,22.7,75,Patna
2020-04-22,32.4,20.9,0.0,18.1,64,Patna
2020-04-23,33.3,23.0,0.5,18.4,68,Patna
2020-04-24,30.6,22.6,1.1,18.5,68,Patna
2020-04-25,30.2,22.4,0.0,23.1,73,Patna
2020-04-26,28.9,21.3,26.6,22.7,77,Patna
2020-04-27,28.8,22.1,4.2,17.4,78,Patna
2020-04-28,29.4,23.0,3.2,19.2,78,Patna
2020-04-29,30.2,21.8,0.1,14.3,75,Patna
2020-04-30,31.8,23.6,0.0,14.1,70,Patna
2020-05-01,30.1,22.5,5.7,22.8,79,Patna
2020-05-02,28.3,22.0,5.1,17.9,83,Patna
2020-05-03,31.8,22.3,0.0,12.8,73,Patna
2020-05-04,33.8,24.7,0.2,19.9,68,Patna
2020-05-05,29.9,24.7,9.4,14.1,81,Patna
2020-05-06,31.1,22.2,0.1,22.3,76,Patna
2020-05-07,31.0,23.3,8.6,27.2,83,Patna
2020-05-08,32.1,22.6,0.0,12.8,75,Patna
2020-05-09,33.8,24.2,0.0,17.8,70,Patna
2020-05-10,33.4,25.3,1.4,20.7,70,Patna
2020-05-11,32.0,23.6,5.8,10.6,75,Patna
2020-05-12,31.1,24.6,0.9,15.1,75,Patna
2020-05-13,33.5,25.4,0.5,8.0,71,Patna
2020-05-14,35.8,27.0,0.1,18.6,67,Patna
2020-05-15,34.7,25.4,0.0,18.6,67,Patna
2020-05-16,38.0,27.2,0.0,13.1,59,Patna
2020-05-17,38.5,24.7,0.0,17.2,58,Patna
2020-05-18,38.0,26.6,0.0,15.5,61,Patna
2020-05-19,37.0,28.1,0.0,21.5,63,Patna
2020-05-20,31.1,27.1,0.7,20.8,68,Patna
2020-05-21,31.1,24.3,3.9,18.7,71,Patna
2020-05-22,35.2,24.3,0.0,19.1,66,Patna
2020-05-23,35.9,24.5,0.0,19.1,70,Patna
2020-05-24,38.3,26.7,0.0,13.7,67,Patna
2020-05-25,41.1,27.9,0.0,16.8,62,Patna
2020-05-26,40.5,28.2,0.0,20.6,61,Patna
2020-05-27,34.1,25.6,0.0,29.8,68,Patna
2020-05-28,31.8,24.2,0.1,26.8,69,Patna
2020-05-29,33.9,24.5,1.1,26.2,67,Patna
2020-05-30,34.7,25.1,2.0,23.9,67,Patna
2020-05-31,32.8,25.6,2.0,19.1,73,Patna
2020-06-01,34.2,25.7,2.4,18.4,69,Patna
2020-06-02,35.4,27.2,0.0,18.1,63,Patna
2020-06-03,35.5,27.3,0.1,16.0,60,Patna
2020-06-04,33.3,25.2,0.4,16.3,68,Patna
2020-06-05,29.5,24.6,47.4,26.7,88,Patna
2020-06-06,32.7,24.5,0.4,19.1,76,Patna
2020-06-07,33.5,25.2,0.0,12.9,74,Patna
2020-06-08,34.5,26.2,0.6,12.2,74,Patna
2020-06-09,34.9,27.4,0.0,12.4,71,Patna
2020-06-10,36.0,28.8,0.2,14.1,68,Patna
2020-06-11,35.6,29.0,0.2,16.1,66,Patna
2020-06-12,34.6,27.7,0.8,19.4,72,Patna
2020-06-13,33.0,26.9,1.5,21.9,75,Patna
2020-06-14,33.3,26.0,5.8,21.0,80,Patna
2020-06-15,31.6,25.9,15.3,16.6,87,Patna
2020-06-16,29.8,26.4,9.3,19.5,89,Patna
2020-06-17,32.0,26.0,20.3,19.1,86,Patna
2020-06-18,30.9,26.2,5.2,15.9,87,Patna
2020-06-19,31.7,25.8,29.6,19.5,90,Patna
2020-06-20,31.1,25.6,11.2,22.8,86,Patna
2020-06-21,31.4,26.7,3.9,25.5,83,Patna
2020-06-22,32.5,26.1,24.9,22.2,86,Patna
2020-06-23,32.4,26.6,8.3,24.2,82,Patna
2020-06-24,32.5,27.4,8.5,14.2,81,Patna
2020-06-25,32.4,26.4,35.8,18.5,89,Patna
2020-06-26,30.7,26.0,31.0,19.7,89,Patna
2020-06-27,32.0,25.8,6.1,20.1,86,Patna
2020-06-28,30.0,26.0,29.3,13.2,91,Patna
2020-06-29,29.5,25.5,101.7,12.7,91,Patna
2020-06-30,32.0,26.0,14.0,11.7,87,Patna
2020-07-01,33.3,27.5,4.1,11.0,83,Patna
2015-01-01,26.2,19.7,0.0,13.3,65,Mumbai
2015-01-02,26.3,18.4,0.0,10.9,73,Mumbai
2015-01-03,27.6,19.0,0.0,13.4,74,Mumbai
2015-01-04,30.3,20.1,0.0,14.5,65,Mumbai
2015-01-05,30.4,20.9,0.0,16.5,61,Mumbai
2015-01-06,29.7,20.0,0.0,15.5,66,Mumbai
2015-01-07,28.8,17.7,0.0,15.5,64,Mumbai
2015-01-08,30.0,18.4,0.0,14.3,57,Mumbai
2015-01-09,30.7,19.5,0.0,13.7,51,Mumbai
2015-01-10,30.4,18.0,0.0,15.0,52,Mumbai
2015-01-11,30.2,17.2,0.0,14.7,53,Mumbai
2015-01-12,29.8,18.1,0.0,14.3,54,Mumbai
2015-01-13,28.7,15.6,0.0,14.2,62,Mumbai
2015-01-14,29.0,16.9,0.0,14.1,62,Mumbai
2015-01-15,29.6,17.7,0.0,14.0,60,Mumbai
2015-01-16,29.9,18.0,0.0,13.1,60,Mumbai
2015-01-17,30.5,18.4,0.0,13.6,60,Mumbai
2015-01-18,29.8,18.7,0.0,16.2,58,Mumbai
2015-01-19,28.3,18.6,0.0,15.0,68,Mumbai
2015-01-20,27.6,17.6,0.0,9.2,75,Mumbai
2015-01-21,28.1,18.1,0.0,17.1,74,Mumbai
2015-01-22,26.4,19.7,0.0,18.1,79,Mumbai
2015-01-23,28.0,20.3,0.0,19.6,65,Mumbai
2015-01-24,29.0,21.3,0.0,18.2,61,Mumbai
2015-01-25,29.0,20.1,0.0,19.4,72,Mumbai
2015-01-26,28.3,20.2,0.0,19.9,64,Mumbai
2015-01-27,27.6,19.8,0.0,22.3,59,Mumbai
2015-01-28,28.9,20.1,0.0,19.3,66,Mumbai
2015-01-29,29.0,20.0,0.0,16.0,63,Mumbai
2015-01-30,31.2,21.3,0.0,13.2,59,Mumbai
2015-01-31,31.6,21.3,0.0,13.5,57,Mumbai
2015-02-01,30.7,19.0,0.0,14.8,64,Mumbai
2015-02-02,29.3,18.4,0.0,16.6,67,Mumbai
2015-02-03,31.2,18.8,0.0,15.2,62,Mumbai
2015-02-04,31.1,22.0,0.0,16.6,58,Mumbai
2015-02-05,31.2,18.9,0.0,14.8,64,Mumbai
2015-02-06,29.6,21.6,0.0,15.3,69,Mumbai
2015-02-07,28.8,19.6,0.0,16.8,77,Mumbai
2015-02-08,28.4,18.6,0.0,15.6,70,Mumbai
2015-02-09,30.8,20.3,0.0,16.8,52,Mumbai
2015-02-10,30.3,19.4,0.0,15.6,69,Mumbai
2015-02-11,30.0,20.8,0.0,16.5,71,Mumbai
2015-02-12,30.7,19.8,0.0,17.5,64,Mumbai
2015-02-13,31.1,19.0,0.0,15.6,64,Mumbai
2015-02-14,30.9,19.5,0.0,13.1,67,Mumbai
2015-02-15,30.8,18.5,0.0,14.0,66,Mumbai
2015-02-16,31.0,18.8,0.0,19.9,69,Mumbai
2015-02-17,31.9,19.4,0.0,16.2,67,Mumbai
2015-02-18,29.9,19.6,0.0,15.6,75,Mumbai
2015-02-19,30.4,19.6,0.0,18.7,76,Mumbai
2015-02-20,30.8,18.9,0.0,18.3,73,Mumbai
2015-02-21,34.2,21.1,0.0,14.1,54,Mumbai
2015-02-22,34.2,20.5,0.0,15.8,60,Mumbai
2015-02-23,32.1,22.5,0.0,15.5,67,Mumbai
2015-02-24,31.3,21.9,0.0,17.7,72,Mumbai
2015-02-25,30.6,21.6,0.0,20.7,72,Mumbai
2015-02-26,28.9,20.4,0.0,18.7,66,Mumbai
2015-02-27,28.5,19.3,0.0,15.3,66,Mumbai
2015-02-28,26.8,19.7,6.7,23.8,76,Mumbai
2015-03-01,24.9,20.0,11.0,26.6,81,Mumbai
2015-03-02,25.6,20.9,0.2,15.2,66,Mumbai
2015-03-03,25.9,18.2,0.0,13.9,68,Mumbai
2015-03-04,27.3,18.3,0.0,20.0,68,Mumbai
2015-03-05,29.6,18.1,0.0,15.7,65,Mumbai
2015-03-06,32.3,20.0,0.0,15.9,59,Mumbai
2015-03-07,31.9,19.9,0.0,15.3,59,Mumbai
2015-03-08,31.0,20.2,0.0,19.6,69,Mumbai
2015-03-09,32.7,21.7,0.0,17.4,59,Mumbai
2015-03-10,32.0,21.9,0.0,15.5,62,Mumbai
2015-03-11,33.1,22.6,0.0,11.9,69,Mumbai
2015-03-12,35.1,24.2,0.0,17.9,60,Mumbai
2015-03-13,34.0,25.0,0.3,14.2,57,Mumbai
2015-03-14,31.3,23.6,0.0,19.0,76,Mumbai
2015-03-15,29.5,23.1,0.0,17.5,77,Mumbai
2015-03-16,29.5,23.1,0.0,16.9,68,Mumbai
2015-03-17,32.5,21.1,0.0,20.1,53,Mumbai
2015-03-18,33.9,23.2,0.0,18.7,49,Mumbai
2015-03-19,34.2,20.8,0.0,19.0,57,Mumbai
2015-03-20,34.0,23.1,0.0,16.6,63,Mumbai
2015-03-21,33.6,23.7,0.0,14.0,68,Mumbai
2015-03-22,33.2,24.0,0.0,16.6,75,Mumbai
2015-03-23,33.1,24.9,0.0,15.3,74,Mumbai
2015-03-24,34.3,25.4,0.0,18.5,66,Mumbai
2015-03-25,37.0,24.8,0.0,15.6,62,Mumbai
2015-03-26,32.3,25.5,0.0,19.7,80,Mumbai
2015-03-27,31.9,25.8,0.0,16.4,82,Mumbai
2015-03-28,32.4,24.8,0.0,17.4,79,Mumbai
2015-03-29,33.6,25.2,0.0,22.0,74,Mumbai
2015-03-30,34.2,25.0,0.0,17.4,68,Mumbai
2015-03-31,34.2,23.7,0.0,18.8,54,Mumbai
2015-04-01,32.6,22.1,0.0,17.7,65,Mumbai
2015-04-02,32.6,21.6,0.0,19.3,70,Mumbai
2015-04-03,31.4,22.1,0.0,17.1,72,Mumbai
2015-04-04,31.6,22.2,0.0,17.7,73,Mumbai
2015-04-05,31.0,23.0,0.0,17.1,77,Mumbai
2015-04-06,31.1,23.5,0.0,17.2,73,Mumbai
2015-04-07,31.1,22.4,0.0,17.4,74,Mumbai
2015-04-08,31.0,23.4,0.0,17.8,73,Mumbai
2015-04-09,31.6,24.6,0.0,16.6,74,Mumbai
2015-04-10,30.9,24.8,0.0,18.1,77,Mumbai
2015-04-11,30.8,24.9,0.0,18.4,76,Mumbai
2015-04-12,30.7,24.3,0.0,20.5,75,Mumbai
2015-04-13,30.4,24.6,0.0,18.1,73,Mumbai
2015-04-14,30.5,23.8,1.1,17.9,72,Mumbai
2015-04-15,31.6,23.5,0.0,17.3,74,Mumbai
2015-04-16,33.4,24.9,0.0,17.1,71,Mumbai
2015-04-17,33.6,26.4,0.0,21.7,76,Mumbai
2015-04-18,32.8,25.1,0.0,17.3,78,Mumbai
2015-04-19,34.6,25.0,0.0,19.2,71,Mumbai
2015-04-20,33.1,25.7,0.0,16.2,76,Mumbai
2015-04-21,33.2,26.9,0.0,21.7,79,Mumbai
2015-04-22,32.1,27.3,0.0,19.6,81,Mumbai
2015-04-23,32.1,26.9,0.0,17.7,76,Mumbai
2015-04-24,32.3,25.8,0.0,19.2,74,Mumbai
2015-04-25,32.0,25.6,0.0,16.9,72,Mumbai
2015-04-26,31.7,24.6,0.0,17.4,72,Mumbai
2015-04-27,32.8,26.1,0.0,18.4,74,Mumbai
2015-04-28,32.4,25.5,0.0,17.4,75,Mumbai
2015-04-29,32.6,26.1,0.0,18.3,76,Mumbai
2015-04-30,32.3,25.1,0.0,17.1,76,Mumbai
2015-05-01,32.5,26.1,0.0,15.2,75,Mumbai
2015-05-02,32.3,24.5,0.0,18.6,78,Mumbai
2015-05-03,32.4,25.8,0.0,17.9,78,Mumbai
2015-05-04,33.2,25.0,0.0,20.1,75,Mumbai
2015-05-05,33.3,25.3,0.0,16.2,74,Mumbai
2015-05-06,34.2,27.2,0.0,18.5,69,Mumbai
2015-05-07,33.6,26.9,0.0,18.3,73,Mumbai
2015-05-08,33.8,26.6,0.0,19.2,74,Mumbai
2015-05-09,34.8,27.6,0.0,21.7,70,Mumbai
2015-05-10,34.4,27.7,0.0,22.0,71,Mumbai
2015-05-11,33.8,25.9,0.0,20.4,75,Mumbai
2015-05-12,33.1,27.1,0.0,20.6,75,Mumbai
2015-05-13,32.7,26.9,0.0,19.1,74,Mumbai
2015-05-14,34.0,27.3,0.3,20.0,73,Mumbai
2015-05-15,35.0,28.2,0.0,23.1,71,Mumbai
2015-05-16,34.1,27.5,0.0,20.1,76,Mumbai
2015-05-17,33.8,27.7,0.0,19.5,77,Mumbai
2015-05-18,33.7,27.0,0.0,19.8,75,Mumbai
2015-05-19,33.0,26.9,0.0,18.2,75,Mumbai
2015-05-20,33.0,27.1,0.0,19.5,71,Mumbai
2015-05-21,32.8,27.9,0.0,18.4,72,Mumbai
2015-05-22,33.1,28.1,0.0,19.1,71,Mumbai
2015-05-23,33.4,28.8,0.0,21.0,70,Mumbai
2015-05-24,33.0,28.8,0.0,19.9,70,Mumbai
2015-05-25,32.9,28.6,0.1,18.6,70,Mumbai
2015-05-26,33.1,28.3,0.0,18.4,69,Mumbai
2015-05-27,33.2,27.9,0.0,19.8,67,Mumbai
2015-05-28,33.6,28.0,0.0,19.5,68,Mumbai
2015-05-29,33.9,27.7,0.0,22.0,71,Mumbai
2015-05-30,33.6,28.1,0.0,17.9,72,Mumbai
2015-05-31,33.1,28.0,0.0,19.1,75,Mumbai
2015-06-01,32.3,27.9,0.0,22.1,72,Mumbai
2015-06-02,33.0,28.2,0.0,19.2,64,Mumbai
2015-06-03,33.4,27.7,0.0,18.8,66,Mumbai
2015-06-04,34.3,27.5,0.0,22.7,69,Mumbai
2015-06-05,34.2,26.9,2.6,19.9,73,Mumbai
2015-06-06,33.4,27.6,0.2,13.7,74,Mumbai
2015-06-07,33.4,28.2,3.0,19.1,74,Mumbai
2015-06-08,32.3,27.5,3.7,25.9,76,Mumbai
2015-06-09,32.4,26.8,4.6,23.2,78,Mumbai
2015-06-10,30.6,26.1,9.8,22.7,84,Mumbai
2015-06-11,30.0,26.7,9.2,19.9,85,Mumbai
2015-06-12,29.9,26.3,13.6,17.8,87,Mumbai
2015-06-13,27.2,26.1,35.2,13.5,92,Mumbai
2015-06-14,26.8,25.8,110.4,15.5,93,Mumbai
2015-06-15,26.8,25.7,37.2,15.1,93,Mumbai
2015-06-16,26.8,25.5,39.4,21.6,92,Mumbai
2015-06-17,28.8,26.0,15.5,21.4,87,Mumbai
2015-06-18,28.6,26.1,24.8,25.9,89,Mumbai
2015-06-19,27.3,25.8,56.7,28.8,93,Mumbai
2015-06-20,27.9,25.8,50.4,29.1,91,Mumbai
2015-06-21,28.1,26.2,56.6,36.0,91,Mumbai
2015-06-22,27.4,26.3,37.1,34.1,90,Mumbai
2015-06-23,28.1,25.7,65.2,40.0,90,Mumbai
2015-06-24,28.7,26.9,47.5,40.2,88,Mumbai
2015-06-25,29.2,27.1,6.9,31.1,86,Mumbai
2015-06-26,29.1,27.1,5.3,28.3,85,Mumbai
2015-06-27,29.5,26.4,5.7,25.6,85,Mumbai
2015-06-28,29.6,26.9,5.2,21.9,85,Mumbai
2015-06-29,29.1,26.7,5.0,19.1,86,Mumbai
2015-06-30,29.0,25.4,4.0,16.3,87,Mumbai
2015-07-01,29.4,26.2,3.2,15.9,85,Mumbai
2015-07-02,29.5,26.3,3.0,16.9,86,Mumbai
2015-07-03,29.4,26.4,2.8,19.3,86,Mumbai
2015-07-04,29.3,26.8,4.2,24.3,83,Mumbai
2015-07-05,29.4,27.0,3.8,26.1,82,Mumbai
2015-07-06,29.2,27.1,6.2,31.2,81,Mumbai
2015-07-07,28.8,27.1,7.1,29.8,83,Mumbai
2015-07-08,29.3,27.0,5.6,25.3,86,Mumbai
2015-07-09,28.9,26.5,2.7,22.8,87,Mumbai
2015-07-10,28.3,26.0,4.8,23.6,87,Mumbai
2015-07-11,28.8,26.6,5.0,25.8,85,Mumbai
2015-07-12,28.5,26.2,4.3,23.7,86,Mumbai
2015-07-13,29.1,25.7,3.0,16.2,86,Mumbai
2015-07-14,29.4,26.0,2.0,15.3,85,Mumbai
2015-07-15,29.4,25.8,4.8,17.4,83,Mumbai
2015-07-16,28.6,26.4,5.0,22.5,86,Mumbai
2015-07-17,28.6,26.5,5.0,23.1,85,Mumbai
2015-07-18,29.4,26.4,8.8,22.4,86,Mumbai
2015-07-19,29.0,26.2,11.2,23.1,86,Mumbai
2015-07-20,27.4,25.8,12.1,21.9,90,Mumbai
2015-07-21,27.8,25.8,22.6,19.1,90,Mumbai
2015-07-22,27.6,25.6,19.6,18.9,91,Mumbai
2015-07-23,27.9,25.6,18.5,21.1,91,Mumbai
2015-07-24,28.0,25.8,15.9,23.1,91,Mumbai
2015-07-25,28.7,25.9,6.0,22.9,88,Mumbai
2015-07-26,27.5,25.5,9.8,26.3,88,Mumbai
2015-07-27,26.9,25.8,16.5,29.2,89,Mumbai
2015-07-28,28.1,25.6,16.0,32.8,85,Mumbai
2015-07-29,26.9,25.6,18.9,26.9,89,Mumbai
2015-07-30,27.8,25.9,6.9,23.2,85,Mumbai
2015-07-31,27.8,25.4,8.9,21.4,88,Mumbai
2015-08-01,28.1,25.6,6.0,19.7,87,Mumbai
2015-08-02,28.5,26.3,3.3,19.6,84,Mumbai
2015-08-03,28.3,26.1,3.4,21.0,84,Mumbai
2015-08-04,27.8,26.1,4.8,24.1,84,Mumbai
2015-08-05,26.8,25.1,11.6,21.4,90,Mumbai
2015-08-06,27.0,25.4,7.8,18.1,90,Mumbai
2015-08-07,28.6,25.8,6.6,20.3,87,Mumbai
2015-08-08,28.6,25.6,6.0,15.9,87,Mumbai
2015-08-09,27.6,25.5,5.6,14.7,89,Mumbai
2015-08-10,27.9,25.2,4.6,17.4,88,Mumbai
2015-08-11,28.2,25.6,1.7,15.9,87,Mumbai
2015-08-12,27.6,25.3,6.0,14.4,89,Mumbai
2015-08-13,27.2,25.4,6.0,15.5,89,Mumbai
2015-08-14,27.3,25.1,7.9,18.9,91,Mumbai
2015-08-15,28.0,25.0,6.4,18.6,90,Mumbai
2015-08-16,28.2,25.1,4.4,16.7,90,Mumbai
2015-08-17,28.1,25.0,5.9,16.1,89,Mumbai
2015-08-18,29.0,25.3,1.8,14.6,86,Mumbai
2015-08-19,29.5,25.2,0.8,14.2,86,Mumbai
2015-08-20,29.1,25.3,2.8,17.5,85,Mumbai
2015-08-21,29.2,26.1,2.7,18.5,83,Mumbai
2015-08-22,28.2,26.4,5.4,21.1,86,Mumbai
2015-08-23,28.3,25.8,6.3,17.9,87,Mumbai
2015-08-24,29.2,26.2,3.4,18.8,83,Mumbai
2015-08-25,26.7,25.4,7.2,12.6,89,Mumbai
2015-08-26,28.9,25.9,4.4,15.2,85,Mumbai
2015-08-27,29.0,25.4,4.4,14.1,85,Mumbai
2015-08-28,28.0,25.6,3.0,13.5,88,Mumbai
2015-08-29,28.2,25.1,4.6,15.0,90,Mumbai
2015-08-30,27.9,25.0,6.8,15.1,90,Mumbai
2015-08-31,27.6,24.9,3.7,14.8,90,Mumbai
2015-09-01,28.3,24.7,2.6,16.7,88,Mumbai
2015-09-02,28.1,24.8,2.3,13.6,87,Mumbai
2015-09-03,29.0,24.1,0.6,12.9,86,Mumbai
2015-09-04,29.9,24.4,0.0,12.6,81,Mumbai
2015-09-05,30.1,24.1,0.0,16.1,81,Mumbai
2015-09-06,29.5,24.5,0.0,15.3,82,Mumbai
2015-09-07,29.2,25.3,0.6,12.0,84,Mumbai
2015-09-08,29.3,24.8,1.2,12.3,82,Mumbai
2015-09-09,28.5,25.7,9.0,12.0,85,Mumbai
2015-09-10,28.8,25.2,7.8,13.6,87,Mumbai
2015-09-11,30.1,25.6,6.4,13.4,86,Mumbai
2015-09-12,28.9,25.2,18.2,13.5,88,Mumbai
2015-09-13,29.0,25.2,14.8,14.3,89,Mumbai
2015-09-14,27.6,25.6,18.6,13.6,90,Mumbai
2015-09-15,28.7,25.4,20.8,15.5,89,Mumbai
2015-09-16,28.8,25.4,9.8,14.3,88,Mumbai
2015-09-17,28.8,26.3,5.1,15.8,85,Mumbai
2015-09-18,28.0,26.9,14.5,23.8,85,Mumbai
2015-09-19,29.3,26.7,13.5,25.0,83,Mumbai
2015-09-20,27.3,25.8,7.2,21.4,88,Mumbai
2015-09-21,27.3,25.2,4.4,27.2,89,Mumbai
2015-09-22,28.8,25.1,2.7,19.1,88,Mumbai
2015-09-23,28.8,25.2,0.3,14.9,87,Mumbai
2015-09-24,29.3,24.2,0.0,12.1,86,Mumbai
2015-09-25,29.1,25.0,0.5,14.5,82,Mumbai
2015-09-26,29.3,23.0,0.0,11.0,77,Mumbai
2015-09-27,29.9,22.6,0.0,14.3,81,Mumbai
2015-09-28,31.2,24.5,0.0,14.8,81,Mumbai
2015-09-29,33.0,25.5,0.0,14.0,78,Mumbai
2015-09-30,33.8,26.6,0.0,13.8,71,Mumbai
2015-10-01,33.4,26.1,0.0,13.0,74,Mumbai
2015-10-02,30.7,26.4,4.4,14.8,84,Mumbai
2015-10-03,28.8,26.3,10.4,11.0,87,Mumbai
2015-10-04,29.0,25.6,21.0,7.9,89,Mumbai
2015-10-05,31.2,25.4,11.2,12.5,87,Mumbai
2015-10-06,32.6,25.5,0.0,14.6,84,Mumbai
2015-10-07,31.7,24.9,0.0,11.8,81,Mumbai
2015-10-08,31.4,26.3,0.0,12.3,86,Mumbai
2015-10-09,30.7,27.3,0.6,12.8,85,Mumbai
2015-10-10,30.8,26.7,0.1,14.0,82,Mumbai
2015-10-11,30.6,25.8,6.9,13.2,82,Mumbai
2015-10-12,30.4,25.3,0.0,11.5,81,Mumbai
2015-10-13,31.0,25.3,0.3,8.2,84,Mumbai
2015-10-14,33.0,26.1,0.0,13.7,85,Mumbai
2015-10-15,34.2,26.1,0.0,11.7,76,Mumbai
2015-10-16,34.1,24.1,0.0,12.5,72,Mumbai
2015-10-17,33.5,25.3,0.0,10.5,74,Mumbai
2015-10-18,32.6,25.9,0.2,11.6,80,Mumbai
2015-10-19,33.8,26.4,0.0,11.8,78,Mumbai
2015-10-20,33.3,26.3,0.0,12.9,76,Mumbai
2015-10-21,33.6,25.5,0.0,11.9,75,Mumbai
2015-10-22,34.2,27.2,0.0,10.2,69,Mumbai
2015-10-23,33.9,27.0,0.2,11.0,69,Mumbai
2015-10-24,33.6,26.3,0.0,8.5,74,Mumbai
2015-10-25,33.2,27.6,0.0,7.4,75,Mumbai
2015-10-26,33.5,27.6,0.0,16.2,67,Mumbai
2015-10-27,32.5,26.8,0.0,9.0,71,Mumbai
2015-10-28,33.0,24.8,0.0,11.5,73,Mumbai
2015-10-29,32.6,25.2,0.0,13.8,66,Mumbai
2015-10-30,32.5,24.8,0.0,14.3,61,Mumbai
2015-10-31,33.2,23.8,0.0,15.2,68,Mumbai
2015-11-01,33.1,24.9,0.0,13.9,66,Mumbai
2015-11-02,33.7,25.0,0.0,14.9,64,Mumbai
2015-11-03,32.3,23.8,0.0,14.3,70,Mumbai
2015-11-04,32.5,23.9,0.0,13.0,75,Mumbai
2015-11-05,31.8,24.2,0.0,14.1,80,Mumbai
2015-11-06,33.5,24.3,0.0,13.5,72,Mumbai
2015-11-07,34.0,25.9,0.0,15.0,54,Mumbai
2015-11-08,33.4,25.5,0.0,16.6,59,Mumbai
2015-11-09,33.4,24.2,0.0,13.7,63,Mumbai
2015-11-10,33.2,24.4,0.0,15.1,62,Mumbai
2015-11-11,33.6,24.2,0.0,15.0,60,Mumbai
2015-11-12,34.2,24.6,0.0,14.1,58,Mumbai
2015-11-13,33.6,23.2,0.0,15.3,63,Mumbai
2015-11-14,33.5,23.9,0.0,17.9,60,Mumbai
2015-11-15,33.6,23.2,0.0,16.2,60,Mumbai
2015-11-16,33.3,24.2,0.0,16.7,57,Mumbai
2015-11-17,33.0,23.8,0.0,16.7,59,Mumbai
2015-11-18,33.3,23.8,0.0,15.0,55,Mumbai
2015-11-19,32.7,23.1,0.0,14.9,53,Mumbai
2015-11-20,33.3,23.4,0.0,15.9,53,Mumbai
2015-11-21,32.0,25.7,4.3,11.4,68,Mumbai
2015-11-22,30.6,24.7,5.0,11.2,82,Mumbai
2015-11-23,31.2,25.2,3.3,9.8,80,Mumbai
2015-11-24,31.3,25.6,0.4,7.4,77,Mumbai
2015-11-25,31.3,25.3,1.0,7.6,79,Mumbai
2015-11-26,32.4,25.9,0.0,12.1,75,Mumbai
2015-11-27,31.6,25.8,0.0,15.5,67,Mumbai
2015-11-28,30.4,23.7,0.0,12.8,53,Mumbai
2015-11-29,31.9,24.1,0.0,11.8,62,Mumbai
2015-11-30,32.0,23.5,0.0,11.2,70,Mumbai
2015-12-01,32.5,23.1,0.0,10.7,72,Mumbai
2015-12-02,32.5,24.8,0.0,13.8,66,Mumbai
2015-12-03,32.2,24.5,0.0,14.1,63,Mumbai
2015-12-04,32.8,23.8,0.0,13.7,61,Mumbai
2015-12-05,32.5,22.7,0.0,14.8,60,Mumbai
2015-12-06,32.7,23.0,0.0,13.7,59,Mumbai
2015-12-07,32.4,22.7,0.0,13.5,57,Mumbai
2015-12-08,32.5,22.1,0.0,10.8,58,Mumbai
2015-12-09,31.5,20.9,0.0,11.4,65,Mumbai
2015-12-10,30.6,21.2,0.0,14.2,70,Mumbai
2015-12-11,29.1,21.5,0.0,10.1,74,Mumbai
2015-12-12,29.7,22.4,0.0,12.2,58,Mumbai
2015-12-13,30.0,22.3,0.0,13.5,51,Mumbai
2015-12-14,30.4,22.6,0.0,13.3,56,Mumbai
2015-12-15,31.3,22.3,0.0,14.0,64,Mumbai
2015-12-16,30.0,22.2,0.0,14.4,66,Mumbai
2015-12-17,30.2,21.7,0.0,18.8,48,Mumbai
2015-12-18,30.7,21.1,0.0,15.0,48,Mumbai
2015-12-19,30.5,19.8,0.0,13.4,68,Mumbai
2015-12-20,29.8,20.2,0.0,12.5,72,Mumbai
2015-12-21,29.8,21.8,0.0,15.0,53,Mumbai
2015-12-22,27.9,18.4,0.0,15.0,55,Mumbai
2015-12-23,28.4,19.1,0.0,16.4,53,Mumbai
2015-12-24,29.8,19.2,0.0,15.5,46,Mumbai
2015-12-25,30.2,19.8,0.0,16.0,43,Mumbai
2015-12-26,29.3,18.2,0.0,14.4,48,Mumbai
2015-12-27,29.8,17.6,0.0,13.8,53,Mumbai
2015-12-28,31.3,18.8,0.0,14.1,54,Mumbai
2015-12-29,32.6,19.3,0.0,12.6,53,Mumbai
2015-12-30,32.7,18.8,0.0,12.0,55,Mumbai
2015-12-31,33.5,19.2,0.0,13.2,56,Mumbai
2016-01-01,32.9,19.8,0.0,12.3,57,Mumbai
2016-01-02,31.5,19.7,0.0,11.2,60,Mumbai
2016-01-03,30.8,17.9,0.0,12.6,65,Mumbai
2016-01-04,31.5,18.4,0.0,12.0,62,Mumbai
2016-01-05,31.1,18.6,0.0,12.3,62,Mumbai
2016-01-06,30.7,19.0,0.0,11.6,65,Mumbai
2016-01-07,30.1,20.0,0.0,14.7,71,Mumbai
2016-01-08,30.7,20.3,0.0,13.0,66,Mumbai
2016-01-09,30.8,21.7,0.0,15.8,52,Mumbai
2016-01-10,30.8,19.0,0.0,15.6,57,Mumbai
2016-01-11,30.8,19.3,0.0,13.9,62,Mumbai
2016-01-12,28.4,19.8,0.0,15.8,75,Mumbai
2016-01-13,28.4,18.6,0.0,15.5,73,Mumbai
2016-01-14,26.9,19.1,0.0,14.8,71,Mumbai
2016-01-15,26.9,18.1,0.0,15.1,74,Mumbai
2016-01-16,26.6,19.1,0.0,13.3,71,Mumbai
2016-01-17,26.6,17.6,0.0,12.6,74,Mumbai
2016-01-18,26.6,18.7,0.0,12.9,71,Mumbai
2016-01-19,27.1,17.5,0.0,13.0,63,Mumbai
2016-01-20,27.7,17.7,0.0,17.9,51,Mumbai
2016-01-21,29.3,18.7,0.0,18.1,49,Mumbai
2016-01-22,29.9,19.1,0.0,17.1,48,Mumbai
2016-01-23,31.3,19.3,0.0,14.8,49,Mumbai
2016-01-24,30.5,19.8,0.0,13.4,51,Mumbai
2016-01-25,29.1,17.1,0.0,15.0,58,Mumbai
2016-01-26,28.2,16.6,0.0,15.5,59,Mumbai
2016-01-27,28.0,16.0,0.0,14.1,68,Mumbai
2016-01-28,30.3,18.4,0.0,13.8,64,Mumbai
2016-01-29,31.0,18.6,0.0,15.2,70,Mumbai
2016-01-30,31.5,20.3,0.0,16.8,68,Mumbai
2016-01-31,31.5,21.1,0.0,20.1,63,Mumbai
2016-02-01,30.9,21.0,0.0,16.1,62,Mumbai
2016-02-02,30.9,20.0,0.0,15.3,62,Mumbai
2016-02-03,31.0,19.6,0.0,16.1,57,Mumbai
2016-02-04,29.8,17.5,0.0,16.9,64,Mumbai
2016-02-05,27.8,20.3,0.0,13.7,75,Mumbai
2016-02-06,26.8,18.7,0.0,11.2,77,Mumbai
2016-02-07,26.8,17.1,0.0,12.9,72,Mumbai
2016-02-08,29.3,16.8,0.0,15.9,69,Mumbai
2016-02-09,29.7,19.6,0.0,14.8,71,Mumbai
2016-02-10,28.7,21.3,0.0,11.4,77,Mumbai
2016-02-11,27.0,20.2,0.0,15.2,78,Mumbai
2016-02-12,26.3,18.3,0.0,14.9,75,Mumbai
2016-02-13,27.6,17.1,0.0,19.2,70,Mumbai
2016-02-14,30.2,19.5,0.0,17.3,58,Mumbai
2016-02-15,30.3,21.1,0.0,17.8,50,Mumbai
2016-02-16,30.5,20.5,0.0,16.2,64,Mumbai
2016-02-17,28.8,21.5,0.0,17.7,77,Mumbai
2016-02-18,30.6,20.3,0.0,21.1,74,Mumbai
2016-02-19,29.4,22.8,0.0,19.9,78,Mumbai
2016-02-20,30.6,22.7,0.0,17.6,71,Mumbai
2016-02-21,31.5,24.3,0.0,19.1,56,Mumbai
2016-02-22,30.8,22.9,0.0,16.8,50,Mumbai
2016-02-23,31.1,19.8,0.0,14.2,64,Mumbai
2016-02-24,28.7,20.2,0.0,17.0,78,Mumbai
2016-02-25,28.8,19.4,0.0,13.5,78,Mumbai
2016-02-26,30.3,19.9,0.0,13.1,73,Mumbai
2016-02-27,31.8,22.1,0.0,15.5,73,Mumbai
2016-02-28,30.6,22.8,0.0,15.7,81,Mumbai
2016-02-29,31.3,22.3,0.0,13.1,77,Mumbai
2016-03-01,32.9,22.3,0.1,17.5,76,Mumbai
2016-03-02,32.4,24.1,0.6,13.1,79,Mumbai
2016-03-03,33.6,23.7,0.0,15.3,74,Mumbai
2016-03-04,34.3,24.1,0.0,12.7,67,Mumbai
2016-03-05,32.4,23.9,0.0,18.4,67,Mumbai
2016-03-06,31.8,21.7,0.0,17.0,68,Mumbai
2016-03-07,32.6,21.5,0.0,17.9,65,Mumbai
2016-03-08,33.1,23.4,0.0,18.6,56,Mumbai
2016-03-09,32.5,23.6,0.0,16.6,60,Mumbai
2016-03-10,34.3,22.7,0.0,17.9,59,Mumbai
2016-03-11,34.3,24.3,0.0,17.7,64,Mumbai
2016-03-12,31.4,23.6,0.0,19.3,70,Mumbai
2016-03-13,29.3,22.3,0.0,16.8,73,Mumbai
2016-03-14,29.8,21.7,0.0,20.3,74,Mumbai
2016-03-15,31.2,22.2,0.0,19.8,68,Mumbai
2016-03-16,30.4,23.0,0.0,18.7,75,Mumbai
2016-03-17,30.8,22.6,0.0,14.8,78,Mumbai
2016-03-18,32.3,23.1,0.0,17.5,74,Mumbai
2016-03-19,35.0,23.3,0.0,19.2,62,Mumbai
2016-03-20,34.9,24.5,0.0,19.2,57,Mumbai
2016-03-21,33.5,23.6,0.0,16.5,64,Mumbai
2016-03-22,33.4,21.8,0.0,20.4,62,Mumbai
2016-03-23,35.9,23.7,0.0,17.5,50,Mumbai
2016-03-24,32.1,24.2,0.0,14.5,74,Mumbai
2016-03-25,31.3,23.8,0.0,17.8,80,Mumbai
2016-03-26,32.0,23.3,0.0,16.5,77,Mumbai
2016-03-27,33.9,25.9,0.2,16.9,68,Mumbai
2016-03-28,34.3,24.0,0.0,15.8,66,Mumbai
2016-03-29,32.5,22.8,0.0,16.2,72,Mumbai
2016-03-30,32.2,23.1,0.0,16.7,75,Mumbai
2016-03-31,33.0,23.1,0.0,18.3,73,Mumbai
2016-04-01,31.8,23.0,0.0,17.9,75,Mumbai
2016-04-02,31.3,23.3,0.0,18.0,76,Mumbai
2016-04-03,31.6,24.9,0.0,18.9,78,Mumbai
2016-04-04,32.8,25.5,0.0,21.1,73,Mumbai
2016-04-05,32.2,25.9,0.0,16.4,75,Mumbai
2016-04-06,32.3,24.6,0.0,20.8,70,Mumbai
2016-04-07,33.0,23.4,0.2,20.7,70,Mumbai
2016-04-08,34.7,23.7,0.0,21.6,59,Mumbai
2016-04-09,34.7,24.7,0.0,22.5,60,Mumbai
2016-04-10,34.3,24.9,0.0,20.3,68,Mumbai
2016-04-11,34.8,24.8,0.0,21.4,66,Mumbai
2016-04-12,34.8,24.5,0.0,21.5,65,Mumbai
2016-04-13,33.4,24.2,0.0,18.5,74,Mumbai
2016-04-14,32.2,24.5,0.0,21.1,76,Mumbai
2016-04-15,33.5,23.7,0.0,20.0,73,Mumbai
2016-04-16,32.4,23.9,0.0,21.0,77,Mumbai
2016-04-17,31.9,23.5,0.0,17.2,76,Mumbai
2016-04-18,33.2,25.1,0.0,19.9,75,Mumbai
2016-04-19,33.3,25.2,0.0,19.2,74,Mumbai
2016-04-20,32.8,26.6,0.0,20.3,72,Mumbai
2016-04-21,31.9,25.8,0.0,17.9,75,Mumbai
2016-04-22,31.0,24.9,0.0,16.6,75,Mumbai
2016-04-23,31.6,25.8,0.0,16.2,70,Mumbai
2016-04-24,31.2,25.5,0.0,17.3,73,Mumbai
2016-04-25,31.5,24.6,0.0,17.4,72,Mumbai
2016-04-26,33.4,24.0,0.0,19.2,71,Mumbai
2016-04-27,37.0,24.9,0.0,22.7,61,Mumbai
2016-04-28,35.1,26.2,0.0,18.4,67,Mumbai
2016-04-29,32.7,25.0,0.0,17.3,78,Mumbai
2016-04-30,32.7,25.4,0.0,18.0,76,Mumbai
2016-05-01,32.5,25.3,0.0,18.1,77,Mumbai
2016-05-02,33.1,26.4,0.0,18.7,75,Mumbai
2016-05-03,33.3,26.5,0.0,20.1,76,Mumbai
2016-05-04,32.9,25.2,0.0,19.1,77,Mumbai
2016-05-05,32.6,26.3,0.0,20.4,73,Mumbai
2016-05-06,32.5,25.9,0.0,20.7,73,Mumbai
2016-05-07,32.6,26.3,0.0,19.9,72,Mumbai
2016-05-08,32.7,26.6,0.0,18.1,75,Mumbai
2016-05-09,32.9,26.8,0.0,21.0,75,Mumbai
2016-05-10,32.9,26.7,0.0,17.1,76,Mumbai
2016-05-11,33.2,26.8,0.0,18.4,76,Mumbai
2016-05-12,33.2,27.2,0.0,19.6,76,Mumbai
2016-05-13,33.0,27.1,0.0,17.7,78,Mumbai
2016-05-14,33.3,27.9,0.0,18.9,75,Mumbai
2016-05-15,33.8,27.1,0.0,19.2,79,Mumbai
2016-05-16,33.5,27.1,0.0,20.0,78,Mumbai
2016-05-17,33.7,27.6,0.0,20.2,76,Mumbai
2016-05-18,33.1,27.2,0.0,20.0,77,Mumbai
2016-05-19,33.2,28.5,0.0,19.3,76,Mumbai
2016-05-20,32.7,28.8,0.1,20.6,75,Mumbai
2016-05-21,33.1,28.5,0.1,21.4,73,Mumbai
2016-05-22,33.1,28.5,0.0,21.0,74,Mumbai
2016-05-23,33.1,28.8,0.3,20.6,74,Mumbai
2016-05-24,33.0,28.5,0.4,19.5,77,Mumbai
2016-05-25,32.8,27.9,1.4,20.9,78,Mumbai
2016-05-26,32.9,27.6,2.8,18.9,78,Mumbai
2016-05-27,32.9,28.0,1.0,17.2,77,Mumbai
2016-05-28,32.5,28.4,1.4,19.1,77,Mumbai
2016-05-29,32.3,28.2,1.3,20.7,78,Mumbai
2016-05-30,32.8,28.0,2.4,17.5,76,Mumbai
2016-05-31,32.8,27.8,2.0,18.3,76,Mumbai
2016-06-01,33.3,28.0,0.7,19.2,74,Mumbai
2016-06-02,33.7,28.7,0.2,19.5,71,Mumbai
2016-06-03,34.1,28.7,0.0,22.6,71,Mumbai
2016-06-04,33.9,28.9,0.2,20.4,71,Mumbai
2016-06-05,33.1,29.6,0.0,19.6,71,Mumbai
2016-06-06,32.9,29.4,0.0,16.6,73,Mumbai
2016-06-07,33.7,29.1,0.0,18.4,73,Mumbai
2016-06-08,33.7,29.3,0.0,18.7,71,Mumbai
2016-06-09,33.9,29.3,0.4,19.8,72,Mumbai
2016-06-10,33.2,29.1,3.4,19.8,74,Mumbai
2016-06-11,29.8,27.0,8.2,21.8,85,Mumbai
2016-06-12,31.1,26.7,7.5,20.4,86,Mumbai
2016-06-13,32.2,27.7,4.1,20.3,78,Mumbai
2016-06-14,31.5,28.0,5.2,25.4,78,Mumbai
2016-06-15,30.6,28.0,5.5,24.1,81,Mumbai
2016-06-16,31.5,27.5,2.7,23.6,79,Mumbai
2016-06-17,31.4,27.8,4.6,19.8,78,Mumbai
2016-06-18,31.4,27.4,3.3,19.0,81,Mumbai
2016-06-19,29.2,27.4,7.7,15.1,83,Mumbai
2016-06-20,27.2,25.3,29.0,20.3,88,Mumbai
2016-06-21,29.3,25.7,40.9,16.6,88,Mumbai
2016-06-22,29.6,26.1,24.0,19.3,84,Mumbai
2016-06-23,29.2,26.1,22.5,20.9,87,Mumbai
2016-06-24,29.3,25.8,47.7,19.7,89,Mumbai
2016-06-25,27.1,25.8,82.0,23.8,92,Mumbai
2016-06-26,27.7,25.6,39.3,21.7,92,Mumbai
2016-06-27,27.3,25.6,35.7,18.9,92,Mumbai
2016-06-28,27.6,25.8,53.0,18.7,91,Mumbai
2016-06-29,26.8,25.8,40.9,18.3,92,Mumbai
2016-06-30,28.1,26.1,33.6,21.7,91,Mumbai
2016-07-01,28.4,26.0,41.8,24.5,90,Mumbai
2016-07-02,26.8,26.3,42.5,28.1,92,Mumbai
2016-07-03,27.7,26.1,28.8,23.9,91,Mumbai
2016-07-04,27.4,26.2,53.6,22.2,93,Mumbai
2016-07-05,27.1,25.9,17.0,21.7,91,Mumbai
2016-07-06,28.2,25.8,7.0,19.7,89,Mumbai
2016-07-07,28.4,26.6,5.3,20.3,87,Mumbai
2016-07-08,28.5,26.6,6.4,24.0,86,Mumbai
2016-07-09,27.4,26.2,28.2,25.3,91,Mumbai
2016-07-10,28.0,26.1,27.3,26.3,89,Mumbai
2016-07-11,27.3,25.7,24.7,23.2,91,Mumbai
2016-07-12,26.6,25.1,21.3,21.6,92,Mumbai
2016-07-13,27.5,25.2,13.6,24.5,91,Mumbai
2016-07-14,28.0,25.0,10.7,22.4,91,Mumbai
2016-07-15,27.9,25.6,5.5,19.3,89,Mumbai
2016-07-16,28.2,25.3,11.8,23.7,90,Mumbai
2016-07-17,27.6,25.2,11.3,21.3,91,Mumbai
2016-07-18,27.0,25.3,18.9,18.4,91,Mumbai
2016-07-19,26.0,25.4,26.5,16.8,92,Mumbai
2016-07-20,27.1,25.3,14.3,20.2,89,Mumbai
2016-07-21,26.8,25.0,11.1,14.5,91,Mumbai
2016-07-22,26.8,25.0,15.4,13.8,92,Mumbai
2016-07-23,27.0,24.9,11.2,18.7,90,Mumbai
2016-07-24,27.5,25.1,9.7,14.0,90,Mumbai
2016-07-25,27.7,25.4,9.9,14.8,90,Mumbai
2016-07-26,27.4,25.2,9.4,10.1,91,Mumbai
2016-07-27,26.5,25.2,14.7,11.9,92,Mumbai
2016-07-28,26.3,25.1,29.0,9.7,93,Mumbai
2016-07-29,26.8,25.1,69.4,11.2,93,Mumbai
2016-07-30,26.5,25.1,31.4,16.1,92,Mumbai
2016-07-31,26.3,25.1,60.0,20.6,93,Mumbai
2016-08-01,26.0,25.4,55.1,26.0,92,Mumbai
2016-08-02,27.2,25.6,61.5,32.3,88,Mumbai
2016-08-03,26.6,25.3,44.8,31.7,89,Mumbai
2016-08-04,26.7,25.0,18.1,26.0,89,Mumbai
2016-08-05,26.7,25.0,37.1,30.6,93,Mumbai
2016-08-06,26.4,25.2,15.3,28.7,90,Mumbai
2016-08-07,27.4,25.5,12.7,27.6,89,Mumbai
2016-08-08,27.3,25.1,14.7,26.1,89,Mumbai
2016-08-09,27.9,25.4,15.6,29.3,90,Mumbai
2016-08-10,26.7,25.1,23.3,26.6,92,Mumbai
2016-08-11,27.9,25.4,13.2,22.9,89,Mumbai
2016-08-12,27.4,25.4,7.9,19.1,89,Mumbai
2016-08-13,28.1,25.8,5.9,20.5,86,Mumbai
2016-08-14,28.1,25.9,4.2,24.5,84,Mumbai
2016-08-15,28.1,25.8,4.9,24.5,83,Mumbai
2016-08-16,28.1,25.6,4.5,25.2,85,Mumbai
2016-08-17,28.5,25.3,5.5,23.8,86,Mumbai
2016-08-18,27.6,24.6,7.0,18.4,88,Mumbai
2016-08-19,28.5,25.0,3.0,17.9,86,Mumbai
2016-08-20,26.9,25.3,4.7,17.8,90,Mumbai
2016-08-21,27.3,24.9,5.7,19.7,91,Mumbai
2016-08-22,27.2,25.0,5.2,19.0,91,Mumbai
2016-08-23,27.6,25.2,15.3,16.8,91,Mumbai
2016-08-24,27.8,25.4,11.4,16.1,89,Mumbai
2016-08-25,28.6,25.4,2.8,18.0,84,Mumbai
2016-08-26,27.5,25.0,13.4,17.2,89,Mumbai
2016-08-27,26.9,25.6,23.1,13.3,90,Mumbai
2016-08-28,26.9,25.5,32.2,15.8,92,Mumbai
2016-08-29,28.0,25.6,6.3,14.3,89,Mumbai
2016-08-30,28.4,25.8,2.0,16.1,86,Mumbai
2016-08-31,28.5,25.7,2.1,16.5,85,Mumbai
2016-09-01,27.6,25.2,5.8,16.9,89,Mumbai
2016-09-02,28.3,24.9,6.5,17.4,87,Mumbai
2016-09-03,28.3,24.9,3.0,18.0,83,Mumbai
2016-09-04,28.5,25.7,1.3,16.9,80,Mumbai
2016-09-05,28.4,25.1,0.4,16.7,81,Mumbai
2016-09-06,27.4,25.0,3.1,16.1,85,Mumbai
2016-09-07,27.7,25.0,3.8,14.4,84,Mumbai
2016-09-08,27.8,24.9,2.7,10.1,85,Mumbai
2016-09-09,28.4,24.4,1.5,12.4,86,Mumbai
2016-09-10,28.6,24.5,1.1,13.8,85,Mumbai
2016-09-11,28.1,24.5,2.3,11.5,86,Mumbai
2016-09-12,28.7,24.3,1.4,12.4,84,Mumbai
2016-09-13,28.5,24.9,0.7,9.0,85,Mumbai
2016-09-14,29.2,26.0,4.8,11.9,84,Mumbai
2016-09-15,27.6,25.5,28.0,9.7,91,Mumbai
2016-09-16,27.3,25.5,129.3,15.6,92,Mumbai
2016-09-17,26.4,25.1,126.0,19.4,94,Mumbai
2016-09-18,27.2,25.1,103.0,30.3,92,Mumbai
2016-09-19,26.9,25.4,25.9,20.4,91,Mumbai
2016-09-20,28.1,25.3,21.7,19.0,88,Mumbai
2016-09-21,26.2,25.0,74.8,17.8,93,Mumbai
2016-09-22,26.8,25.3,251.1,17.6,90,Mumbai
2016-09-23,27.9,25.1,17.0,18.7,88,Mumbai
2016-09-24,27.2,25.2,11.2,18.2,90,Mumbai
2016-09-25,28.3,24.9,5.8,15.7,88,Mumbai
2016-09-26,28.9,25.1,5.8,18.6,86,Mumbai
2016-09-27,28.7,25.6,1.9,17.0,87,Mumbai
2016-09-28,29.1,25.4,1.7,17.6,86,Mumbai
2016-09-29,28.9,25.6,1.0,15.3,83,Mumbai
2016-09-30,28.5,24.8,2.8,19.7,84,Mumbai
2016-10-01,26.2,25.0,25.2,15.4,88,Mumbai
2016-10-02,25.5,23.9,40.4,20.2,90,Mumbai
2016-10-03,26.9,24.5,7.0,20.5,90,Mumbai
2016-10-04,25.5,24.4,26.2,24.4,90,Mumbai
2016-10-05,27.2,25.2,2.5,18.1,85,Mumbai
2016-10-06,27.4,24.8,3.7,17.6,87,Mumbai
2016-10-07,28.3,24.5,1.6,15.1,86,Mumbai
2016-10-08,28.8,25.1,1.1,16.6,85,Mumbai
2016-10-09,28.5,25.9,1.6,15.3,86,Mumbai
2016-10-10,28.9,25.3,0.8,13.0,88,Mumbai
2016-10-11,29.7,25.0,0.0,16.1,85,Mumbai
2016-10-12,29.5,23.8,0.0,13.5,85,Mumbai
2016-10-13,29.4,23.9,0.0,15.3,84,Mumbai
2016-10-14,31.0,24.2,0.0,10.7,82,Mumbai
2016-10-15,31.0,23.9,0.0,8.8,83,Mumbai
2016-10-16,30.6,24.6,0.0,13.2,86,Mumbai
2016-10-17,31.6,25.0,0.0,10.5,80,Mumbai
2016-10-18,32.2,25.3,0.0,13.8,76,Mumbai
2016-10-19,32.0,25.0,0.0,13.5,69,Mumbai
2016-10-20,31.7,24.7,0.0,12.7,68,Mumbai
2016-10-21,31.3,24.1,0.0,15.3,74,Mumbai
2016-10-22,31.1,24.3,0.0,14.3,80,Mumbai
2016-10-23,30.7,24.3,0.0,13.6,82,Mumbai
2016-10-24,30.2,24.8,0.0,15.0,80,Mumbai
2016-10-25,29.5,23.6,0.0,16.0,78,Mumbai
2016-10-26,31.2,21.9,0.0,13.0,73,Mumbai
2016-10-27,32.1,22.5,0.0,15.3,67,Mumbai
2016-10-28,32.0,21.7,0.0,14.0,70,Mumbai
2016-10-29,31.4,21.0,0.0,11.2,70,Mumbai
2016-10-30,32.1,20.4,0.0,12.9,64,Mumbai
2016-10-31,33.3,22.4,0.0,13.7,63,Mumbai
2016-11-01,32.6,24.3,0.0,14.1,63,Mumbai
2016-11-02,32.1,22.7,0.0,12.6,61,Mumbai
2016-11-03,31.9,21.6,0.0,13.2,64,Mumbai
2016-11-04,31.2,20.6,0.0,12.9,66,Mumbai
2016-11-05,31.1,20.7,0.0,14.1,67,Mumbai
2016-11-06,31.1,20.2,0.0,13.0,65,Mumbai
2016-11-07,30.6,19.8,0.0,14.8,66,Mumbai
2016-11-08,31.5,20.8,0.0,16.3,57,Mumbai
2016-11-09,31.3,20.9,0.0,13.7,56,Mumbai
2016-11-10,31.2,19.0,0.0,12.6,59,Mumbai
2016-11-11,31.5,19.7,0.0,12.4,60,Mumbai
2016-11-12,31.9,18.7,0.0,14.0,61,Mumbai
2016-11-13,32.0,20.1,0.0,12.4,61,Mumbai
2016-11-14,31.9,20.8,0.0,11.3,65,Mumbai
2016-11-15,31.7,20.8,0.0,11.8,70,Mumbai
2016-11-16,32.7,22.6,0.0,11.4,69,Mumbai
2016-11-17,32.9,23.9,0.0,14.7,61,Mumbai
2016-11-18,31.7,22.7,0.0,13.1,59,Mumbai
2016-11-19,31.4,21.5,0.0,11.2,61,Mumbai
2016-11-20,31.7,18.9,0.0,11.9,63,Mumbai
2016-11-21,32.3,19.2,0.0,13.6,59,Mumbai
2016-11-22,32.1,20.0,0.0,12.4,60,Mumbai
2016-11-23,32.1,19.0,0.0,12.6,61,Mumbai
2016-11-24,32.3,19.7,0.0,14.7,59,Mumbai
2016-11-25,31.9,21.0,0.0,14.3,58,Mumbai
2016-11-26,32.4,20.0,0.0,12.9,60,Mumbai
2016-11-27,32.4,18.4,0.0,13.0,60,Mumbai
2016-11-28,32.8,18.7,0.0,12.0,65,Mumbai
2016-11-29,31.3,20.2,0.0,12.2,69,Mumbai
2016-11-30,31.3,19.9,0.0,12.8,69,Mumbai
2016-12-01,31.1,19.4,0.0,11.8,68,Mumbai
2016-12-02,32.0,19.6,0.0,14.3,66,Mumbai
2016-12-03,32.4,21.6,0.0,16.3,58,Mumbai
2016-12-04,32.7,24.3,0.0,14.8,60,Mumbai
2016-12-05,32.4,24.3,0.0,12.9,65,Mumbai
2016-12-06,31.7,22.6,0.0,14.1,59,Mumbai
2016-12-07,30.6,20.0,0.0,13.6,60,Mumbai
2016-12-08,31.2,19.1,0.0,12.6,62,Mumbai
2016-12-09,30.5,18.2,0.0,12.8,65,Mumbai
2016-12-10,30.1,17.7,0.0,14.7,63,Mumbai
2016-12-11,30.4,18.3,0.0,15.0,58,Mumbai
2016-12-12,31.0,19.1,0.0,15.0,59,Mumbai
2016-12-13,32.1,20.2,0.0,16.5,53,Mumbai
2016-12-14,31.9,22.0,0.0,12.1,56,Mumbai
2016-12-15,31.6,24.0,0.0,10.6,65,Mumbai
2016-12-16,32.3,24.2,0.0,12.9,63,Mumbai
2016-12-17,32.3,23.4,0.0,14.0,61,Mumbai
2016-12-18,31.6,24.2,0.0,16.1,51,Mumbai
2016-12-19,30.5,20.1,0.0,14.0,60,Mumbai
2016-12-20,31.4,20.9,0.0,12.6,59,Mumbai
2016-12-21,31.5,19.1,0.0,12.1,64,Mumbai
2016-12-22,30.4,18.9,0.0,13.4,65,Mumbai
2016-12-23,30.9,18.4,0.0,12.5,67,Mumbai
2016-12-24,30.4,18.9,0.0,13.9,69,Mumbai
2016-12-25,31.0,18.3,0.0,11.0,67,Mumbai
2016-12-26,31.3,17.6,0.0,12.8,60,Mumbai
2016-12-27,30.9,19.5,0.0,13.6,58,Mumbai
2016-12-28,31.0,18.8,0.0,12.6,57,Mumbai
2016-12-29,31.6,18.2,0.0,12.7,59,Mumbai
2016-12-30,31.7,18.3,0.0,10.7,62,Mumbai
2016-12-31,30.8,18.4,0.0,12.5,67,Mumbai
2017-01-01,29.0,18.3,0.0,14.6,73,Mumbai
2017-01-02,31.1,17.5,0.0,18.2,66,Mumbai
2017-01-03,31.1,18.8,0.0,17.1,55,Mumbai
2017-01-04,30.1,17.2,0.0,15.4,61,Mumbai
2017-01-05,29.2,16.5,0.0,15.7,67,Mumbai
2017-01-06,27.3,17.6,0.0,16.3,73,Mumbai
2017-01-07,26.3,17.0,0.0,17.1,81,Mumbai
2017-01-08,26.9,18.6,0.0,15.7,80,Mumbai
2017-01-09,27.2,18.2,0.0,19.9,69,Mumbai
2017-01-10,26.8,15.6,0.0,23.8,61,Mumbai
2017-01-11,27.0,16.1,0.0,23.8,57,Mumbai
2017-01-12,27.2,14.9,0.0,15.5,57,Mumbai
2017-01-13,28.0,14.9,0.0,17.6,63,Mumbai
2017-01-14,28.6,17.3,0.0,15.4,70,Mumbai
2017-01-15,28.8,18.3,0.0,18.4,76,Mumbai
2017-01-16,28.6,19.3,0.0,17.2,74,Mumbai
2017-01-17,29.1,18.5,0.0,21.2,61,Mumbai
2017-01-18,28.8,18.1,0.0,21.7,56,Mumbai
2017-01-19,30.8,19.4,0.0,19.7,56,Mumbai
2017-01-20,31.2,18.9,0.0,16.6,58,Mumbai
2017-01-21,32.0,18.3,0.0,16.9,58,Mumbai
2017-01-22,31.4,20.1,0.0,15.9,55,Mumbai
2017-01-23,32.9,19.8,0.0,16.4,57,Mumbai
2017-01-24,33.3,20.6,0.0,16.7,57,Mumbai
2017-01-25,32.3,21.4,0.0,19.1,57,Mumbai
2017-01-26,30.1,20.8,0.0,23.4,65,Mumbai
2017-01-27,29.6,20.1,0.0,24.0,56,Mumbai
2017-01-28,32.8,18.4,0.0,21.1,49,Mumbai
2017-01-29,32.9,19.2,0.0,18.1,50,Mumbai
2017-01-30,30.4,19.1,0.0,18.0,54,Mumbai
2017-01-31,29.5,18.7,0.0,21.0,57,Mumbai
2017-02-01,30.6,18.5,0.0,18.1,54,Mumbai
2017-02-02,31.0,19.1,0.0,18.8,64,Mumbai
2017-02-03,29.7,19.7,0.0,21.2,70,Mumbai
2017-02-04,27.3,19.5,0.0,24.5,81,Mumbai
2017-02-05,27.1,20.1,0.0,26.5,80,Mumbai
2017-02-06,28.1,18.5,0.0,22.7,62,Mumbai
2017-02-07,28.3,16.3,0.0,18.1,59,Mumbai
2017-02-08,28.0,19.0,0.0,22.0,61,Mumbai
2017-02-09,30.8,19.6,0.0,21.7,55,Mumbai
2017-02-10,28.8,18.4,0.0,19.4,56,Mumbai
2017-02-11,27.4,17.9,0.0,13.4,73,Mumbai
2017-02-12,29.6,17.3,0.0,20.4,69,Mumbai
2017-02-13,31.6,18.1,0.0,16.5,53,Mumbai
2017-02-14,33.8,19.8,0.0,18.9,53,Mumbai
2017-02-15,34.9,21.3,0.0,19.3,50,Mumbai
2017-02-16,35.1,20.4,0.0,21.2,51,Mumbai
2017-02-17,35.5,22.0,0.0,19.7,49,Mumbai
2017-02-18,35.9,20.6,0.0,21.1,45,Mumbai
2017-02-19,33.9,20.7,0.0,19.8,50,Mumbai
2017-02-20,31.4,20.7,0.0,22.7,61,Mumbai
2017-02-21,28.6,20.9,0.0,19.7,77,Mumbai
2017-02-22,28.4,20.1,0.0,20.7,78,Mumbai
2017-02-23,31.8,19.8,0.0,24.1,63,Mumbai
2017-02-24,34.9,19.2,0.0,25.0,44,Mumbai
2017-02-25,35.2,20.6,0.0,22.5,37,Mumbai
2017-02-26,35.3,20.2,0.0,19.8,38,Mumbai
2017-02-27,33.8,20.2,0.0,16.7,44,Mumbai
2017-02-28,35.5,19.9,0.0,18.2,51,Mumbai
2017-03-01,33.0,20.5,0.0,20.1,52,Mumbai
2017-03-02,32.7,22.2,0.0,24.4,55,Mumbai
2017-03-03,31.6,20.8,0.0,19.1,64,Mumbai
2017-03-04,30.2,19.3,0.0,16.3,74,Mumbai
2017-03-05,30.3,19.6,0.0,21.9,64,Mumbai
2017-03-06,30.4,19.8,0.0,16.6,71,Mumbai
2017-03-07,29.5,19.9,0.0,17.7,75,Mumbai
2017-03-08,30.2,20.6,0.0,20.2,74,Mumbai
2017-03-09,29.6,20.8,0.0,19.2,74,Mumbai
2017-03-10,27.6,21.1,0.1,18.4,72,Mumbai
2017-03-11,28.1,20.7,0.0,22.7,60,Mumbai
2017-03-12,28.8,19.0,0.0,26.2,58,Mumbai
2017-03-13,30.2,17.3,0.0,19.0,50,Mumbai
2017-03-14,32.4,18.6,0.0,17.7,50,Mumbai
2017-03-15,31.9,19.9,0.0,18.3,63,Mumbai
2017-03-16,31.1,21.4,0.0,17.1,68,Mumbai
2017-03-17,30.3,20.8,0.0,20.4,70,Mumbai
2017-03-18,30.9,21.4,0.0,23.9,66,Mumbai
2017-03-19,30.7,21.6,0.0,21.2,73,Mumbai
2017-03-20,31.6,21.5,0.0,21.4,76,Mumbai
2017-03-21,31.1,21.8,0.0,18.6,75,Mumbai
2017-03-22,30.7,22.0,0.0,22.5,74,Mumbai
2017-03-23,31.3,22.3,0.0,25.5,72,Mumbai
2017-03-24,31.4,22.6,0.0,23.8,74,Mumbai
2017-03-25,32.4,22.5,0.0,23.7,67,Mumbai
2017-03-26,32.9,23.0,0.0,26.3,62,Mumbai
2017-03-27,36.8,23.8,0.0,26.9,54,Mumbai
2017-03-28,32.5,23.8,0.0,18.6,74,Mumbai
2017-03-29,31.5,24.5,0.0,20.2,85,Mumbai
2017-03-30,30.6,25.0,0.0,16.8,82,Mumbai
2017-03-31,32.2,23.2,0.0,23.2,73,Mumbai
2017-04-01,31.9,24.8,0.0,19.4,72,Mumbai
2017-04-02,32.1,23.2,0.0,17.2,78,Mumbai
2017-04-03,30.9,23.6,0.0,15.8,82,Mumbai
2017-04-04,30.5,24.3,0.0,16.2,81,Mumbai
2017-04-05,30.7,24.9,0.0,15.9,79,Mumbai
2017-04-06,30.5,24.7,0.0,16.3,78,Mumbai
2017-04-07,30.6,23.6,0.0,22.2,72,Mumbai
2017-04-08,31.1,21.8,0.0,22.9,68,Mumbai
2017-04-09,35.2,23.5,0.0,21.4,53,Mumbai
2017-04-10,34.4,23.0,0.0,23.0,60,Mumbai
2017-04-11,33.2,24.1,0.0,20.1,73,Mumbai
2017-04-12,32.5,25.5,0.0,19.6,76,Mumbai
2017-04-13,34.6,23.8,0.0,22.2,69,Mumbai
2017-04-14,32.0,24.3,0.0,19.4,80,Mumbai
2017-04-15,31.7,25.5,0.0,16.7,79,Mumbai
2017-04-16,33.9,25.4,0.0,24.4,69,Mumbai
2017-04-17,32.8,24.7,0.0,21.7,75,Mumbai
2017-04-18,34.3,24.1,0.0,26.5,67,Mumbai
2017-04-19,32.1,23.9,0.0,18.4,73,Mumbai
2017-04-20,31.7,24.1,0.0,16.8,79,Mumbai
2017-04-21,30.8,24.9,0.0,18.3,78,Mumbai
2017-04-22,30.9,26.0,0.0,16.3,76,Mumbai
2017-04-23,31.1,26.6,0.0,15.6,73,Mumbai
2017-04-24,30.9,25.5,0.0,15.2,73,Mumbai
2017-04-25,30.7,25.2,0.0,18.8,76,Mumbai
2017-04-26,30.9,24.3,0.0,21.5,77,Mumbai
2017-04-27,31.6,24.9,0.0,23.3,76,Mumbai
2017-04-28,31.2,24.7,0.0,20.9,79,Mumbai
2017-04-29,30.9,24.6,0.0,19.0,79,Mumbai
2017-04-30,31.2,24.4,0.0,19.8,78,Mumbai
2017-05-01,31.9,25.1,0.0,28.1,79,Mumbai
2017-05-02,31.1,25.0,0.0,21.7,82,Mumbai
2017-05-03,31.7,25.0,0.0,22.6,81,Mumbai
2017-05-04,31.9,24.6,0.0,21.1,81,Mumbai
2017-05-05,32.8,26.0,0.0,20.6,78,Mumbai
2017-05-06,32.2,27.3,0.0,17.6,78,Mumbai
2017-05-07,31.9,25.8,0.0,19.5,77,Mumbai
2017-05-08,31.7,25.4,0.1,19.6,81,Mumbai
2017-05-09,32.4,26.1,0.0,18.9,78,Mumbai
2017-05-10,32.4,26.4,0.0,20.0,78,Mumbai
2017-05-11,32.9,26.1,0.0,21.3,79,Mumbai
2017-05-12,33.8,26.5,0.0,24.4,77,Mumbai
2017-05-13,35.0,27.6,0.0,20.2,74,Mumbai
2017-05-14,32.9,27.7,0.0,19.6,78,Mumbai
2017-05-15,32.1,27.1,0.0,19.2,77,Mumbai
2017-05-16,32.4,27.3,0.0,19.8,77,Mumbai
2017-05-17,32.2,27.4,0.0,18.8,77,Mumbai
2017-05-18,32.4,27.7,0.0,19.5,76,Mumbai
2017-05-19,32.3,27.7,0.0,20.3,75,Mumbai
2017-05-20,32.1,26.6,0.0,19.7,75,Mumbai
2017-05-21,32.3,28.1,0.1,19.5,69,Mumbai
2017-05-22,32.9,27.4,0.0,21.6,70,Mumbai
2017-05-23,33.1,27.8,0.1,23.7,74,Mumbai
2017-05-24,32.7,26.8,0.0,22.4,79,Mumbai
2017-05-25,32.6,28.1,0.1,20.1,74,Mumbai
2017-05-26,32.6,28.0,0.2,18.5,73,Mumbai
2017-05-27,32.7,28.5,1.4,20.9,71,Mumbai
2017-05-28,32.5,28.5,5.5,23.6,75,Mumbai
2017-05-29,32.4,28.3,7.0,26.5,76,Mumbai
2017-05-30,31.5,28.3,3.4,29.8,79,Mumbai
2017-05-31,31.6,27.8,2.7,20.2,79,Mumbai
2017-06-01,31.4,26.9,7.2,19.1,83,Mumbai
2017-06-02,31.8,27.1,11.2,17.6,82,Mumbai
2017-06-03,31.9,27.4,0.5,26.4,80,Mumbai
2017-06-04,30.8,27.2,2.7,22.4,78,Mumbai
2017-06-05,31.2,27.1,3.6,19.6,80,Mumbai
2017-06-06,31.5,27.8,5.9,20.1,78,Mumbai
2017-06-07,29.7,26.2,26.3,19.3,87,Mumbai
2017-06-08,29.1,25.9,19.0,13.8,88,Mumbai
2017-06-09,28.4,26.0,21.9,14.4,89,Mumbai
2017-06-10,28.1,25.9,38.4,16.5,91,Mumbai
2017-06-11,29.2,25.7,18.9,14.2,89,Mumbai
2017-06-12,29.4,26.3,26.2,12.8,88,Mumbai
2017-06-13,29.6,25.7,14.9,12.7,88,Mumbai
2017-06-14,30.2,26.5,14.4,15.1,86,Mumbai
2017-06-15,30.0,26.5,8.1,15.2,88,Mumbai
2017-06-16,30.3,26.4,10.0,16.4,85,Mumbai
2017-06-17,29.9,26.3,3.2,15.5,85,Mumbai
2017-06-18,29.4,27.3,5.1,21.7,83,Mumbai
2017-06-19,30.5,27.5,4.0,21.0,82,Mumbai
2017-06-20,30.2,26.6,4.5,25.2,81,Mumbai
2017-06-21,30.5,27.5,3.6,26.9,79,Mumbai
2017-06-22,30.1,26.7,5.5,26.6,83,Mumbai
2017-06-23,30.4,27.0,4.9,23.9,82,Mumbai
2017-06-24,29.0,26.5,12.5,22.3,85,Mumbai
2017-06-25,28.0,25.8,39.8,22.9,89,Mumbai
2017-06-26,27.5,25.6,41.0,24.7,91,Mumbai
2017-06-27,27.6,25.8,63.9,32.4,91,Mumbai
2017-06-28,27.9,26.1,66.8,37.2,87,Mumbai
2017-06-29,28.4,25.8,51.5,32.4,89,Mumbai
2017-06-30,29.0,26.1,33.5,30.0,85,Mumbai
2017-07-01,29.4,25.7,37.5,33.7,87,Mumbai
2017-07-02,28.2,25.2,33.9,26.8,87,Mumbai
2017-07-03,29.5,25.4,14.0,28.1,85,Mumbai
2017-07-04,28.3,25.7,7.0,25.4,86,Mumbai
2017-07-05,29.0,26.1,6.3,26.3,84,Mumbai
2017-07-06,29.7,26.8,7.5,23.0,83,Mumbai
2017-07-07,28.4,25.7,10.1,17.4,85,Mumbai
2017-07-08,28.6,25.3,7.9,16.5,87,Mumbai
2017-07-09,28.1,24.9,7.1,14.7,88,Mumbai
2017-07-10,28.5,25.2,4.3,18.6,89,Mumbai
2017-07-11,29.1,26.3,3.8,25.8,83,Mumbai
2017-07-12,28.9,25.8,7.6,26.0,82,Mumbai
2017-07-13,28.6,25.9,10.0,26.6,85,Mumbai
2017-07-14,27.7,25.4,41.5,30.1,87,Mumbai
2017-07-15,27.2,24.9,51.4,28.3,89,Mumbai
2017-07-16,27.4,24.9,42.8,27.9,89,Mumbai
2017-07-17,27.5,25.4,74.0,27.0,90,Mumbai
2017-07-18,26.8,25.5,83.7,23.5,92,Mumbai
2017-07-19,27.9,25.4,25.9,30.6,90,Mumbai
2017-07-20,27.0,25.7,76.1,36.4,90,Mumbai
2017-07-21,27.9,25.7,72.2,35.6,86,Mumbai
2017-07-22,27.3,25.4,46.1,32.1,88,Mumbai
2017-07-23,28.1,25.5,37.5,33.7,86,Mumbai
2017-07-24,28.9,25.9,13.9,34.0,84,Mumbai
2017-07-25,29.1,26.1,7.5,32.2,83,Mumbai
2017-07-26,28.7,26.2,7.8,29.4,83,Mumbai
2017-07-27,27.6,26.4,9.5,26.3,85,Mumbai
2017-07-28,27.0,25.4,23.1,23.4,89,Mumbai
2017-07-29,28.3,25.1,9.7,24.4,87,Mumbai
2017-07-30,28.2,25.0,9.0,21.5,88,Mumbai
2017-07-31,27.6,25.2,15.7,20.3,89,Mumbai
2017-08-01,28.0,25.3,11.2,20.9,89,Mumbai
2017-08-02,28.5,25.9,6.9,24.6,85,Mumbai
2017-08-03,28.3,25.4,6.2,26.8,86,Mumbai
2017-08-04,28.4,25.7,4.8,24.4,85,Mumbai
2017-08-05,28.3,26.0,3.6,21.7,83,Mumbai
2017-08-06,28.5,25.9,1.4,17.6,84,Mumbai
2017-08-07,28.2,25.6,3.0,14.7,85,Mumbai
2017-08-08,28.1,26.0,2.4,13.7,86,Mumbai
2017-08-09,27.8,25.5,6.3,15.6,88,Mumbai
2017-08-10,27.6,25.3,12.1,18.0,90,Mumbai
2017-08-11,28.2,25.3,10.3,18.3,89,Mumbai
2017-08-12,28.6,25.8,5.1,23.7,83,Mumbai
2017-08-13,27.9,26.2,6.7,22.2,84,Mumbai
2017-08-14,27.3,25.5,27.7,16.3,89,Mumbai
2017-08-15,28.3,25.3,4.6,14.2,87,Mumbai
2017-08-16,28.0,25.6,3.3,17.1,86,Mumbai
2017-08-17,28.4,25.8,4.7,20.6,84,Mumbai
2017-08-18,28.3,25.6,3.3,16.9,85,Mumbai
2017-08-19,27.6,25.6,16.0,18.8,88,Mumbai
2017-08-20,26.6,24.4,75.2,22.8,89,Mumbai
2017-08-21,27.6,24.1,21.2,20.8,86,Mumbai
2017-08-22,27.5,25.0,7.1,18.8,90,Mumbai
2017-08-23,28.3,25.4,4.5,15.0,89,Mumbai
2017-08-24,27.9,25.4,4.8,17.0,88,Mumbai
2017-08-25,27.2,25.6,39.2,20.8,91,Mumbai
2017-08-26,27.4,25.2,31.3,21.7,91,Mumbai
2017-08-27,28.2,25.5,21.8,21.0,90,Mumbai
2017-08-28,27.1,25.9,58.9,20.2,91,Mumbai
2017-08-29,26.6,25.6,66.6,31.0,87,Mumbai
2017-08-30,28.0,25.4,43.0,29.6,88,Mumbai
2017-08-31,29.0,25.0,7.5,26.2,86,Mumbai
2017-09-01,27.7,24.7,7.5,23.7,89,Mumbai
2017-09-02,28.1,24.5,4.8,19.2,88,Mumbai
2017-09-03,28.0,25.9,9.6,15.6,87,Mumbai
2017-09-04,28.9,25.5,1.6,16.5,90,Mumbai
2017-09-05,28.4,25.8,1.8,18.5,86,Mumbai
2017-09-06,28.7,24.6,2.6,16.6,86,Mumbai
2017-09-07,29.5,25.5,0.8,20.4,86,Mumbai
2017-09-08,29.5,26.4,1.7,20.2,88,Mumbai
2017-09-09,30.3,25.6,14.9,17.6,89,Mumbai
2017-09-10,29.5,25.9,5.2,15.6,89,Mumbai
2017-09-11,31.0,26.7,0.4,16.7,89,Mumbai
2017-09-12,31.5,26.7,6.6,15.7,86,Mumbai
2017-09-13,29.6,25.9,9.6,12.3,86,Mumbai
2017-09-14,29.9,26.2,9.3,13.7,86,Mumbai
2017-09-15,28.6,25.9,6.6,11.5,86,Mumbai
2017-09-16,29.3,25.6,5.0,15.3,86,Mumbai
2017-09-17,29.1,25.7,20.9,17.6,88,Mumbai
2017-09-18,30.5,25.4,22.3,21.1,87,Mumbai
2017-09-19,27.5,25.3,61.8,33.6,91,Mumbai
2017-09-20,26.6,25.2,119.5,24.8,90,Mumbai
2017-09-21,28.1,24.3,12.4,18.8,87,Mumbai
2017-09-22,28.1,25.1,2.4,12.4,87,Mumbai
2017-09-23,29.0,24.8,0.9,14.6,86,Mumbai
2017-09-24,29.0,25.1,1.3,17.2,86,Mumbai
2017-09-25,29.0,25.4,1.7,20.5,86,Mumbai
2017-09-26,29.8,24.9,0.0,20.9,85,Mumbai
2017-09-27,30.6,26.0,0.3,20.2,85,Mumbai
2017-09-28,30.2,26.4,1.1,21.9,86,Mumbai
2017-09-29,29.7,26.0,6.8,20.7,88,Mumbai
2017-09-30,30.6,26.3,1.9,17.6,88,Mumbai
2017-10-01,30.8,26.7,0.5,16.3,87,Mumbai
2017-10-02,31.3,26.5,0.7,20.9,86,Mumbai
2017-10-03,31.4,26.4,0.5,17.7,85,Mumbai
2017-10-04,33.2,25.7,0.1,17.2,80,Mumbai
2017-10-05,31.3,25.0,0.0,14.3,79,Mumbai
2017-10-06,31.4,25.3,0.1,13.1,80,Mumbai
2017-10-07,31.2,26.1,13.5,14.3,89,Mumbai
2017-10-08,29.6,25.7,11.6,11.9,89,Mumbai
2017-10-09,29.4,25.9,7.1,10.0,89,Mumbai
2017-10-10,27.6,25.2,27.8,13.8,90,Mumbai
2017-10-11,27.4,24.8,34.2,20.1,91,Mumbai
2017-10-12,29.3,25.7,8.4,19.6,88,Mumbai
2017-10-13,30.0,25.3,5.5,10.4,89,Mumbai
2017-10-14,29.3,25.8,22.1,15.2,91,Mumbai
2017-10-15,28.7,25.1,27.9,11.6,90,Mumbai
2017-10-16,29.4,25.7,5.7,15.5,89,Mumbai
2017-10-17,30.4,25.7,1.0,18.3,89,Mumbai
2017-10-18,30.9,24.8,0.0,20.2,86,Mumbai
2017-10-19,30.8,24.2,0.0,16.5,84,Mumbai
2017-10-20,30.1,23.4,0.0,12.8,88,Mumbai
2017-10-21,29.4,25.6,0.6,17.4,87,Mumbai
2017-10-22,29.6,25.9,0.3,16.4,87,Mumbai
2017-10-23,30.9,25.9,0.3,15.3,82,Mumbai
2017-10-24,32.1,23.0,0.0,16.3,71,Mumbai
2017-10-25,33.1,21.0,0.0,14.3,69,Mumbai
2017-10-26,33.2,21.6,0.0,11.7,71,Mumbai
2017-10-27,30.9,23.2,0.0,14.6,78,Mumbai
2017-10-28,30.6,22.1,0.0,15.3,80,Mumbai
2017-10-29,32.1,22.1,0.0,10.2,75,Mumbai
2017-10-30,33.2,21.7,0.0,14.4,66,Mumbai
2017-10-31,33.1,21.6,0.0,17.5,64,Mumbai
2017-11-01,33.1,20.9,0.0,16.2,61,Mumbai
2017-11-02,32.9,22.1,0.0,14.3,58,Mumbai
2017-11-03,32.1,21.7,0.0,16.2,58,Mumbai
2017-11-04,32.3,20.6,0.0,19.3,58,Mumbai
2017-11-05,32.8,22.2,0.0,17.3,52,Mumbai
2017-11-06,33.6,22.9,0.0,14.4,63,Mumbai
2017-11-07,32.6,22.1,0.0,13.7,69,Mumbai
2017-11-08,32.2,21.6,0.0,14.0,70,Mumbai
2017-11-09,32.4,21.2,0.0,13.9,66,Mumbai
2017-11-10,31.8,21.2,0.0,15.6,68,Mumbai
2017-11-11,31.9,21.0,0.0,16.9,69,Mumbai
2017-11-12,31.4,20.9,0.0,14.8,66,Mumbai
2017-11-13,31.1,19.7,0.0,14.8,67,Mumbai
2017-11-14,29.1,19.6,0.0,16.6,74,Mumbai
2017-11-15,30.8,20.1,0.0,16.9,66,Mumbai
2017-11-16,30.9,20.6,0.0,20.5,60,Mumbai
2017-11-17,30.9,20.8,0.0,18.9,62,Mumbai
2017-11-18,31.3,20.6,0.0,16.5,59,Mumbai
2017-11-19,32.1,22.1,0.0,18.2,55,Mumbai
2017-11-20,31.2,22.7,0.0,9.7,59,Mumbai
2017-11-21,31.4,23.5,0.0,15.3,70,Mumbai
2017-11-22,31.3,23.6,0.0,20.4,66,Mumbai
2017-11-23,30.4,20.6,0.0,17.1,64,Mumbai
2017-11-24,29.6,19.8,0.0,17.6,70,Mumbai
2017-11-25,30.8,20.1,0.0,19.6,66,Mumbai
2017-11-26,32.9,21.4,0.0,17.1,63,Mumbai
2017-11-27,32.0,20.5,0.0,15.5,64,Mumbai
2017-11-28,31.0,19.4,0.0,14.5,68,Mumbai
2017-11-29,30.3,19.1,0.0,13.7,67,Mumbai
2017-11-30,31.1,19.6,0.0,18.1,58,Mumbai
2017-12-01,32.8,20.7,0.0,16.4,52,Mumbai
2017-12-02,33.0,22.9,0.0,16.8,48,Mumbai
2017-12-03,32.6,23.5,0.0,17.3,56,Mumbai
2017-12-04,29.8,22.6,5.1,20.0,63,Mumbai
2017-12-05,26.2,22.0,22.8,42.1,87,Mumbai
2017-12-06,26.1,21.1,0.6,26.9,84,Mumbai
2017-12-07,26.1,19.3,0.0,15.4,84,Mumbai
2017-12-08,27.2,20.9,0.8,14.5,84,Mumbai
2017-12-09,27.8,22.4,0.2,17.4,88,Mumbai
2017-12-10,28.3,22.6,0.0,16.4,89,Mumbai
2017-12-11,27.0,21.6,0.0,22.8,83,Mumbai
2017-12-12,26.3,20.1,0.0,16.1,79,Mumbai
2017-12-13,26.0,19.0,0.0,15.6,73,Mumbai
2017-12-14,26.3,18.2,0.0,15.9,75,Mumbai
2017-12-15,27.0,18.2,0.0,18.2,76,Mumbai
2017-12-16,29.5,20.0,0.0,16.1,75,Mumbai
2017-12-17,32.8,20.2,0.0,19.3,60,Mumbai
2017-12-18,31.2,21.0,0.0,14.5,55,Mumbai
2017-12-19,30.6,21.1,0.0,17.4,56,Mumbai
2017-12-20,31.7,18.6,0.0,17.6,50,Mumbai
2017-12-21,30.8,17.2,0.0,19.5,54,Mumbai
2017-12-22,30.8,17.8,0.0,18.2,60,Mumbai
2017-12-23,30.8,17.2,0.0,16.2,61,Mumbai
2017-12-24,29.2,18.0,0.0,16.3,65,Mumbai
2017-12-25,29.5,17.4,0.0,15.8,65,Mumbai
2017-12-26,31.6,19.1,0.0,15.6,59,Mumbai
2017-12-27,30.3,17.8,0.0,16.6,62,Mumbai
2017-12-28,29.4,17.2,0.0,15.0,61,Mumbai
2017-12-29,30.4,16.4,0.0,13.9,66,Mumbai
2017-12-30,29.0,16.7,0.0,13.5,70,Mumbai
2017-12-31,28.5,17.5,0.0,14.7,70,Mumbai
2018-01-01,27.9,17.2,0.0,15.5,68,Mumbai
2018-01-02,27.4,16.4,0.0,16.4,69,Mumbai
2018-01-03,28.0,16.9,0.0,17.4,76,Mumbai
2018-01-04,27.8,17.6,0.0,16.4,79,Mumbai
2018-01-05,27.8,18.3,0.0,17.8,69,Mumbai
2018-01-06,26.9,17.3,0.0,16.4,63,Mumbai
2018-01-07,27.1,16.8,0.0,18.9,58,Mumbai
2018-01-08,26.9,15.7,0.0,18.5,66,Mumbai
2018-01-09,30.1,17.1,0.0,14.5,69,Mumbai
2018-01-10,31.3,18.6,0.0,17.2,62,Mumbai
2018-01-11,31.4,20.5,0.0,12.7,59,Mumbai
2018-01-12,31.8,21.6,0.0,17.5,65,Mumbai
2018-01-13,31.8,22.3,0.0,17.7,66,Mumbai
2018-01-14,30.3,23.5,0.0,15.3,65,Mumbai
2018-01-15,32.1,22.6,0.0,16.3,65,Mumbai
2018-01-16,32.8,22.6,0.0,14.3,62,Mumbai
2018-01-17,30.3,21.5,0.0,19.7,63,Mumbai
2018-01-18,31.4,20.5,0.0,18.8,59,Mumbai
2018-01-19,31.2,20.7,0.0,22.0,53,Mumbai
2018-01-20,30.7,18.8,0.0,15.5,62,Mumbai
2018-01-21,29.9,19.2,0.0,14.8,66,Mumbai
2018-01-22,27.7,19.2,0.0,15.8,73,Mumbai
2018-01-23,27.1,19.0,0.0,22.0,76,Mumbai
2018-01-24,27.6,17.5,0.0,19.4,66,Mumbai
2018-01-25,28.7,16.1,0.0,16.6,61,Mumbai
2018-01-26,29.3,16.5,0.0,17.9,60,Mumbai
2018-01-27,28.6,16.7,0.0,16.7,62,Mumbai
2018-01-28,28.4,16.8,0.0,19.9,65,Mumbai
2018-01-29,29.1,17.4,0.0,17.6,60,Mumbai
2018-01-30,32.7,19.5,0.0,18.3,52,Mumbai
2018-01-31,32.9,18.0,0.0,17.3,52,Mumbai
2018-02-01,31.3,17.0,0.0,15.5,60,Mumbai
2018-02-02,29.3,17.8,0.0,18.9,64,Mumbai
2018-02-03,31.4,18.1,0.0,20.9,58,Mumbai
2018-02-04,29.7,20.2,0.0,17.1,57,Mumbai
2018-02-05,30.0,18.7,0.0,18.1,63,Mumbai
2018-02-06,29.9,19.6,0.0,18.6,63,Mumbai
2018-02-07,29.1,21.4,0.0,16.2,68,Mumbai
2018-02-08,28.5,20.0,0.0,16.6,81,Mumbai
2018-02-09,28.9,18.9,0.0,14.6,70,Mumbai
2018-02-10,29.0,19.9,0.0,19.8,68,Mumbai
2018-02-11,27.0,20.1,0.1,20.7,77,Mumbai
2018-02-12,27.0,18.6,0.0,17.3,75,Mumbai
2018-02-13,27.9,17.7,0.0,22.5,66,Mumbai
2018-02-14,33.2,18.9,0.0,19.7,55,Mumbai
2018-02-15,34.0,23.3,0.0,18.1,53,Mumbai
2018-02-16,32.2,21.5,0.0,19.8,54,Mumbai
2018-02-17,31.1,21.3,0.0,20.7,53,Mumbai
2018-02-18,31.0,19.4,0.0,19.5,53,Mumbai
2018-02-19,31.5,19.2,0.0,19.1,55,Mumbai
2018-02-20,32.1,21.6,0.0,20.4,59,Mumbai
2018-02-21,30.2,20.6,0.0,22.4,61,Mumbai
2018-02-22,32.5,20.8,0.0,22.1,53,Mumbai
2018-02-23,30.1,21.2,0.0,17.6,64,Mumbai
2018-02-24,31.5,21.1,0.0,20.3,57,Mumbai
2018-02-25,35.2,22.8,0.0,20.1,49,Mumbai
2018-02-26,32.6,21.4,0.0,17.1,56,Mumbai
2018-02-27,34.3,22.3,0.0,16.6,54,Mumbai
2018-02-28,33.9,21.6,0.0,15.8,56,Mumbai
2018-03-01,32.2,21.5,0.0,15.9,71,Mumbai
2018-03-02,32.1,22.6,0.0,21.1,69,Mumbai
2018-03-03,31.3,22.9,0.0,21.2,62,Mumbai
2018-03-04,30.5,22.5,0.0,19.7,75,Mumbai
2018-03-05,31.4,21.3,0.0,25.0,65,Mumbai
2018-03-06,32.1,23.5,0.0,24.3,53,Mumbai
2018-03-07,30.7,24.9,0.0,20.2,66,Mumbai
2018-03-08,29.7,21.0,0.0,25.0,78,Mumbai
2018-03-09,31.1,22.0,0.0,25.2,67,Mumbai
2018-03-10,30.9,22.2,0.0,24.5,66,Mumbai
2018-03-11,33.3,22.6,0.0,22.7,60,Mumbai
2018-03-12,35.0,21.9,0.0,25.5,54,Mumbai
2018-03-13,32.3,23.8,0.0,24.7,53,Mumbai
2018-03-14,34.1,22.1,0.0,29.3,46,Mumbai
2018-03-15,28.5,23.5,0.0,16.9,64,Mumbai
2018-03-16,29.8,23.4,0.0,16.6,70,Mumbai
2018-03-17,31.6,22.8,0.0,20.6,67,Mumbai
2018-03-18,30.8,22.9,0.0,18.1,70,Mumbai
2018-03-19,30.9,23.1,0.3,20.4,70,Mumbai
2018-03-20,30.3,21.8,0.0,16.6,78,Mumbai
2018-03-21,30.5,22.2,0.0,25.0,73,Mumbai
2018-03-22,29.1,21.1,0.0,21.6,74,Mumbai
2018-03-23,28.9,20.6,0.0,19.8,78,Mumbai
2018-03-24,30.9,21.4,0.0,20.1,74,Mumbai
2018-03-25,35.2,22.5,0.0,20.9,59,Mumbai
2018-03-26,35.8,24.2,0.0,21.3,48,Mumbai
2018-03-27,31.8,23.4,0.0,19.1,83,Mumbai
2018-03-28,30.4,24.3,0.0,17.7,82,Mumbai
2018-03-29,31.0,22.9,0.0,20.6,79,Mumbai
2018-03-30,30.8,23.2,0.0,18.5,81,Mumbai
2018-03-31,30.0,24.4,0.0,18.9,80,Mumbai
2018-04-01,31.4,22.5,0.0,23.9,77,Mumbai
2018-04-02,30.7,23.1,0.0,24.9,77,Mumbai
2018-04-03,30.6,22.9,0.0,24.1,77,Mumbai
2018-04-04,31.1,23.1,0.0,24.1,78,Mumbai
2018-04-05,31.5,23.8,0.0,22.5,75,Mumbai
2018-04-06,31.7,24.1,0.0,21.6,75,Mumbai
2018-04-07,31.7,23.1,0.0,21.2,77,Mumbai
2018-04-08,33.1,23.5,0.0,18.3,73,Mumbai
2018-04-09,32.5,22.1,0.0,22.7,75,Mumbai
2018-04-10,31.5,23.7,0.0,22.4,79,Mumbai
2018-04-11,31.1,24.2,0.0,17.6,81,Mumbai
2018-04-12,31.6,24.8,0.0,21.3,79,Mumbai
2018-04-13,31.3,24.1,0.0,20.3,80,Mumbai
2018-04-14,31.7,24.4,0.0,21.3,80,Mumbai
2018-04-15,31.2,25.5,0.0,21.0,81,Mumbai
2018-04-16,31.8,25.2,0.0,25.5,78,Mumbai
2018-04-17,34.6,26.0,0.1,22.2,78,Mumbai
2018-04-18,33.0,26.9,0.0,17.6,76,Mumbai
2018-04-19,34.0,24.9,0.0,20.7,71,Mumbai
2018-04-20,32.6,27.0,0.0,17.0,74,Mumbai
2018-04-21,32.6,25.6,0.0,22.9,77,Mumbai
2018-04-22,33.7,24.9,0.0,21.8,71,Mumbai
2018-04-23,32.2,23.8,0.0,19.2,79,Mumbai
2018-04-24,33.4,24.2,0.0,21.6,75,Mumbai
2018-04-25,33.1,23.4,0.0,23.9,75,Mumbai
2018-04-26,31.2,24.0,0.0,19.8,81,Mumbai
2018-04-27,31.4,24.8,0.0,21.9,78,Mumbai
2018-04-28,32.0,24.5,0.0,24.5,79,Mumbai
2018-04-29,32.0,26.2,0.0,19.8,77,Mumbai
2018-04-30,31.6,25.2,0.0,17.8,78,Mumbai
2018-05-01,31.7,26.1,0.0,18.4,78,Mumbai
2018-05-02,31.4,25.0,0.0,18.8,79,Mumbai
2018-05-03,32.1,25.8,0.0,19.1,79,Mumbai
2018-05-04,32.6,25.9,0.1,18.4,79,Mumbai
2018-05-05,32.1,26.6,0.0,18.4,78,Mumbai
2018-05-06,32.5,26.2,0.0,19.2,80,Mumbai
2018-05-07,32.4,27.1,0.0,18.2,74,Mumbai
2018-05-08,32.4,26.5,0.0,20.7,75,Mumbai
2018-05-09,32.6,26.2,0.0,23.3,76,Mumbai
2018-05-10,32.8,26.4,0.0,19.1,79,Mumbai
2018-05-11,33.2,26.8,0.0,19.6,76,Mumbai
2018-05-12,32.4,27.1,0.0,17.6,75,Mumbai
2018-05-13,32.7,25.8,0.0,19.7,79,Mumbai
2018-05-14,32.7,27.3,0.0,18.0,75,Mumbai
2018-05-15,32.2,26.8,0.0,17.8,75,Mumbai
2018-05-16,32.9,27.1,0.0,21.1,74,Mumbai
2018-05-17,33.3,27.5,0.0,22.2,79,Mumbai
2018-05-18,32.4,28.0,0.0,19.7,78,Mumbai
2018-05-19,32.5,26.7,0.0,17.9,77,Mumbai
2018-05-20,32.6,26.9,0.0,22.9,80,Mumbai
2018-05-21,32.5,27.1,0.0,19.9,76,Mumbai
2018-05-22,32.3,26.7,0.0,18.9,75,Mumbai
2018-05-23,31.9,26.6,0.0,16.3,78,Mumbai
2018-05-24,32.5,27.9,0.0,20.0,74,Mumbai
2018-05-25,32.7,28.1,0.0,20.1,73,Mumbai
2018-05-26,33.0,28.8,0.0,22.2,74,Mumbai
2018-05-27,33.3,28.6,0.4,19.6,78,Mumbai
2018-05-28,32.7,28.7,0.0,22.8,75,Mumbai
2018-05-29,32.4,28.2,1.0,21.3,72,Mumbai
2018-05-30,33.1,28.2,0.4,17.8,73,Mumbai
2018-05-31,33.1,28.4,0.4,18.1,76,Mumbai
2018-06-01,33.4,27.2,3.6,23.6,75,Mumbai
2018-06-02,33.1,27.3,3.3,20.5,77,Mumbai
2018-06-03,32.6,27.3,3.9,16.9,77,Mumbai
2018-06-04,31.7,27.4,4.3,19.6,78,Mumbai
2018-06-05,32.8,26.8,0.3,19.3,77,Mumbai
2018-06-06,31.4,28.2,5.6,15.8,80,Mumbai
2018-06-07,30.3,27.3,19.3,17.3,86,Mumbai
2018-06-08,30.0,27.4,10.7,14.8,86,Mumbai
2018-06-09,29.2,26.9,21.1,20.0,88,Mumbai
2018-06-10,30.3,26.6,17.1,26.3,86,Mumbai
2018-06-11,30.5,27.4,5.4,29.5,81,Mumbai
2018-06-12,31.0,27.5,3.1,25.5,82,Mumbai
2018-06-13,30.7,27.8,3.8,27.9,81,Mumbai
2018-06-14,30.9,27.1,8.0,21.6,83,Mumbai
2018-06-15,28.8,25.9,7.9,21.8,88,Mumbai
2018-06-16,28.0,25.6,10.3,21.4,89,Mumbai
2018-06-17,27.9,25.3,21.9,23.7,90,Mumbai
2018-06-18,28.1,25.3,27.7,22.3,89,Mumbai
2018-06-19,29.5,25.5,3.1,15.7,86,Mumbai
2018-06-20,30.9,27.2,1.1,20.9,80,Mumbai
2018-06-21,30.4,27.6,1.4,24.7,76,Mumbai
2018-06-22,29.8,27.3,5.4,17.1,82,Mumbai
2018-06-23,28.2,25.9,41.0,14.1,90,Mumbai
2018-06-24,28.1,25.5,49.3,26.6,90,Mumbai
2018-06-25,27.9,25.9,41.8,21.9,91,Mumbai
2018-06-26,29.2,26.0,11.6,26.4,87,Mumbai
2018-06-27,29.3,26.4,6.8,25.8,85,Mumbai
2018-06-28,27.6,25.4,12.6,21.5,90,Mumbai
2018-06-29,27.5,25.3,9.7,22.6,89,Mumbai
2018-06-30,28.4,25.2,6.8,29.4,89,Mumbai
2018-07-01,28.3,25.4,7.0,25.7,89,Mumbai
2018-07-02,27.5,25.7,23.2,25.6,92,Mumbai
2018-07-03,27.4,25.7,35.1,26.4,91,Mumbai
2018-07-04,27.1,25.4,39.4,30.8,91,Mumbai
2018-07-05,27.4,25.0,20.4,26.6,89,Mumbai
2018-07-06,27.3,25.5,10.5,20.0,90,Mumbai
2018-07-07,26.3,24.9,39.3,17.1,93,Mumbai
2018-07-08,27.1,25.2,52.9,23.8,91,Mumbai
2018-07-09,26.8,25.3,43.0,20.2,92,Mumbai
2018-07-10,27.6,25.5,26.8,22.3,90,Mumbai
2018-07-11,27.6,25.6,18.6,24.2,90,Mumbai
2018-07-12,26.8,25.4,26.1,25.5,92,Mumbai
2018-07-13,27.4,25.5,32.7,24.3,91,Mumbai
2018-07-14,27.3,25.4,16.8,24.0,91,Mumbai
2018-07-15,26.7,25.5,37.7,31.0,92,Mumbai
2018-07-16,27.0,25.6,43.8,29.2,91,Mumbai
2018-07-17,26.9,25.4,25.4,29.4,91,Mumbai
2018-07-18,28.1,25.2,10.7,30.4,88,Mumbai
2018-07-19,27.7,25.3,9.0,23.5,88,Mumbai
2018-07-20,26.5,25.4,20.2,23.5,92,Mumbai
2018-07-21,28.0,25.6,13.2,28.8,88,Mumbai
2018-07-22,27.7,25.6,9.4,27.5,89,Mumbai
2018-07-23,28.3,25.5,5.2,28.1,85,Mumbai
2018-07-24,27.8,25.8,6.8,27.8,85,Mumbai
2018-07-25,28.1,25.6,4.1,27.6,84,Mumbai
2018-07-26,27.7,25.9,3.6,28.7,84,Mumbai
2018-07-27,28.5,25.8,6.2,31.2,83,Mumbai
2018-07-28,28.2,26.3,2.8,27.5,85,Mumbai
2018-07-29,28.8,26.4,3.2,26.1,84,Mumbai
2018-07-30,28.8,26.2,6.6,25.2,84,Mumbai
2018-07-31,28.6,25.9,4.4,25.7,84,Mumbai
2018-08-01,28.6,25.4,7.0,26.1,85,Mumbai
2018-08-02,28.4,25.5,4.2,24.1,84,Mumbai
2018-08-03,27.7,25.2,6.8,25.6,85,Mumbai
2018-08-04,26.5,24.9,16.3,26.5,88,Mumbai
2018-08-05,28.1,25.3,4.7,27.9,83,Mumbai
2018-08-06,27.9,25.5,6.4,30.1,83,Mumbai
2018-08-07,28.0,25.5,6.0,28.6,83,Mumbai
2018-08-08,27.6,25.7,5.7,26.5,85,Mumbai
2018-08-09,26.8,25.3,8.4,26.1,87,Mumbai
2018-08-10,27.9,25.2,7.7,23.3,88,Mumbai
2018-08-11,27.5,25.3,7.4,27.6,87,Mumbai
2018-08-12,27.8,25.0,9.4,31.0,86,Mumbai
2018-08-13,27.9,25.0,8.1,30.0,85,Mumbai
2018-08-14,28.2,25.4,5.9,28.5,85,Mumbai
2018-08-15,28.1,25.4,7.0,26.3,86,Mumbai
2018-08-16,27.0,25.3,15.1,27.3,88,Mumbai
2018-08-17,26.6,25.3,17.7,31.3,87,Mumbai
2018-08-18,26.8,24.8,11.9,24.5,90,Mumbai
2018-08-19,27.1,25.0,6.6,23.9,88,Mumbai
2018-08-20,26.6,24.9,17.6,22.6,90,Mumbai
2018-08-21,25.3,24.7,28.5,22.2,92,Mumbai
2018-08-22,25.7,24.7,20.8,23.2,93,Mumbai
2018-08-23,27.4,25.3,4.9,24.6,86,Mumbai
2018-08-24,27.3,24.8,6.0,23.7,88,Mumbai
2018-08-25,27.4,24.8,10.6,27.2,88,Mumbai
2018-08-26,26.9,24.6,11.4,27.9,89,Mumbai
2018-08-27,26.4,24.3,8.3,21.1,91,Mumbai
2018-08-28,26.1,24.4,4.9,15.0,91,Mumbai
2018-08-29,27.5,24.4,5.5,20.4,90,Mumbai
2018-08-30,26.9,24.9,3.7,18.4,89,Mumbai
2018-08-31,27.5,25.0,4.6,20.0,86,Mumbai
2018-09-01,26.6,24.4,6.4,20.6,89,Mumbai
2018-09-02,27.7,25.0,7.4,25.3,85,Mumbai
2018-09-03,28.0,24.5,5.4,21.7,86,Mumbai
2018-09-04,27.3,24.9,4.5,22.5,85,Mumbai
2018-09-05,27.8,24.9,2.9,20.5,82,Mumbai
2018-09-06,27.5,25.0,2.0,18.0,82,Mumbai
2018-09-07,27.1,24.6,2.2,17.4,84,Mumbai
2018-09-08,27.4,24.4,2.9,17.7,83,Mumbai
2018-09-09,27.8,23.9,3.1,18.4,83,Mumbai
2018-09-10,28.3,23.9,1.2,15.2,83,Mumbai
2018-09-11,28.1,23.5,0.9,17.3,86,Mumbai
2018-09-12,28.0,24.0,1.5,16.1,86,Mumbai
2018-09-13,27.2,23.8,2.0,13.5,85,Mumbai
2018-09-14,27.5,24.3,3.5,14.5,88,Mumbai
2018-09-15,27.6,24.8,3.0,13.0,87,Mumbai
2018-09-16,28.6,24.9,2.3,17.6,86,Mumbai
2018-09-17,28.4,24.6,0.7,17.6,85,Mumbai
2018-09-18,28.1,24.0,1.9,15.7,84,Mumbai
2018-09-19,27.9,23.7,7.5,13.8,86,Mumbai
2018-09-20,29.0,25.3,6.3,20.4,84,Mumbai
2018-09-21,29.6,24.9,4.7,19.7,88,Mumbai
2018-09-22,29.1,26.0,2.1,21.7,85,Mumbai
2018-09-23,28.4,25.7,1.6,16.5,84,Mumbai
2018-09-24,29.0,25.2,2.7,14.5,87,Mumbai
2018-09-25,29.3,24.8,0.0,16.8,86,Mumbai
2018-09-26,30.3,24.1,0.0,18.6,87,Mumbai
2018-09-27,31.3,25.8,0.1,14.8,86,Mumbai
2018-09-28,31.1,26.5,6.3,8.8,88,Mumbai
2018-09-29,31.5,26.1,0.0,15.0,84,Mumbai
2018-09-30,32.6,26.7,0.0,12.4,78,Mumbai
2018-10-01,33.1,26.2,0.0,11.8,76,Mumbai
2018-10-02,33.2,26.8,0.1,12.2,81,Mumbai
2018-10-03,31.8,26.2,1.5,12.9,87,Mumbai
2018-10-04,32.3,26.9,0.2,10.7,82,Mumbai
2018-10-05,33.3,26.3,0.8,11.8,77,Mumbai
2018-10-06,33.7,26.5,0.0,13.6,76,Mumbai
2018-10-07,34.3,26.0,0.0,14.1,74,Mumbai
2018-10-08,32.5,26.1,0.0,13.7,84,Mumbai
2018-10-09,31.4,26.9,1.5,17.6,85,Mumbai
2018-10-10,31.3,26.6,0.7,17.7,85,Mumbai
2018-10-11,31.0,26.1,0.0,17.4,85,Mumbai
2018-10-12,31.9,25.7,0.0,15.1,85,Mumbai
2018-10-13,33.9,25.8,0.0,15.3,77,Mumbai
2018-10-14,32.7,24.8,0.0,16.1,74,Mumbai
2018-10-15,33.6,24.0,0.0,15.7,73,Mumbai
2018-10-16,33.2,23.8,0.0,14.2,71,Mumbai
2018-10-17,30.4,25.5,6.8,14.5,85,Mumbai
2018-10-18,30.2,25.0,0.3,14.3,84,Mumbai
2018-10-19,32.5,25.5,0.0,15.6,82,Mumbai
2018-10-20,33.0,25.6,0.0,11.9,77,Mumbai
2018-10-21,31.5,25.6,0.0,14.8,83,Mumbai
2018-10-22,32.8,25.9,0.0,13.5,77,Mumbai
2018-10-23,34.2,23.5,0.0,18.3,59,Mumbai
2018-10-24,33.2,22.1,0.0,18.6,58,Mumbai
2018-10-25,33.0,23.9,0.0,17.3,71,Mumbai
2018-10-26,34.2,25.3,0.0,18.9,66,Mumbai
2018-10-27,33.8,24.6,0.0,17.5,60,Mumbai
2018-10-28,35.5,23.4,0.0,20.0,54,Mumbai
2018-10-29,34.8,23.1,0.0,22.8,40,Mumbai
2018-10-30,34.1,22.9,0.0,18.6,45,Mumbai
2018-10-31,32.6,22.3,0.0,19.8,54,Mumbai
2018-11-01,33.1,22.7,0.0,22.8,64,Mumbai
2018-11-02,34.7,23.6,0.0,15.6,64,Mumbai
2018-11-03,33.5,23.9,0.0,13.4,68,Mumbai
2018-11-04,33.1,25.8,0.0,16.4,75,Mumbai
2018-11-05,33.6,25.8,0.5,12.6,73,Mumbai
2018-11-06,33.7,26.1,0.0,18.3,68,Mumbai
2018-11-07,33.6,24.3,0.0,20.0,47,Mumbai
2018-11-08,32.5,20.9,0.0,17.1,60,Mumbai
2018-11-09,33.0,23.3,0.0,16.0,68,Mumbai
2018-11-10,33.8,23.4,0.0,17.5,63,Mumbai
2018-11-11,33.1,22.4,0.0,16.9,64,Mumbai
2018-11-12,32.2,20.7,0.0,17.0,63,Mumbai
2018-11-13,31.4,21.7,0.0,15.3,71,Mumbai
2018-11-14,29.9,20.9,0.0,19.4,81,Mumbai
2018-11-15,32.6,21.3,0.0,17.9,67,Mumbai
2018-11-16,34.2,21.6,0.0,20.1,52,Mumbai
2018-11-17,32.7,20.1,0.0,16.3,56,Mumbai
2018-11-18,31.9,21.7,0.0,18.3,71,Mumbai
2018-11-19,31.7,22.8,0.0,15.9,78,Mumbai
2018-11-20,31.7,24.2,0.0,14.5,78,Mumbai
2018-11-21,32.8,23.6,0.0,16.4,72,Mumbai
2018-11-22,33.8,25.1,0.0,18.8,65,Mumbai
2018-11-23,34.5,23.8,0.0,18.8,60,Mumbai
2018-11-24,33.9,22.6,0.0,17.6,59,Mumbai
2018-11-25,31.9,22.2,0.0,15.9,66,Mumbai
2018-11-26,33.2,21.3,0.0,16.0,64,Mumbai
2018-11-27,33.6,21.3,0.0,15.1,60,Mumbai
2018-11-28,33.1,20.8,0.0,14.3,58,Mumbai
2018-11-29,32.6,19.6,0.0,14.4,59,Mumbai
2018-11-30,32.8,19.2,0.0,15.8,56,Mumbai
2018-12-01,32.5,19.4,0.0,13.4,57,Mumbai
2018-12-02,31.6,19.1,0.0,14.3,62,Mumbai
2018-12-03,30.6,19.8,0.0,13.4,67,Mumbai
2018-12-04,32.4,20.7,0.0,13.4,64,Mumbai
2018-12-05,31.4,21.1,0.0,14.8,67,Mumbai
2018-12-06,30.8,20.5,0.0,17.6,67,Mumbai
2018-12-07,30.2,20.2,0.0,17.7,70,Mumbai
2018-12-08,30.4,20.1,0.0,17.1,64,Mumbai
2018-12-09,30.0,18.7,0.0,19.6,59,Mumbai
2018-12-10,29.0,18.5,0.0,20.2,61,Mumbai
2018-12-11,29.6,17.8,0.0,19.6,67,Mumbai
2018-12-12,28.3,20.2,0.0,17.6,74,Mumbai
2018-12-13,29.7,20.5,0.0,28.0,58,Mumbai
2018-12-14,31.6,21.3,0.0,21.2,44,Mumbai
2018-12-15,31.9,22.5,0.0,19.0,46,Mumbai
2018-12-16,31.4,22.0,0.0,20.2,50,Mumbai
2018-12-17,28.5,19.5,0.0,21.9,51,Mumbai
2018-12-18,29.6,19.3,0.0,20.6,58,Mumbai
2018-12-19,28.6,17.6,0.0,16.2,61,Mumbai
2018-12-20,29.4,16.1,0.0,14.8,59,Mumbai
2018-12-21,30.3,17.3,0.0,12.8,66,Mumbai
2018-12-22,29.9,17.0,0.0,14.6,63,Mumbai
2018-12-23,30.0,18.4,0.0,16.3,64,Mumbai
2018-12-24,29.5,19.2,0.0,16.6,64,Mumbai
2018-12-25,29.4,19.8,0.0,15.9,66,Mumbai
2018-12-26,27.9,19.7,0.0,22.7,46,Mumbai
2018-12-27,29.0,17.1,0.0,18.5,42,Mumbai
2018-12-28,29.3,16.9,0.0,19.3,45,Mumbai
2018-12-29,29.7,16.5,0.0,17.9,41,Mumbai
2018-12-30,30.6,15.8,0.0,14.6,44,Mumbai
2018-12-31,30.5,15.4,0.0,13.9,47,Mumbai
2019-01-01,29.8,14.9,0.0,13.9,56,Mumbai
2019-01-02,30.1,15.4,0.0,17.9,53,Mumbai
2019-01-03,29.4,15.0,0.0,13.0,58,Mumbai
2019-01-04,30.0,15.4,0.0,16.3,65,Mumbai
2019-01-05,28.4,16.0,0.0,15.6,64,Mumbai
2019-01-06,29.9,16.6,0.0,23.7,58,Mumbai
2019-01-07,30.5,17.7,0.0,20.3,48,Mumbai
2019-01-08,29.9,17.3,0.0,17.1,50,Mumbai
2019-01-09,28.0,14.4,0.0,16.8,63,Mumbai
2019-01-10,28.8,14.7,0.0,14.5,62,Mumbai
2019-01-11,28.6,15.4,0.0,16.3,65,Mumbai
2019-01-12,27.2,16.1,0.0,17.1,71,Mumbai
2019-01-13,29.4,16.0,0.0,19.6,60,Mumbai
2019-01-14,29.7,16.6,0.0,18.7,54,Mumbai
2019-01-15,31.5,18.9,0.0,18.1,55,Mumbai
2019-01-16,30.4,17.5,0.0,15.6,62,Mumbai
2019-01-17,29.5,18.0,0.0,17.1,64,Mumbai
2019-01-18,29.2,16.5,0.0,15.3,65,Mumbai
2019-01-19,31.0,16.8,0.0,13.8,68,Mumbai
2019-01-20,31.0,17.6,0.0,14.0,70,Mumbai
2019-01-21,27.8,18.3,0.0,16.6,76,Mumbai
2019-01-22,26.4,19.6,0.0,11.9,81,Mumbai
2019-01-23,25.8,19.2,0.2,22.4,75,Mumbai
2019-01-24,26.4,17.2,0.0,22.9,65,Mumbai
2019-01-25,25.6,17.3,0.0,26.7,46,Mumbai
2019-01-26,27.2,16.8,0.0,27.4,47,Mumbai
2019-01-27,28.9,19.0,0.0,27.4,47,Mumbai
2019-01-28,28.4,18.4,0.0,22.5,42,Mumbai
2019-01-29,29.4,18.2,0.0,19.7,40,Mumbai
2019-01-30,29.8,15.8,0.0,14.7,55,Mumbai
2019-01-31,28.2,17.2,0.0,16.6,62,Mumbai
2019-02-01,28.3,16.9,0.0,17.3,67,Mumbai
2019-02-02,27.3,18.1,0.0,22.0,61,Mumbai
2019-02-03,28.8,17.8,0.0,15.6,67,Mumbai
2019-02-04,30.5,18.7,0.0,18.4,65,Mumbai
2019-02-05,28.9,18.9,0.0,18.0,77,Mumbai
2019-02-06,26.9,19.7,0.0,19.6,75,Mumbai
2019-02-07,25.0,19.2,0.0,22.1,72,Mumbai
2019-02-08,23.1,16.0,0.0,24.6,63,Mumbai
2019-02-09,27.5,15.1,0.0,23.2,47,Mumbai
2019-02-10,28.7,13.0,0.0,13.8,45,Mumbai
2019-02-11,30.8,15.3,0.0,15.1,54,Mumbai
2019-02-12,32.3,19.3,0.0,10.9,49,Mumbai
2019-02-13,29.2,22.0,0.0,21.5,57,Mumbai
2019-02-14,28.9,20.6,0.0,22.9,64,Mumbai
2019-02-15,27.7,19.5,0.0,19.4,70,Mumbai
2019-02-16,27.5,16.6,0.0,19.9,70,Mumbai
2019-02-17,27.2,17.1,0.0,18.7,66,Mumbai
2019-02-18,28.7,17.9,0.0,19.2,67,Mumbai
2019-02-19,28.7,17.2,0.0,19.6,67,Mumbai
2019-02-20,30.0,18.2,0.0,14.8,76,Mumbai
2019-02-21,29.3,19.8,0.0,23.7,82,Mumbai
2019-02-22,29.5,21.1,0.0,20.5,71,Mumbai
2019-02-23,32.5,21.1,0.0,18.4,59,Mumbai
2019-02-24,29.9,21.1,0.0,26.6,58,Mumbai
2019-02-25,29.5,19.2,0.0,21.9,64,Mumbai
2019-02-26,30.7,20.1,0.0,19.7,71,Mumbai
2019-02-27,27.3,18.4,0.0,17.4,78,Mumbai
2019-02-28,29.2,19.5,0.0,23.4,66,Mumbai
2019-03-01,28.6,17.2,0.0,18.0,61,Mumbai
2019-03-02,28.5,19.6,0.0,16.5,74,Mumbai
2019-03-03,27.4,20.6,0.0,16.1,83,Mumbai
2019-03-04,27.9,20.3,0.0,18.2,84,Mumbai
2019-03-05,27.2,21.0,0.0,16.3,78,Mumbai
2019-03-06,27.2,19.8,0.0,20.5,76,Mumbai
2019-03-07,28.6,19.5,0.0,22.1,75,Mumbai
2019-03-08,29.4,19.5,0.0,22.7,69,Mumbai
2019-03-09,30.4,20.8,0.0,21.5,62,Mumbai
2019-03-10,30.4,20.4,0.0,18.9,65,Mumbai
2019-03-11,28.2,21.2,0.0,22.0,78,Mumbai
2019-03-12,28.4,21.1,0.0,17.9,78,Mumbai
2019-03-13,28.1,21.0,0.0,21.2,75,Mumbai
2019-03-14,28.8,20.3,0.0,24.8,68,Mumbai
2019-03-15,33.3,21.1,0.0,22.4,51,Mumbai
2019-03-16,30.8,20.5,0.0,18.6,57,Mumbai
2019-03-17,29.9,19.5,0.0,16.2,73,Mumbai
2019-03-18,31.4,18.9,0.0,19.7,63,Mumbai
2019-03-19,31.7,19.1,0.0,20.1,62,Mumbai
2019-03-20,29.3,20.7,0.0,22.6,79,Mumbai
2019-03-21,29.1,20.3,0.0,18.4,79,Mumbai
2019-03-22,29.2,20.3,0.0,21.9,78,Mumbai
2019-03-23,31.8,21.7,0.0,21.7,60,Mumbai
2019-03-24,35.2,23.4,0.0,22.2,48,Mumbai
2019-03-25,35.1,22.6,0.0,24.4,48,Mumbai
2019-03-26,36.2,22.7,0.0,21.3,49,Mumbai
2019-03-27,32.2,22.0,0.0,18.2,76,Mumbai
2019-03-28,31.5,20.7,0.0,20.7,77,Mumbai
2019-03-29,32.2,22.8,0.0,21.9,71,Mumbai
2019-03-30,30.8,23.8,0.0,19.1,78,Mumbai
2019-03-31,31.1,24.8,0.0,16.8,77,Mumbai
2019-04-01,30.5,22.9,0.0,16.5,77,Mumbai
2019-04-02,30.0,22.5,0.0,17.7,81,Mumbai
2019-04-03,31.8,23.4,0.0,21.3,80,Mumbai
2019-04-04,31.3,22.9,0.0,23.4,82,Mumbai
2019-04-05,30.8,24.3,0.0,16.0,79,Mumbai
2019-04-06,31.3,23.8,0.0,19.1,80,Mumbai
2019-04-07,31.6,23.4,0.0,18.0,79,Mumbai
2019-04-08,31.4,23.7,0.0,18.3,80,Mumbai
2019-04-09,31.0,22.9,0.0,16.2,82,Mumbai
2019-04-10,31.3,23.6,0.0,19.5,82,Mumbai
2019-04-11,31.4,24.2,0.0,17.6,80,Mumbai
2019-04-12,32.2,24.0,0.0,21.3,78,Mumbai
2019-04-13,33.9,23.4,0.0,26.5,68,Mumbai
2019-04-14,34.4,23.5,0.0,20.5,73,Mumbai
2019-04-15,35.4,25.2,0.0,17.4,74,Mumbai
2019-04-16,31.5,26.3,0.0,15.5,78,Mumbai
2019-04-17,30.7,25.4,0.2,21.4,61,Mumbai
2019-04-18,31.1,23.1,0.0,27.2,70,Mumbai
2019-04-19,33.7,22.9,0.0,24.8,70,Mumbai
2019-04-20,32.2,22.4,0.0,17.6,76,Mumbai
2019-04-21,31.8,23.0,0.0,16.7,74,Mumbai
2019-04-22,32.0,23.1,0.0,19.0,76,Mumbai
2019-04-23,32.6,23.7,0.0,22.9,77,Mumbai
2019-04-24,32.2,23.9,0.0,28.3,77,Mumbai
2019-04-25,32.6,25.2,0.0,26.5,73,Mumbai
2019-04-26,33.8,24.8,0.0,27.5,74,Mumbai
2019-04-27,35.3,25.9,0.0,25.1,68,Mumbai
2019-04-28,35.2,27.1,0.0,22.3,72,Mumbai
2019-04-29,31.8,26.3,0.0,21.1,79,Mumbai
2019-04-30,31.6,26.7,0.0,18.3,78,Mumbai
2019-05-01,31.1,24.8,0.0,16.1,78,Mumbai
2019-05-02,30.8,24.3,0.0,18.8,75,Mumbai
2019-05-03,30.8,24.1,0.0,17.7,73,Mumbai
2019-05-04,31.3,27.1,0.8,18.6,69,Mumbai
2019-05-05,31.4,26.3,0.0,18.2,73,Mumbai
2019-05-06,32.0,25.7,0.0,22.3,78,Mumbai
2019-05-07,31.4,25.8,0.0,18.7,79,Mumbai
2019-05-08,31.6,26.7,0.1,20.7,69,Mumbai
2019-05-09,31.4,26.3,0.0,18.3,68,Mumbai
2019-05-10,31.7,26.1,0.0,17.7,73,Mumbai
2019-05-11,31.8,25.1,0.0,21.1,73,Mumbai
2019-05-12,31.5,25.7,0.0,19.9,76,Mumbai
2019-05-13,31.8,26.9,0.0,20.2,74,Mumbai
2019-05-14,31.9,25.5,0.0,20.3,77,Mumbai
2019-05-15,32.7,24.7,0.0,21.8,76,Mumbai
2019-05-16,32.2,25.0,0.0,21.4,78,Mumbai
2019-05-17,32.4,25.3,0.0,24.2,79,Mumbai
2019-05-18,33.0,25.1,0.0,24.5,79,Mumbai
2019-05-19,33.4,26.3,0.0,25.0,78,Mumbai
2019-05-20,33.3,25.8,0.0,26.4,80,Mumbai
2019-05-21,33.6,25.8,0.0,22.2,81,Mumbai
2019-05-22,32.5,26.2,0.0,22.0,79,Mumbai
2019-05-23,32.5,26.8,0.0,22.0,79,Mumbai
2019-05-24,33.0,27.1,0.0,22.3,76,Mumbai
2019-05-25,32.5,27.3,0.0,18.4,75,Mumbai
2019-05-26,32.4,26.0,0.0,18.2,73,Mumbai
2019-05-27,33.0,27.6,0.0,22.1,73,Mumbai
2019-05-28,32.7,27.2,0.0,19.7,75,Mumbai
2019-05-29,32.4,26.7,0.0,20.5,77,Mumbai
2019-05-30,32.6,27.0,0.0,18.8,75,Mumbai
2019-05-31,32.4,27.2,0.0,19.5,73,Mumbai
2019-06-01,32.8,28.3,0.1,17.7,71,Mumbai
2019-06-02,32.8,28.3,0.0,18.0,70,Mumbai
2019-06-03,32.7,28.7,0.0,20.2,71,Mumbai
2019-06-04,32.5,28.2,0.7,18.4,70,Mumbai
2019-06-05,32.7,28.1,0.3,21.9,72,Mumbai
2019-06-06,33.1,28.5,0.0,18.1,72,Mumbai
2019-06-07,32.9,28.0,0.3,18.8,73,Mumbai
2019-06-08,33.7,29.0,0.1,20.2,75,Mumbai
2019-06-09,33.2,28.5,0.3,17.0,76,Mumbai
2019-06-10,32.0,28.8,1.1,16.2,78,Mumbai
2019-06-11,33.8,28.0,1.6,19.1,75,Mumbai
2019-06-12,30.2,26.6,20.3,38.9,85,Mumbai
2019-06-13,29.1,26.3,12.9,35.2,89,Mumbai
2019-06-14,29.2,26.0,11.1,30.8,89,Mumbai
2019-06-15,28.8,26.0,11.7,30.6,89,Mumbai
2019-06-16,29.3,26.2,5.6,29.8,88,Mumbai
2019-06-17,29.0,26.2,4.7,26.0,88,Mumbai
2019-06-18,29.0,25.7,9.1,28.8,91,Mumbai
2019-06-19,29.5,26.1,7.8,23.8,88,Mumbai
2019-06-20,30.3,26.3,1.9,14.6,85,Mumbai
2019-06-21,29.5,27.0,1.3,15.3,86,Mumbai
2019-06-22,30.1,26.8,1.4,16.9,82,Mumbai
2019-06-23,29.6,27.1,2.5,13.2,83,Mumbai
2019-06-24,28.7,26.8,5.8,12.5,85,Mumbai
2019-06-25,29.7,26.2,9.0,13.6,85,Mumbai
2019-06-26,29.7,26.3,15.3,20.5,88,Mumbai
2019-06-27,28.8,26.0,24.1,19.1,90,Mumbai
2019-06-28,28.7,26.1,73.1,24.2,91,Mumbai
2019-06-29,27.6,25.8,73.6,24.9,91,Mumbai
2019-06-30,26.9,25.8,33.4,16.8,91,Mumbai
2019-07-01,26.8,25.4,36.6,15.5,93,Mumbai
2019-07-02,28.2,25.7,26.3,18.8,90,Mumbai
2019-07-03,27.4,25.6,15.2,17.8,92,Mumbai
2019-07-04,27.7,26.1,21.5,21.5,91,Mumbai
2019-07-05,27.8,25.8,15.9,24.6,92,Mumbai
2019-07-06,27.2,25.5,20.2,25.4,92,Mumbai
2019-07-07,27.7,25.7,19.6,26.1,91,Mumbai
2019-07-08,28.0,25.7,15.3,24.2,91,Mumbai
2019-07-09,27.7,25.8,14.0,27.7,90,Mumbai
2019-07-10,27.5,25.6,33.0,27.6,91,Mumbai
2019-07-11,27.3,25.5,17.4,23.5,90,Mumbai
2019-07-12,27.5,25.6,6.2,26.4,91,Mumbai
2019-07-13,27.9,25.3,5.0,19.9,92,Mumbai
2019-07-14,28.3,25.8,5.6,19.5,90,Mumbai
2019-07-15,29.3,25.8,5.1,22.2,88,Mumbai
2019-07-16,28.1,25.6,6.4,17.1,90,Mumbai
2019-07-17,28.2,25.5,7.4,16.5,89,Mumbai
2019-07-18,28.4,25.6,4.1,14.8,89,Mumbai
2019-07-19,29.0,26.0,2.4,14.2,87,Mumbai
2019-07-20,28.8,26.3,20.1,13.5,88,Mumbai
2019-07-21,29.1,25.7,84.9,14.5,89,Mumbai
2019-07-22,29.6,26.0,5.1,19.5,88,Mumbai
2019-07-23,28.8,26.0,12.5,33.1,89,Mumbai
2019-07-24,27.2,26.0,197.7,31.5,91,Mumbai
2019-07-25,27.7,26.1,25.6,20.9,91,Mumbai
2019-07-26,27.5,25.7,28.4,23.5,90,Mumbai
2019-07-27,27.2,25.6,38.2,26.3,91,Mumbai
2019-07-28,27.4,25.5,11.3,26.3,88,Mumbai
2019-07-29,26.3,25.4,30.6,27.0,91,Mumbai
2019-07-30,26.5,25.5,68.6,30.1,90,Mumbai
2019-07-31,26.6,25.4,31.8,28.2,90,Mumbai
2019-08-01,27.6,25.8,15.7,27.7,87,Mumbai
2019-08-02,28.1,25.3,28.3,31.6,89,Mumbai
2019-08-03,26.0,25.5,91.9,33.7,92,Mumbai
2019-08-04,26.4,25.7,100.3,34.2,90,Mumbai
2019-08-05,26.3,25.5,59.2,28.4,92,Mumbai
2019-08-06,27.0,25.6,40.6,29.6,91,Mumbai
2019-08-07,28.0,25.8,20.5,31.4,89,Mumbai
2019-08-08,27.6,26.1,13.6,33.4,88,Mumbai
2019-08-09,27.8,26.1,11.9,36.0,87,Mumbai
2019-08-10,28.1,26.1,9.6,38.0,85,Mumbai
2019-08-11,28.1,25.4,14.0,33.7,87,Mumbai
2019-08-12,28.4,25.4,5.3,21.2,88,Mumbai
2019-08-13,28.4,25.5,4.2,18.6,89,Mumbai
2019-08-14,27.9,25.8,8.2,17.6,90,Mumbai
2019-08-15,27.5,25.3,11.6,21.1,90,Mumbai
2019-08-16,28.4,25.4,7.4,23.4,88,Mumbai
2019-08-17,28.3,25.7,3.5,21.7,86,Mumbai
2019-08-18,28.7,25.6,2.4,17.3,87,Mumbai
2019-08-19,28.0,25.5,3.3,15.3,88,Mumbai
2019-08-20,28.6,25.5,2.3,15.2,87,Mumbai
2019-08-21,27.5,25.6,5.0,14.0,89,Mumbai
2019-08-22,27.4,25.2,5.3,14.4,90,Mumbai
2019-08-23,27.7,24.7,5.7,15.4,89,Mumbai
2019-08-24,27.6,24.7,7.2,14.5,91,Mumbai
2019-08-25,27.5,24.8,3.3,14.2,89,Mumbai
2019-08-26,28.0,25.1,4.6,17.7,87,Mumbai
2019-08-27,27.2,24.8,6.5,19.0,90,Mumbai
2019-08-28,27.6,25.1,3.9,19.4,90,Mumbai
2019-08-29,28.2,25.2,3.8,19.3,90,Mumbai
2019-08-30,28.1,25.7,13.1,15.1,90,Mumbai
2019-08-31,27.4,25.6,24.1,18.4,91,Mumbai
2019-09-01,27.6,25.4,15.7,20.2,89,Mumbai
2019-09-02,27.8,25.8,13.2,19.2,90,Mumbai
2019-09-03,27.2,25.4,33.0,18.3,92,Mumbai
2019-09-04,26.4,25.3,84.3,22.1,93,Mumbai
2019-09-05,27.3,25.3,42.4,26.6,91,Mumbai
2019-09-06,27.2,25.7,43.7,24.8,92,Mumbai
2019-09-07,27.5,25.6,39.8,23.3,91,Mumbai
2019-09-08,27.1,25.9,43.8,24.2,92,Mumbai
2019-09-09,28.1,25.7,25.2,22.9,90,Mumbai
2019-09-10,27.6,25.7,16.8,21.5,92,Mumbai
2019-09-11,27.7,25.4,8.2,17.7,91,Mumbai
2019-09-12,26.8,25.4,13.7,18.6,91,Mumbai
2019-09-13,26.8,24.8,37.2,18.4,92,Mumbai
2019-09-14,27.4,25.1,13.0,17.0,91,Mumbai
2019-09-15,27.2,25.1,10.4,16.2,90,Mumbai
2019-09-16,27.6,25.2,5.7,17.4,90,Mumbai
2019-09-17,28.3,25.7,3.7,18.8,87,Mumbai
2019-09-18,28.3,25.6,16.5,18.1,91,Mumbai
2019-09-19,28.6,24.5,38.9,13.7,91,Mumbai
2019-09-20,28.1,25.3,6.3,24.9,89,Mumbai
2019-09-21,28.2,25.3,13.0,32.0,87,Mumbai
2019-09-22,28.5,25.4,1.1,26.0,87,Mumbai
2019-09-23,28.9,25.6,0.9,15.6,88,Mumbai
2019-09-24,29.0,25.4,3.5,20.4,89,Mumbai
2019-09-25,29.1,25.0,26.5,13.6,91,Mumbai
2019-09-26,28.4,25.6,21.0,22.9,90,Mumbai
2019-09-27,27.6,25.1,18.0,26.5,89,Mumbai
2019-09-28,28.2,25.0,5.4,23.5,88,Mumbai
2019-09-29,28.6,25.3,4.4,24.7,88,Mumbai
2019-09-30,28.1,25.5,6.8,16.8,90,Mumbai
2019-10-01,28.6,25.5,2.0,13.5,89,Mumbai
2019-10-02,28.9,25.4,1.0,14.3,87,Mumbai
2019-10-03,29.4,24.6,0.4,15.8,88,Mumbai
2019-10-04,29.5,25.3,3.5,12.8,90,Mumbai
2019-10-05,30.3,24.7,4.3,14.0,89,Mumbai
2019-10-06,29.8,24.2,0.5,9.9,87,Mumbai
2019-10-07,29.9,25.4,5.0,15.2,88,Mumbai
2019-10-08,31.0,25.6,5.8,14.8,87,Mumbai
2019-10-09,31.0,25.9,1.7,13.3,85,Mumbai
2019-10-10,31.5,25.7,0.0,12.0,85,Mumbai
2019-10-11,30.7,25.6,3.7,13.6,83,Mumbai
2019-10-12,30.7,25.7,7.3,14.0,88,Mumbai
2019-10-13,31.3,25.2,4.1,13.2,86,Mumbai
2019-10-14,33.0,25.9,0.0,15.9,80,Mumbai
2019-10-15,33.6,25.6,0.0,17.8,71,Mumbai
2019-10-16,33.1,24.8,0.0,15.6,69,Mumbai
2019-10-17,33.3,25.0,0.0,16.5,68,Mumbai
2019-10-18,31.5,24.4,1.1,9.4,76,Mumbai
2019-10-19,27.0,25.2,18.4,10.3,88,Mumbai
2019-10-20,26.0,24.5,32.4,12.2,92,Mumbai
2019-10-21,30.2,24.0,16.2,10.7,86,Mumbai
2019-10-22,28.6,24.5,23.8,12.3,89,Mumbai
2019-10-23,27.2,24.0,92.5,8.7,92,Mumbai
2019-10-24,29.0,24.4,11.9,11.7,88,Mumbai
2019-10-25,28.0,24.6,12.4,22.4,83,Mumbai
2019-10-26,26.8,24.5,12.9,20.3,88,Mumbai
2019-10-27,29.8,23.5,0.2,14.2,83,Mumbai
2019-10-28,29.5,23.9,3.6,13.3,85,Mumbai
2019-10-29,30.6,23.9,1.6,9.7,84,Mumbai
2019-10-30,31.5,25.0,0.4,9.5,83,Mumbai
2019-10-31,32.1,25.7,0.6,12.4,73,Mumbai
2019-11-01,30.7,25.2,12.8,19.0,81,Mumbai
2019-11-02,30.3,23.9,0.3,17.3,84,Mumbai
2019-11-03,29.8,24.3,0.0,10.8,85,Mumbai
2019-11-04,29.8,23.6,0.0,17.4,88,Mumbai
2019-11-05,30.6,24.6,0.1,14.1,86,Mumbai
2019-11-06,29.8,23.8,0.0,16.6,86,Mumbai
2019-11-07,28.8,25.4,3.3,22.9,85,Mumbai
2019-11-08,27.5,24.7,3.6,20.3,86,Mumbai
2019-11-09,28.0,24.2,1.9,11.9,86,Mumbai
2019-11-10,29.0,23.2,0.0,15.1,89,Mumbai
2019-11-11,30.8,23.1,0.0,12.6,85,Mumbai
2019-11-12,31.9,22.7,0.0,10.9,81,Mumbai
2019-11-13,32.0,23.8,0.0,11.6,77,Mumbai
2019-11-14,31.6,22.9,0.0,11.6,72,Mumbai
2019-11-15,30.4,22.5,0.0,12.7,73,Mumbai
2019-11-16,31.6,24.1,0.0,12.1,78,Mumbai
2019-11-17,32.9,24.6,0.0,14.3,73,Mumbai
2019-11-18,31.3,23.9,0.0,18.3,67,Mumbai
2019-11-19,32.9,22.4,0.0,17.2,69,Mumbai
2019-11-20,32.4,21.7,0.0,14.8,75,Mumbai
2019-11-21,33.2,22.6,0.0,11.9,72,Mumbai
2019-11-22,32.5,23.2,0.0,15.6,71,Mumbai
2019-11-23,32.5,23.2,0.0,16.1,70,Mumbai
2019-11-24,32.6,22.9,0.0,14.7,70,Mumbai
2019-11-25,32.1,22.2,0.0,15.0,71,Mumbai
2019-11-26,32.2,21.4,0.0,17.0,71,Mumbai
2019-11-27,32.3,22.2,0.0,14.8,69,Mumbai
2019-11-28,32.4,22.9,0.0,14.5,68,Mumbai
2019-11-29,31.6,23.0,0.0,16.2,69,Mumbai
2019-11-30,32.0,24.4,0.0,15.9,72,Mumbai
2019-12-01,31.7,23.9,0.0,15.2,70,Mumbai
2019-12-02,33.4,24.3,0.0,13.6,65,Mumbai
2019-12-03,32.3,24.6,0.1,14.2,67,Mumbai
2019-12-04,31.6,24.8,0.0,11.6,71,Mumbai
2019-12-05,29.5,25.5,3.4,16.4,74,Mumbai
2019-12-06,32.5,25.2,0.0,19.5,61,Mumbai
2019-12-07,31.6,23.0,0.0,17.7,61,Mumbai
2019-12-08,31.5,22.4,0.0,14.7,64,Mumbai
2019-12-09,32.0,22.2,0.0,14.7,69,Mumbai
2019-12-10,31.6,22.6,0.0,14.7,75,Mumbai
2019-12-11,30.3,22.4,0.0,13.7,77,Mumbai
2019-12-12,29.5,22.2,0.0,15.0,74,Mumbai
2019-12-13,28.8,21.7,0.0,20.8,78,Mumbai
2019-12-14,29.2,19.9,0.0,19.9,67,Mumbai
2019-12-15,28.7,20.4,0.0,17.2,65,Mumbai
2019-12-16,30.0,21.0,0.0,19.1,70,Mumbai
2019-12-17,31.2,21.9,0.0,18.1,71,Mumbai
2019-12-18,31.9,21.9,0.0,16.8,66,Mumbai
2019-12-19,31.3,21.0,0.0,17.4,67,Mumbai
2019-12-20,30.6,20.9,0.0,14.9,71,Mumbai
2019-12-21,30.5,21.8,0.0,15.7,72,Mumbai
2019-12-22,31.7,21.8,0.0,13.0,65,Mumbai
2019-12-23,31.4,23.2,0.0,10.9,70,Mumbai
2019-12-24,30.5,22.6,0.0,12.0,76,Mumbai
2019-12-25,31.3,24.3,0.1,20.0,70,Mumbai
2019-12-26,29.9,23.0,0.8,19.4,64,Mumbai
2019-12-27,29.6,19.2,0.0,19.4,69,Mumbai
2019-12-28,31.2,20.9,0.0,20.0,66,Mumbai
2019-12-29,29.8,21.5,0.1,16.3,68,Mumbai
2019-12-30,27.6,19.8,0.0,19.0,75,Mumbai
2019-12-31,27.3,17.9,0.0,19.1,64,Mumbai
2020-01-01,25.9,15.6,0.0,13.2,75,Mumbai
2020-01-02,26.7,17.7,0.0,16.1,77,Mumbai
2020-01-03,26.5,18.5,0.0,23.5,75,Mumbai
2020-01-04,25.9,18.3,0.0,21.4,67,Mumbai
2020-01-05,29.7,18.4,0.0,16.8,66,Mumbai
2020-01-06,30.6,20.7,0.0,17.1,63,Mumbai
2020-01-07,28.0,20.3,0.0,18.9,76,Mumbai
2020-01-08,27.4,20.9,0.0,17.3,76,Mumbai
2020-01-09,27.6,19.2,0.0,23.4,59,Mumbai
2020-01-10,30.8,19.0,0.0,19.1,61,Mumbai
2020-01-11,32.1,21.1,0.0,15.5,66,Mumbai
2020-01-12,30.1,20.4,0.0,17.3,73,Mumbai
2020-01-13,27.7,21.7,0.4,17.0,84,Mumbai
2020-01-14,26.8,20.8,0.2,21.5,79,Mumbai
2020-01-15,25.3,19.3,0.0,22.0,63,Mumbai
2020-01-16,24.2,17.2,0.0,21.1,64,Mumbai
2020-01-17,24.5,15.9,0.0,24.4,56,Mumbai
2020-01-18,27.8,15.3,0.0,17.9,62,Mumbai
2020-01-19,29.1,17.9,0.0,16.8,64,Mumbai
2020-01-20,30.8,18.4,0.0,16.6,71,Mumbai
2020-01-21,29.2,18.9,0.0,16.6,73,Mumbai
2020-01-22,30.7,19.0,0.0,18.7,65,Mumbai
2020-01-23,31.8,21.7,0.0,22.2,62,Mumbai
2020-01-24,31.8,21.1,0.0,19.6,66,Mumbai
2020-01-25,30.6,20.4,0.0,20.3,64,Mumbai
2020-01-26,30.4,19.6,0.0,15.5,71,Mumbai
2020-01-27,28.0,20.3,0.0,15.1,77,Mumbai
2020-01-28,26.5,19.9,1.0,18.8,79,Mumbai
2020-01-29,24.7,18.4,0.0,21.9,63,Mumbai
2020-01-30,27.5,15.9,0.0,21.1,59,Mumbai
2020-01-31,26.1,15.9,0.0,20.7,62,Mumbai
2020-02-01,28.2,17.7,0.0,22.2,61,Mumbai
2020-02-02,29.3,18.4,0.0,15.2,73,Mumbai
2020-02-03,27.0,17.9,0.0,14.1,81,Mumbai
2020-02-04,28.0,19.6,0.0,19.1,70,Mumbai
2020-02-05,29.3,18.4,0.0,20.0,52,Mumbai
2020-02-06,27.2,19.0,0.0,18.7,61,Mumbai
2020-02-07,26.7,17.5,0.0,22.9,59,Mumbai
2020-02-08,29.4,17.2,0.0,25.8,63,Mumbai
2020-02-09,30.9,20.8,0.0,27.4,52,Mumbai
2020-02-10,31.8,21.9,0.0,19.6,56,Mumbai
2020-02-11,33.2,22.4,0.0,17.3,59,Mumbai
2020-02-12,34.6,23.1,0.0,17.1,56,Mumbai
2020-02-13,34.1,23.6,0.0,23.1,54,Mumbai
2020-02-14,33.1,23.7,0.0,22.2,43,Mumbai
2020-02-15,31.1,21.9,0.0,22.3,46,Mumbai
2020-02-16,31.4,20.8,0.0,17.9,61,Mumbai
2020-02-17,33.7,20.6,0.0,16.3,61,Mumbai
2020-02-18,34.3,22.0,0.0,19.3,57,Mumbai
2020-02-19,31.9,21.2,0.0,16.3,69,Mumbai
2020-02-20,30.8,20.7,0.0,19.2,74,Mumbai
2020-02-21,30.5,21.2,0.0,20.4,70,Mumbai
2020-02-22,32.2,20.8,0.0,18.6,58,Mumbai
2020-02-23,32.9,21.4,0.0,20.7,51,Mumbai
2020-02-24,31.2,20.0,0.0,22.1,54,Mumbai
2020-02-25,34.3,23.0,0.0,25.7,38,Mumbai
2020-02-26,34.6,22.9,0.0,22.2,37,Mumbai
2020-02-27,35.6,20.2,0.0,18.2,47,Mumbai
2020-02-28,32.2,20.0,0.0,19.4,54,Mumbai
2020-02-29,31.4,20.2,0.0,22.4,61,Mumbai
2020-03-01,29.7,20.7,0.0,21.2,69,Mumbai
2020-03-02,29.1,20.5,0.0,15.8,78,Mumbai
2020-03-03,28.5,20.7,0.1,15.7,80,Mumbai
2020-03-04,28.1,21.0,0.0,18.0,76,Mumbai
2020-03-05,28.2,21.2,0.0,18.8,75,Mumbai
2020-03-06,28.4,22.0,0.0,20.3,68,Mumbai
2020-03-07,27.8,20.8,0.0,18.2,65,Mumbai
2020-03-08,28.1,18.8,0.0,18.6,67,Mumbai
2020-03-09,28.5,19.1,0.0,19.0,74,Mumbai
2020-03-10,28.1,20.7,0.0,15.6,75,Mumbai
2020-03-11,28.0,22.4,0.0,21.1,65,Mumbai
2020-03-12,27.2,20.4,0.0,20.1,71,Mumbai
2020-03-13,28.6,18.6,0.0,27.1,62,Mumbai
2020-03-14,31.8,19.3,0.0,27.7,50,Mumbai
2020-03-15,34.0,18.6,0.0,18.1,40,Mumbai
2020-03-16,35.7,20.3,0.0,21.1,45,Mumbai
2020-03-17,34.1,22.0,0.0,20.5,54,Mumbai
2020-03-18,32.9,23.1,0.0,16.4,57,Mumbai
2020-03-19,31.4,21.2,0.0,18.5,67,Mumbai
2020-03-20,29.4,21.9,0.0,14.8,76,Mumbai
2020-03-21,29.3,20.9,0.0,18.5,78,Mumbai
2020-03-22,30.2,22.0,0.0,23.7,78,Mumbai
2020-03-23,32.9,23.2,0.0,21.6,72,Mumbai
2020-03-24,32.5,23.3,0.0,22.7,65,Mumbai
2020-03-25,32.0,25.4,0.0,15.7,75,Mumbai
2020-03-26,31.9,24.6,0.0,18.3,80,Mumbai
2020-03-27,33.2,24.8,0.0,25.0,65,Mumbai
2020-03-28,34.1,25.4,0.0,28.3,55,Mumbai
2020-03-29,34.4,24.4,0.0,24.5,56,Mumbai
2020-03-30,33.1,24.6,0.0,18.0,63,Mumbai
2020-03-31,32.1,23.8,0.0,22.4,67,Mumbai
2020-04-01,32.1,22.9,0.0,23.7,70,Mumbai
2020-04-02,34.5,23.7,0.0,22.7,64,Mumbai
2020-04-03,32.4,24.3,0.0,22.2,71,Mumbai
2020-04-04,32.3,23.5,0.0,22.1,72,Mumbai
2020-04-05,32.3,22.8,0.0,18.2,77,Mumbai
2020-04-06,30.9,23.1,0.0,17.4,80,Mumbai
2020-04-07,30.9,23.6,0.0,16.4,80,Mumbai
2020-04-08,31.1,22.8,0.0,18.5,76,Mumbai
2020-04-09,31.3,22.5,0.0,23.5,77,Mumbai
2020-04-10,31.8,23.1,0.0,23.0,76,Mumbai
2020-04-11,33.4,24.6,0.0,20.1,71,Mumbai
2020-04-12,33.3,25.6,0.0,18.4,75,Mumbai
2020-04-13,33.2,25.3,0.0,19.0,80,Mumbai
2020-04-14,34.4,24.9,0.0,22.4,75,Mumbai
2020-04-15,34.5,25.5,0.0,20.3,75,Mumbai
2020-04-16,32.3,26.6,0.0,18.6,81,Mumbai
2020-04-17,32.1,26.9,0.0,18.3,78,Mumbai
2020-04-18,33.4,26.0,0.0,20.8,77,Mumbai
2020-04-19,34.0,26.8,0.0,22.8,71,Mumbai
2020-04-20,36.7,25.5,0.0,24.8,58,Mumbai
2020-04-21,33.4,24.5,0.0,19.2,73,Mumbai
2020-04-22,32.3,25.1,0.0,22.3,80,Mumbai
2020-04-23,33.0,26.7,0.0,20.2,75,Mumbai
2020-04-24,33.1,25.4,0.0,19.9,79,Mumbai
2020-04-25,32.7,26.2,0.0,17.5,74,Mumbai
2020-04-26,32.3,24.5,0.0,23.1,78,Mumbai
2020-04-27,32.1,25.8,0.1,21.3,75,Mumbai
2020-04-28,33.5,25.3,0.0,27.2,75,Mumbai
2020-04-29,33.4,26.1,0.0,18.5,77,Mumbai
2020-04-30,32.5,27.8,0.0,18.1,77,Mumbai
2020-05-01,32.6,28.3,0.1,18.3,76,Mumbai
2020-05-02,32.8,27.4,0.0,21.7,78,Mumbai
2020-05-03,32.8,27.7,0.0,20.8,77,Mumbai
2020-05-04,32.5,25.8,0.0,20.0,80,Mumbai
2020-05-05,33.0,26.1,0.0,22.8,79,Mumbai
2020-05-06,34.0,26.6,0.0,23.0,80,Mumbai
2020-05-07,32.7,25.4,0.0,20.5,81,Mumbai
2020-05-08,32.8,26.5,0.0,18.8,77,Mumbai
2020-05-09,32.6,27.3,0.0,20.6,76,Mumbai
2020-05-10,33.4,26.4,0.0,23.5,78,Mumbai
2020-05-11,34.1,26.7,0.0,23.0,76,Mumbai
2020-05-12,33.2,26.1,0.0,20.8,77,Mumbai
2020-05-13,33.1,26.3,0.0,20.1,79,Mumbai
2020-05-14,33.3,26.9,0.0,24.3,77,Mumbai
2020-05-15,33.3,27.9,0.0,23.6,75,Mumbai
2020-05-16,32.6,28.4,0.0,19.1,75,Mumbai
2020-05-17,32.9,27.8,0.0,21.7,75,Mumbai
2020-05-18,32.6,28.6,0.0,23.0,73,Mumbai
2020-05-19,32.5,28.1,0.1,19.4,72,Mumbai
2020-05-20,32.6,27.8,0.0,17.4,71,Mumbai
2020-05-21,32.8,27.8,0.0,18.6,72,Mumbai
2020-05-22,32.8,27.2,0.0,17.7,74,Mumbai
2020-05-23,33.2,26.3,0.0,22.1,78,Mumbai
2020-05-24,32.9,28.1,0.0,21.3,75,Mumbai
2020-05-25,32.9,28.1,0.2,18.9,76,Mumbai
2020-05-26,32.9,28.0,0.0,18.0,76,Mumbai
2020-05-27,33.0,28.2,0.2,17.5,74,Mumbai
2020-05-28,32.9,28.4,0.0,17.7,70,Mumbai
2020-05-29,33.6,28.5,0.3,18.7,72,Mumbai
2020-05-30,33.6,27.6,0.4,17.5,75,Mumbai
2020-05-31,34.6,28.2,0.3,23.4,71,Mumbai
2020-06-01,31.2,27.1,6.9,13.8,78,Mumbai
2020-06-02,30.1,25.9,11.6,19.7,81,Mumbai
2020-06-03,28.5,25.2,144.5,58.6,85,Mumbai
2020-06-04,29.1,26.7,10.0,21.5,84,Mumbai
2020-06-05,29.8,26.2,7.9,25.2,86,Mumbai
2020-06-06,29.0,25.7,8.2,23.3,87,Mumbai
2020-06-07,28.9,26.0,5.4,23.3,87,Mumbai
2020-06-08,28.5,25.7,8.0,19.3,87,Mumbai
2020-06-09,29.1,26.2,4.8,14.5,89,Mumbai
2020-06-10,29.9,26.6,9.7,14.6,90,Mumbai
2020-06-11,29.0,26.5,8.1,15.3,89,Mumbai
2020-06-12,28.8,26.4,4.2,12.8,88,Mumbai
2020-06-13,28.5,26.0,12.0,13.3,89,Mumbai
2020-06-14,29.8,26.0,4.6,15.6,88,Mumbai
2020-06-15,29.7,26.5,19.4,14.8,90,Mumbai
2020-06-16,28.4,26.5,27.9,15.5,89,Mumbai
2020-06-17,28.7,25.8,18.9,20.6,91,Mumbai
2020-06-18,28.2,25.9,30.1,27.2,90,Mumbai
2020-06-19,28.9,26.5,5.3,20.5,90,Mumbai
2020-06-20,29.0,26.8,4.9,19.4,89,Mumbai
2020-06-21,28.4,26.1,9.9,19.1,91,Mumbai
2020-06-22,28.7,26.0,5.8,20.5,89,Mumbai
2020-06-23,29.1,25.9,4.9,28.0,87,Mumbai
2020-06-24,29.3,26.0,3.0,21.7,86,Mumbai
2020-06-25,30.0,26.2,10.2,18.1,85,Mumbai
2020-06-26,29.6,26.6,10.5,12.7,87,Mumbai
2020-06-27,29.9,26.8,5.2,15.9,85,Mumbai
2020-06-28,30.2,26.4,14.9,18.2,86,Mumbai
2020-06-29,28.2,26.2,17.9,11.6,89,Mumbai
2020-06-30,28.3,26.4,18.2,18.1,89,Mumbai
2020-07-01,28.6,26.1,12.3,22.5,90,Mumbai
2015-01-01,26.5,18.5,4.8,13.2,79,Bengaluru
2015-01-02,26.2,18.9,0.8,13.0,75,Bengaluru
2015-01-03,26.6,18.1,0.0,10.5,71,Bengaluru
2015-01-04,27.1,16.5,0.0,11.4,70,Bengaluru
2015-01-05,26.8,17.7,0.0,11.9,69,Bengaluru
2015-01-06,25.8,16.1,0.0,10.2,68,Bengaluru
2015-01-07,26.2,17.2,0.0,8.6,64,Bengaluru
2015-01-08,26.3,16.8,0.0,11.3,68,Bengaluru
2015-01-09,25.7,17.1,0.0,10.8,67,Bengaluru
2015-01-10,27.0,15.7,0.0,11.3,59,Bengaluru
2015-01-11,26.4,10.9,0.0,12.4,54,Bengaluru
2015-01-12,26.2,12.2,0.0,11.9,58,Bengaluru
2015-01-13,26.4,12.2,0.0,11.0,58,Bengaluru
2015-01-14,26.5,12.2,0.0,12.0,57,Bengaluru
2015-01-15,26.7,13.0,0.0,12.1,58,Bengaluru
2015-01-16,26.7,14.7,0.0,11.9,61,Bengaluru
2015-01-17,26.9,15.5,0.0,11.4,64,Bengaluru
2015-01-18,27.7,14.8,0.0,14.1,61,Bengaluru
2015-01-19,28.1,14.5,0.0,18.1,61,Bengaluru
2015-01-20,27.0,14.8,0.0,16.3,63,Bengaluru
2015-01-21,26.8,14.4,0.0,15.8,64,Bengaluru
2015-01-22,27.6,14.3,0.0,13.4,57,Bengaluru
2015-01-23,27.4,16.9,0.0,17.6,65,Bengaluru
2015-01-24,26.3,17.5,0.4,15.6,70,Bengaluru
2015-01-25,28.4,17.6,0.0,15.7,59,Bengaluru
2015-01-26,26.9,13.3,0.0,14.9,57,Bengaluru
2015-01-27,27.2,13.6,0.0,16.6,65,Bengaluru
2015-01-28,27.1,16.1,0.0,12.9,66,Bengaluru
2015-01-29,28.2,16.5,0.0,13.7,64,Bengaluru
2015-01-30,28.5,17.5,0.0,12.6,65,Bengaluru
2015-01-31,28.4,15.8,0.0,15.9,59,Bengaluru
2015-02-01,27.8,14.9,0.0,13.6,61,Bengaluru
2015-02-02,27.3,15.9,0.0,15.4,61,Bengaluru
2015-02-03,27.3,13.6,0.0,14.0,61,Bengaluru
2015-02-04,27.4,14.5,0.0,14.1,58,Bengaluru
2015-02-05,27.9,14.7,0.0,12.3,49,Bengaluru
2015-02-06,28.5,13.9,0.0,14.4,49,Bengaluru
2015-02-07,28.7,15.6,0.0,15.6,55,Bengaluru
2015-02-08,29.2,15.2,0.0,16.2,53,Bengaluru
2015-02-09,29.1,15.1,0.0,15.9,54,Bengaluru
2015-02-10,27.7,14.1,0.0,14.1,59,Bengaluru
2015-02-11,28.5,14.6,0.0,13.8,59,Bengaluru
2015-02-12,28.7,17.4,0.0,13.8,58,Bengaluru
2015-02-13,29.4,16.6,0.0,14.3,55,Bengaluru
2015-02-14,30.8,16.7,0.0,13.7,51,Bengaluru
2015-02-15,30.7,16.4,0.0,14.0,47,Bengaluru
2015-02-16,30.7,16.6,0.0,11.5,40,Bengaluru
2015-02-17,30.8,15.6,0.0,11.7,43,Bengaluru
2015-02-18,31.0,15.3,0.0,15.1,42,Bengaluru
2015-02-19,30.4,15.9,0.0,15.8,43,Bengaluru
2015-02-20,29.9,15.7,0.0,14.5,45,Bengaluru
2015-02-21,29.5,15.5,0.0,17.7,43,Bengaluru
2015-02-22,29.7,15.2,0.0,19.0,39,Bengaluru
2015-02-23,29.8,15.4,0.0,19.9,30,Bengaluru
2015-02-24,30.2,13.9,0.0,13.0,32,Bengaluru
2015-02-25,30.5,14.3,0.0,13.1,35,Bengaluru
2015-02-26,31.2,16.0,0.0,12.3,44,Bengaluru
2015-02-27,31.2,19.3,0.0,15.6,52,Bengaluru
2015-02-28,30.0,19.7,0.6,15.6,71,Bengaluru
2015-03-01,29.5,19.7,1.6,15.1,69,Bengaluru
2015-03-02,29.9,19.8,0.0,8.4,61,Bengaluru
2015-03-03,29.6,20.1,0.3,8.2,65,Bengaluru
2015-03-04,28.8,18.6,1.1,13.6,75,Bengaluru
2015-03-05,29.9,19.1,1.9,14.7,69,Bengaluru
2015-03-06,29.6,19.7,3.0,15.0,74,Bengaluru
2015-03-07,28.7,19.6,3.4,7.6,75,Bengaluru
2015-03-08,29.0,19.3,0.0,12.7,63,Bengaluru
2015-03-09,29.7,17.7,0.0,13.2,63,Bengaluru
2015-03-10,30.7,18.1,0.0,16.6,52,Bengaluru
2015-03-11,30.2,13.9,0.0,14.8,49,Bengaluru
2015-03-12,30.0,16.6,0.0,16.2,61,Bengaluru
2015-03-13,30.8,17.3,0.0,15.9,56,Bengaluru
2015-03-14,30.8,15.9,0.0,14.3,54,Bengaluru
2015-03-15,30.2,19.8,0.1,12.9,63,Bengaluru
2015-03-16,31.3,21.2,0.0,13.5,56,Bengaluru
2015-03-17,33.4,18.0,0.0,13.9,42,Bengaluru
2015-03-18,33.8,17.2,0.0,13.1,36,Bengaluru
2015-03-19,33.8,17.7,0.0,15.8,31,Bengaluru
2015-03-20,33.8,17.5,0.0,16.9,37,Bengaluru
2015-03-21,33.9,18.1,0.0,14.8,35,Bengaluru
2015-03-22,34.8,18.1,0.0,13.7,31,Bengaluru
2015-03-23,34.0,19.5,0.0,12.3,36,Bengaluru
2015-03-24,35.0,20.8,0.0,15.9,39,Bengaluru
2015-03-25,33.7,19.9,0.0,17.4,41,Bengaluru
2015-03-26,33.8,19.4,0.0,17.9,46,Bengaluru
2015-03-27,33.2,18.0,0.0,15.3,47,Bengaluru
2015-03-28,33.2,17.7,0.0,16.8,47,Bengaluru
2015-03-29,33.6,18.9,0.0,15.9,50,Bengaluru
2015-03-30,33.5,19.5,0.0,17.6,49,Bengaluru
2015-03-31,32.0,20.2,0.0,14.7,55,Bengaluru
2015-04-01,31.0,21.0,1.9,12.7,65,Bengaluru
2015-04-02,32.4,21.5,0.1,8.5,53,Bengaluru
2015-04-03,32.5,22.2,0.0,9.9,48,Bengaluru
2015-04-04,34.1,21.6,0.0,13.0,49,Bengaluru
2015-04-05,34.4,23.5,0.2,13.0,45,Bengaluru
2015-04-06,33.4,23.1,0.5,12.0,54,Bengaluru
2015-04-07,33.8,22.4,0.1,15.9,48,Bengaluru
2015-04-08,33.4,22.3,0.0,15.8,52,Bengaluru
2015-04-09,33.6,22.3,0.0,15.3,54,Bengaluru
2015-04-10,33.1,22.2,0.0,13.8,58,Bengaluru
2015-04-11,32.8,21.9,0.1,9.4,52,Bengaluru
2015-04-12,30.4,20.4,22.7,8.8,69,Bengaluru
2015-04-13,26.6,19.4,16.1,7.2,82,Bengaluru
2015-04-14,27.0,18.6,9.8,9.1,82,Bengaluru
2015-04-15,26.2,18.2,1.0,12.9,79,Bengaluru
2015-04-16,27.8,19.2,1.5,11.4,80,Bengaluru
2015-04-17,28.1,19.2,0.0,8.6,69,Bengaluru
2015-04-18,28.5,19.4,0.4,10.0,66,Bengaluru
2015-04-19,29.8,19.4,0.0,11.9,63,Bengaluru
2015-04-20,30.2,19.9,0.0,11.7,65,Bengaluru
2015-04-21,30.6,20.2,0.8,13.0,71,Bengaluru
2015-04-22,31.4,20.9,2.2,11.1,73,Bengaluru
2015-04-23,29.5,21.5,4.8,8.7,79,Bengaluru
2015-04-24,30.6,20.3,4.3,10.3,79,Bengaluru
2015-04-25,30.0,20.2,0.3,9.7,75,Bengaluru
2015-04-26,29.6,20.1,4.1,11.1,77,Bengaluru
2015-04-27,29.7,19.7,0.0,9.4,68,Bengaluru
2015-04-28,31.4,19.6,0.0,8.6,64,Bengaluru
2015-04-29,31.3,19.9,0.4,9.3,64,Bengaluru
2015-04-30,32.2,20.8,7.8,11.0,71,Bengaluru
2015-05-01,31.9,20.7,0.0,9.8,67,Bengaluru
2015-05-02,32.3,21.5,2.8,12.9,70,Bengaluru
2015-05-03,31.1,21.3,6.7,8.8,75,Bengaluru
2015-05-04,30.8,20.4,1.8,7.2,72,Bengaluru
2015-05-05,30.8,20.0,0.0,9.1,64,Bengaluru
2015-05-06,30.1,21.2,3.8,7.2,67,Bengaluru
2015-05-07,30.8,20.0,1.1,9.4,71,Bengaluru
2015-05-08,32.1,20.9,0.0,10.9,68,Bengaluru
2015-05-09,33.3,21.7,0.0,11.5,61,Bengaluru
2015-05-10,32.8,22.1,0.5,11.2,60,Bengaluru
2015-05-11,32.1,22.0,1.1,11.4,68,Bengaluru
2015-05-12,30.3,21.5,0.0,10.5,65,Bengaluru
2015-05-13,29.7,20.7,2.0,14.0,77,Bengaluru
2015-05-14,28.6,21.3,6.2,12.3,84,Bengaluru
2015-05-15,27.0,21.4,3.6,9.4,83,Bengaluru
2015-05-16,28.2,20.9,20.4,13.3,86,Bengaluru
2015-05-17,28.3,20.5,13.6,10.4,86,Bengaluru
2015-05-18,29.4,20.1,15.9,11.8,83,Bengaluru
2015-05-19,29.6,20.2,7.8,14.0,82,Bengaluru
2015-05-20,31.4,21.3,0.5,13.9,77,Bengaluru
2015-05-21,31.0,21.5,0.8,18.8,76,Bengaluru
2015-05-22,31.6,21.9,2.5,16.6,77,Bengaluru
2015-05-23,31.0,21.6,5.7,16.4,78,Bengaluru
2015-05-24,31.5,21.2,0.3,16.6,72,Bengaluru
2015-05-25,31.4,21.1,0.0,17.3,68,Bengaluru
2015-05-26,31.4,20.3,0.0,15.5,66,Bengaluru
2015-05-27,30.9,21.2,0.8,16.6,71,Bengaluru
2015-05-28,29.7,21.5,0.0,14.8,71,Bengaluru
2015-05-29,30.3,22.0,11.9,14.1,78,Bengaluru
2015-05-30,31.6,21.1,4.5,14.4,77,Bengaluru
2015-05-31,31.2,21.1,43.3,10.8,79,Bengaluru
2015-06-01,29.4,21.1,17.6,16.4,82,Bengaluru
2015-06-02,28.3,20.7,8.0,15.7,82,Bengaluru
2015-06-03,28.9,20.7,5.4,9.7,80,Bengaluru
2015-06-04,28.3,20.6,10.8,10.2,85,Bengaluru
2015-06-05,28.6,20.2,5.9,10.6,83,Bengaluru
2015-06-06,29.1,20.4,0.0,12.2,74,Bengaluru
2015-06-07,29.4,21.1,0.9,14.3,74,Bengaluru
2015-06-08,28.2,20.5,2.2,17.6,77,Bengaluru
2015-06-09,28.1,20.1,0.6,15.9,78,Bengaluru
2015-06-10,29.2,21.2,0.0,15.9,71,Bengaluru
2015-06-11,29.0,20.7,8.2,15.2,79,Bengaluru
2015-06-12,27.0,20.0,6.8,15.9,84,Bengaluru
2015-06-13,26.9,19.9,2.7,17.3,79,Bengaluru
2015-06-14,26.7,19.9,8.3,20.9,82,Bengaluru
2015-06-15,26.2,19.3,0.4,21.5,82,Bengaluru
2015-06-16,26.7,20.6,2.8,21.0,83,Bengaluru
2015-06-17,26.0,20.3,1.4,25.5,81,Bengaluru
2015-06-18,24.2,20.2,5.0,26.3,86,Bengaluru
2015-06-19,24.4,20.4,3.3,32.5,85,Bengaluru
2015-06-20,24.3,20.3,5.0,32.0,82,Bengaluru
2015-06-21,25.0,21.1,1.6,26.6,79,Bengaluru
2015-06-22,26.0,21.0,0.5,33.8,76,Bengaluru
2015-06-23,26.5,20.9,1.2,29.8,80,Bengaluru
2015-06-24,26.7,20.7,0.4,31.2,77,Bengaluru
2015-06-25,26.9,21.0,0.3,32.9,76,Bengaluru
2015-06-26,26.9,21.6,0.4,33.5,75,Bengaluru
2015-06-27,27.0,21.4,0.2,29.5,74,Bengaluru
2015-06-28,27.7,21.6,0.6,25.2,73,Bengaluru
2015-06-29,28.5,20.0,2.0,16.2,79,Bengaluru
2015-06-30,28.0,20.0,0.2,17.7,75,Bengaluru
2015-07-01,28.1,20.0,0.1,18.4,73,Bengaluru
2015-07-02,28.0,19.7,0.3,16.8,75,Bengaluru
2015-07-03,28.0,19.8,3.5,19.6,78,Bengaluru
2015-07-04,28.5,20.7,0.1,22.1,70,Bengaluru
2015-07-05,29.0,19.7,0.0,22.9,68,Bengaluru
2015-07-06,29.6,18.9,0.0,25.4,67,Bengaluru
2015-07-07,28.6,18.2,0.0,25.7,68,Bengaluru
2015-07-08,28.4,20.6,1.4,22.8,73,Bengaluru
2015-07-09,28.0,21.1,2.5,25.6,76,Bengaluru
2015-07-10,27.0,21.6,2.4,23.2,77,Bengaluru
2015-07-11,27.5,21.0,0.8,27.7,73,Bengaluru
2015-07-12,28.4,20.9,0.3,25.4,71,Bengaluru
2015-07-13,28.8,20.2,0.3,19.1,72,Bengaluru
2015-07-14,27.9,20.6,0.6,17.7,75,Bengaluru
2015-07-15,27.5,20.6,8.0,20.4,81,Bengaluru
2015-07-16,26.7,21.0,0.4,21.8,78,Bengaluru
2015-07-17,28.3,20.1,2.1,22.8,76,Bengaluru
2015-07-18,27.6,21.1,4.0,25.1,79,Bengaluru
2015-07-19,24.2,20.5,6.7,23.0,85,Bengaluru
2015-07-20,27.6,19.3,3.0,27.9,81,Bengaluru
2015-07-21,26.9,20.4,7.6,21.1,81,Bengaluru
2015-07-22,25.9,20.0,17.1,22.4,84,Bengaluru
2015-07-23,25.9,20.2,2.1,21.5,81,Bengaluru
2015-07-24,26.0,20.1,1.0,22.3,82,Bengaluru
2015-07-25,26.0,18.9,7.0,19.8,87,Bengaluru
2015-07-26,25.5,19.8,1.5,21.6,83,Bengaluru
2015-07-27,25.7,19.6,9.6,20.2,88,Bengaluru
2015-07-28,27.4,19.4,2.3,17.9,80,Bengaluru
2015-07-29,27.5,18.4,0.0,20.0,72,Bengaluru
2015-07-30,27.0,18.6,0.0,20.7,72,Bengaluru
2015-07-31,27.0,19.6,8.0,18.5,81,Bengaluru
2015-08-01,27.1,19.1,5.3,18.2,82,Bengaluru
2015-08-02,26.8,19.8,2.4,19.9,82,Bengaluru
2015-08-03,26.8,19.2,2.3,19.4,81,Bengaluru
2015-08-04,26.7,19.9,1.9,20.3,79,Bengaluru
2015-08-05,26.9,20.1,1.7,23.4,78,Bengaluru
2015-08-06,26.6,20.6,0.7,26.6,75,Bengaluru
2015-08-07,27.0,20.9,0.6,22.7,76,Bengaluru
2015-08-08,27.1,20.4,0.4,22.2,74,Bengaluru
2015-08-09,27.4,20.8,9.5,23.1,81,Bengaluru
2015-08-10,27.1,20.4,8.9,21.8,84,Bengaluru
2015-08-11,27.2,20.5,6.4,22.0,80,Bengaluru
2015-08-12,24.6,20.0,4.7,20.6,86,Bengaluru
2015-08-13,26.2,20.5,0.6,21.3,81,Bengaluru
2015-08-14,27.5,20.8,1.0,19.1,78,Bengaluru
2015-08-15,27.8,19.9,0.3,16.9,75,Bengaluru
2015-08-16,27.6,20.2,8.2,16.9,80,Bengaluru
2015-08-17,27.2,19.9,21.4,16.7,85,Bengaluru
2015-08-18,28.0,19.6,4.3,7.1,78,Bengaluru
2015-08-19,28.5,20.8,2.7,12.7,80,Bengaluru
2015-08-20,28.0,19.5,4.2,12.9,81,Bengaluru
2015-08-21,27.2,20.2,12.6,14.0,84,Bengaluru
2015-08-22,23.9,20.1,13.9,17.4,92,Bengaluru
2015-08-23,26.5,19.4,4.2,18.9,85,Bengaluru
2015-08-24,26.5,18.6,0.0,19.0,76,Bengaluru
2015-08-25,26.7,18.1,0.0,19.5,73,Bengaluru
2015-08-26,26.4,18.8,1.3,19.2,78,Bengaluru
2015-08-27,26.5,19.8,8.6,19.2,85,Bengaluru
2015-08-28,27.0,18.6,0.0,18.8,73,Bengaluru
2015-08-29,26.7,18.0,0.0,17.8,74,Bengaluru
2015-08-30,27.0,18.7,0.0,16.3,74,Bengaluru
2015-08-31,28.3,18.9,0.0,16.9,71,Bengaluru
2015-09-01,28.2,18.9,0.0,13.4,71,Bengaluru
2015-09-02,28.4,18.7,0.0,12.0,71,Bengaluru
2015-09-03,28.3,19.4,0.3,9.0,76,Bengaluru
2015-09-04,28.8,20.2,25.7,8.1,82,Bengaluru
2015-09-05,27.9,20.2,8.3,6.4,85,Bengaluru
2015-09-06,27.7,19.7,6.9,11.4,85,Bengaluru
2015-09-07,25.7,20.1,23.0,14.4,89,Bengaluru
2015-09-08,24.7,18.8,3.9,17.2,85,Bengaluru
2015-09-09,25.9,18.9,3.7,17.6,85,Bengaluru
2015-09-10,25.8,18.8,0.3,17.1,81,Bengaluru
2015-09-11,26.4,18.8,0.0,19.7,75,Bengaluru
2015-09-12,27.3,18.3,0.0,20.2,74,Bengaluru
2015-09-13,27.0,17.8,0.0,21.6,75,Bengaluru
2015-09-14,26.0,19.3,0.5,25.2,76,Bengaluru
2015-09-15,25.0,19.6,0.6,26.6,79,Bengaluru
2015-09-16,25.8,20.3,2.6,24.1,79,Bengaluru
2015-09-17,27.3,19.8,0.0,23.4,74,Bengaluru
2015-09-18,26.9,18.6,0.0,20.1,76,Bengaluru
2015-09-19,27.1,19.7,0.5,17.7,76,Bengaluru
2015-09-20,26.6,19.4,2.1,16.5,82,Bengaluru
2015-09-21,27.0,18.4,0.0,13.4,76,Bengaluru
2015-09-22,28.4,17.4,0.0,8.9,71,Bengaluru
2015-09-23,28.3,17.8,0.0,9.5,70,Bengaluru
2015-09-24,28.9,20.4,13.3,10.2,81,Bengaluru
2015-09-25,28.2,19.0,15.6,10.5,85,Bengaluru
2015-09-26,26.8,19.6,6.1,11.5,85,Bengaluru
2015-09-27,27.7,19.1,14.2,8.2,84,Bengaluru
2015-09-28,27.2,19.7,3.1,8.7,85,Bengaluru
2015-09-29,26.6,18.7,1.3,10.0,81,Bengaluru
2015-09-30,26.3,19.9,4.9,11.5,83,Bengaluru
2015-10-01,26.5,19.2,3.9,10.0,85,Bengaluru
2015-10-02,27.0,20.2,0.8,12.2,82,Bengaluru
2015-10-03,26.5,19.3,0.0,15.7,79,Bengaluru
2015-10-04,26.4,20.6,22.8,14.3,87,Bengaluru
2015-10-05,25.8,19.6,12.4,13.7,89,Bengaluru
2015-10-06,26.6,19.4,6.2,13.4,82,Bengaluru
2015-10-07,27.2,20.0,0.0,11.4,79,Bengaluru
2015-10-08,26.7,19.1,0.6,18.4,79,Bengaluru
2015-10-09,26.2,19.5,4.3,15.6,84,Bengaluru
2015-10-10,27.1,19.4,4.8,16.5,84,Bengaluru
2015-10-11,26.7,19.5,9.1,7.4,87,Bengaluru
2015-10-12,27.6,19.8,1.9,8.8,84,Bengaluru
2015-10-13,28.1,18.3,0.0,8.8,72,Bengaluru
2015-10-14,27.9,16.3,0.0,10.5,66,Bengaluru
2015-10-15,28.3,16.0,0.0,8.6,67,Bengaluru
2015-10-16,28.2,17.7,0.0,11.4,69,Bengaluru
2015-10-17,28.1,17.7,0.0,11.3,74,Bengaluru
2015-10-18,27.9,18.6,0.0,11.6,75,Bengaluru
2015-10-19,28.9,19.0,0.0,10.9,73,Bengaluru
2015-10-20,28.4,19.9,0.0,11.4,73,Bengaluru
2015-10-21,28.7,18.5,0.0,11.3,69,Bengaluru
2015-10-22,29.0,17.0,0.0,12.1,63,Bengaluru
2015-10-23,28.5,16.1,0.0,11.8,59,Bengaluru
2015-10-24,28.6,17.6,0.0,16.3,63,Bengaluru
2015-10-25,28.1,15.0,0.0,14.8,68,Bengaluru
2015-10-26,26.9,17.9,0.0,15.4,72,Bengaluru
2015-10-27,27.4,17.8,0.0,11.8,70,Bengaluru
2015-10-28,27.9,18.8,0.1,12.2,74,Bengaluru
2015-10-29,28.3,19.8,0.0,10.9,74,Bengaluru
2015-10-30,28.6,19.1,0.0,12.5,76,Bengaluru
2015-10-31,27.6,19.5,0.6,14.2,80,Bengaluru
2015-11-01,26.0,19.9,18.0,12.0,86,Bengaluru
2015-11-02,24.9,19.9,9.7,12.2,90,Bengaluru
2015-11-03,26.4,19.6,16.3,6.6,87,Bengaluru
2015-11-04,26.2,19.4,22.6,7.0,87,Bengaluru
2015-11-05,26.3,18.2,0.0,10.7,81,Bengaluru
2015-11-06,27.0,17.2,0.0,14.3,76,Bengaluru
2015-11-07,26.8,19.0,0.0,15.3,76,Bengaluru
2015-11-08,26.3,18.5,0.0,18.9,78,Bengaluru
2015-11-09,20.9,18.0,32.0,25.5,92,Bengaluru
2015-11-10,20.8,17.0,9.9,24.1,94,Bengaluru
2015-11-11,22.8,18.7,4.7,15.5,93,Bengaluru
2015-11-12,26.0,19.5,5.9,15.8,88,Bengaluru
2015-11-13,24.8,18.5,5.3,14.0,82,Bengaluru
2015-11-14,24.3,17.1,0.0,16.0,69,Bengaluru
2015-11-15,22.0,16.7,24.4,15.3,83,Bengaluru
2015-11-16,18.3,16.5,126.6,17.4,97,Bengaluru
2015-11-17,20.1,17.1,17.6,16.9,97,Bengaluru
2015-11-18,22.4,18.0,1.1,16.0,92,Bengaluru
2015-11-19,23.6,18.9,13.8,12.6,93,Bengaluru
2015-11-20,24.8,19.3,4.3,14.5,90,Bengaluru
2015-11-21,25.2,19.1,2.3,15.9,86,Bengaluru
2015-11-22,24.1,19.8,4.1,20.5,91,Bengaluru
2015-11-23,23.8,19.4,14.5,20.1,92,Bengaluru
2015-11-24,25.5,18.5,3.7,17.1,84,Bengaluru
2015-11-25,25.4,16.7,0.0,11.3,76,Bengaluru
2015-11-26,25.7,14.9,0.0,10.0,76,Bengaluru
2015-11-27,26.6,17.2,0.0,10.2,74,Bengaluru
2015-11-28,25.9,14.7,0.0,9.8,73,Bengaluru
2015-11-29,23.7,17.5,4.0,19.5,90,Bengaluru
2015-11-30,24.6,19.0,14.5,11.9,92,Bengaluru
2015-12-01,23.2,19.4,4.8,16.8,91,Bengaluru
2015-12-02,21.2,18.8,19.1,18.2,95,Bengaluru
2015-12-03,23.1,18.4,9.9,14.6,91,Bengaluru
2015-12-04,25.3,16.8,0.0,20.0,80,Bengaluru
2015-12-05,24.7,17.0,0.0,20.0,76,Bengaluru
2015-12-06,23.8,17.0,0.0,22.3,82,Bengaluru
2015-12-07,25.1,16.7,0.0,15.6,78,Bengaluru
2015-12-08,24.2,16.0,0.0,12.7,72,Bengaluru
2015-12-09,24.7,16.4,0.0,14.7,82,Bengaluru
2015-12-10,25.4,19.5,1.2,14.0,85,Bengaluru
2015-12-11,25.2,19.0,0.0,11.9,83,Bengaluru
2015-12-12,24.9,17.5,0.3,10.9,77,Bengaluru
2015-12-13,26.6,16.7,0.0,7.9,73,Bengaluru
2015-12-14,26.8,17.7,3.7,7.6,84,Bengaluru
2015-12-15,26.7,18.6,0.0,9.9,79,Bengaluru
2015-12-16,26.8,16.9,0.0,10.0,78,Bengaluru
2015-12-17,25.6,15.2,0.0,10.0,76,Bengaluru
2015-12-18,26.3,14.6,0.0,11.9,81,Bengaluru
2015-12-19,25.9,18.1,0.0,12.1,80,Bengaluru
2015-12-20,25.9,17.4,0.0,14.0,79,Bengaluru
2015-12-21,26.3,16.8,0.0,12.0,72,Bengaluru
2015-12-22,26.8,14.5,0.0,10.2,66,Bengaluru
2015-12-23,25.6,15.6,0.0,12.2,73,Bengaluru
2015-12-24,26.4,13.5,0.0,10.4,69,Bengaluru
2015-12-25,25.7,15.7,0.0,16.9,70,Bengaluru
2015-12-26,25.4,16.4,0.0,16.1,70,Bengaluru
2015-12-27,25.7,16.0,0.0,21.6,76,Bengaluru
2015-12-28,25.8,15.7,0.0,16.0,71,Bengaluru
2015-12-29,26.6,13.6,0.0,15.5,65,Bengaluru
2015-12-30,26.8,12.6,0.0,18.8,64,Bengaluru
2015-12-31,26.6,13.0,0.0,17.8,62,Bengaluru
2016-01-01,25.6,13.6,0.0,19.8,69,Bengaluru
2016-01-02,26.1,12.9,0.0,17.4,57,Bengaluru
2016-01-03,26.5,11.9,0.0,16.9,57,Bengaluru
2016-01-04,26.3,11.8,0.0,18.0,58,Bengaluru
2016-01-05,25.8,12.3,0.0,13.0,59,Bengaluru
2016-01-06,26.3,13.3,0.0,13.9,65,Bengaluru
2016-01-07,26.1,14.7,0.0,13.8,67,Bengaluru
2016-01-08,26.2,14.5,0.0,11.5,62,Bengaluru
2016-01-09,26.3,13.7,0.0,12.9,52,Bengaluru
2016-01-10,26.2,13.1,0.0,13.0,51,Bengaluru
2016-01-11,25.9,12.9,0.0,12.6,51,Bengaluru
2016-01-12,26.6,13.2,0.0,11.4,57,Bengaluru
2016-01-13,26.0,13.7,0.0,12.6,59,Bengaluru
2016-01-14,26.7,13.8,0.0,15.4,59,Bengaluru
2016-01-15,26.1,13.7,0.0,16.2,62,Bengaluru
2016-01-16,26.1,13.8,0.0,14.5,62,Bengaluru
2016-01-17,26.0,14.5,0.0,14.8,63,Bengaluru
2016-01-18,25.9,15.0,0.0,12.3,68,Bengaluru
2016-01-19,24.5,17.1,0.0,12.0,73,Bengaluru
2016-01-20,23.5,18.8,0.6,9.7,79,Bengaluru
2016-01-21,25.4,18.3,1.2,8.9,80,Bengaluru
2016-01-22,26.0,18.5,0.6,13.2,76,Bengaluru
2016-01-23,25.2,18.2,0.1,16.0,77,Bengaluru
2016-01-24,25.3,18.2,0.0,13.5,78,Bengaluru
2016-01-25,27.3,18.7,0.0,12.9,72,Bengaluru
2016-01-26,27.5,17.9,0.0,13.0,71,Bengaluru
2016-01-27,28.4,17.4,0.0,12.8,68,Bengaluru
2016-01-28,29.2,16.5,0.0,11.6,62,Bengaluru
2016-01-29,28.8,15.8,0.0,12.1,60,Bengaluru
2016-01-30,28.2,14.6,0.0,17.7,56,Bengaluru
2016-01-31,29.0,14.5,0.0,17.3,51,Bengaluru
2016-02-01,29.6,12.7,0.0,14.5,44,Bengaluru
2016-02-02,30.1,12.4,0.0,14.8,42,Bengaluru
2016-02-03,29.7,12.9,0.0,13.2,44,Bengaluru
2016-02-04,29.3,15.3,0.0,14.8,46,Bengaluru
2016-02-05,27.9,14.6,0.0,12.9,51,Bengaluru
2016-02-06,28.5,15.4,0.0,13.8,58,Bengaluru
2016-02-07,29.5,16.3,0.0,12.8,62,Bengaluru
2016-02-08,29.9,18.1,0.0,13.9,62,Bengaluru
2016-02-09,29.9,17.4,0.0,13.3,56,Bengaluru
2016-02-10,29.8,16.7,0.0,15.3,54,Bengaluru
2016-02-11,30.1,19.1,0.0,14.2,46,Bengaluru
2016-02-12,29.8,19.0,0.0,12.5,50,Bengaluru
2016-02-13,29.4,18.1,0.0,14.4,52,Bengaluru
2016-02-14,29.8,17.6,0.0,15.9,54,Bengaluru
2016-02-15,28.8,15.3,0.0,16.6,60,Bengaluru
2016-02-16,29.7,18.1,0.0,15.8,62,Bengaluru
2016-02-17,28.7,16.1,0.0,17.2,58,Bengaluru
2016-02-18,28.7,17.9,0.0,21.1,61,Bengaluru
2016-02-19,29.9,16.8,0.0,15.4,53,Bengaluru
2016-02-20,31.5,17.1,0.0,11.4,57,Bengaluru
2016-02-21,32.4,18.3,0.0,11.5,55,Bengaluru
2016-02-22,33.2,18.9,0.0,13.4,53,Bengaluru
2016-02-23,32.8,17.2,0.0,12.8,49,Bengaluru
2016-02-24,31.5,16.9,0.0,13.0,53,Bengaluru
2016-02-25,31.7,18.5,0.0,13.4,51,Bengaluru
2016-02-26,30.7,19.9,0.0,13.7,59,Bengaluru
2016-02-27,30.5,18.3,0.0,14.0,58,Bengaluru
2016-02-28,30.5,19.3,0.0,13.3,62,Bengaluru
2016-02-29,29.3,19.1,0.0,13.7,62,Bengaluru
2016-03-01,30.3,18.2,0.0,14.3,59,Bengaluru
2016-03-02,30.5,17.9,0.0,13.2,58,Bengaluru
2016-03-03,31.6,17.4,0.0,17.3,54,Bengaluru
2016-03-04,32.0,16.2,0.0,13.1,49,Bengaluru
2016-03-05,31.9,17.7,0.0,13.4,50,Bengaluru
2016-03-06,32.0,17.3,0.0,15.2,53,Bengaluru
2016-03-07,31.8,18.0,0.0,13.9,56,Bengaluru
2016-03-08,32.4,17.0,0.0,13.4,54,Bengaluru
2016-03-09,32.8,17.2,0.0,12.8,51,Bengaluru
2016-03-10,32.7,19.3,0.0,11.4,51,Bengaluru
2016-03-11,33.5,18.5,0.0,12.0,51,Bengaluru
2016-03-12,33.4,19.0,0.0,12.9,52,Bengaluru
2016-03-13,33.1,21.1,0.1,9.4,52,Bengaluru
2016-03-14,31.7,22.0,0.0,10.3,58,Bengaluru
2016-03-15,31.0,21.9,1.0,16.3,64,Bengaluru
2016-03-16,32.2,20.5,0.0,13.8,60,Bengaluru
2016-03-17,31.6,21.1,0.0,10.9,64,Bengaluru
2016-03-18,34.0,21.9,0.0,12.7,51,Bengaluru
2016-03-19,34.1,21.4,0.0,12.7,45,Bengaluru
2016-03-20,35.0,20.9,0.0,11.0,38,Bengaluru
2016-03-21,34.9,22.4,0.0,10.9,40,Bengaluru
2016-03-22,34.1,23.0,0.0,9.1,46,Bengaluru
2016-03-23,32.8,22.0,0.0,16.1,51,Bengaluru
2016-03-24,33.9,21.9,0.0,15.8,47,Bengaluru
2016-03-25,34.2,20.5,0.0,13.7,41,Bengaluru
2016-03-26,34.1,19.0,0.0,12.6,41,Bengaluru
2016-03-27,33.8,18.0,0.0,12.6,38,Bengaluru
2016-03-28,33.7,18.1,0.0,13.7,48,Bengaluru
2016-03-29,33.6,19.4,0.0,13.7,53,Bengaluru
2016-03-30,33.7,20.3,0.0,12.1,52,Bengaluru
2016-03-31,33.7,20.5,0.0,11.1,48,Bengaluru
2016-04-01,33.2,20.5,0.0,11.4,48,Bengaluru
2016-04-02,34.1,20.4,0.0,12.1,45,Bengaluru
2016-04-03,33.8,20.6,0.0,10.2,44,Bengaluru
2016-04-04,34.7,21.2,0.0,13.4,41,Bengaluru
2016-04-05,34.1,20.3,0.0,12.7,40,Bengaluru
2016-04-06,33.1,21.5,0.0,10.2,47,Bengaluru
2016-04-07,33.9,21.7,0.0,14.7,52,Bengaluru
2016-04-08,32.8,22.3,1.7,14.6,60,Bengaluru
2016-04-09,31.9,23.3,0.5,9.2,63,Bengaluru
2016-04-10,32.7,22.7,0.1,8.7,57,Bengaluru
2016-04-11,35.1,22.1,0.0,13.2,49,Bengaluru
2016-04-12,35.6,22.8,0.0,11.2,48,Bengaluru
2016-04-13,35.2,23.2,0.0,13.0,50,Bengaluru
2016-04-14,34.9,25.0,0.0,13.1,48,Bengaluru
2016-04-15,35.9,24.7,0.0,14.9,46,Bengaluru
2016-04-16,35.3,23.3,0.0,12.5,47,Bengaluru
2016-04-17,35.8,22.9,0.0,14.2,43,Bengaluru
2016-04-18,35.0,22.1,0.0,11.9,48,Bengaluru
2016-04-19,34.8,22.7,0.0,13.3,52,Bengaluru
2016-04-20,35.5,23.6,0.0,14.3,49,Bengaluru
2016-04-21,35.2,23.2,0.0,9.0,47,Bengaluru
2016-04-22,33.9,23.0,0.4,13.0,56,Bengaluru
2016-04-23,36.1,23.7,0.0,11.9,45,Bengaluru
2016-04-24,36.7,23.2,0.0,10.9,42,Bengaluru
2016-04-25,35.2,23.8,0.2,12.4,46,Bengaluru
2016-04-26,35.5,24.0,0.0,13.8,42,Bengaluru
2016-04-27,35.8,21.2,0.0,12.9,45,Bengaluru
2016-04-28,35.6,21.9,0.0,12.7,44,Bengaluru
2016-04-29,35.5,22.2,0.0,12.2,40,Bengaluru
2016-04-30,35.7,22.5,0.0,15.6,39,Bengaluru
2016-05-01,35.5,23.3,0.0,11.8,40,Bengaluru
2016-05-02,35.2,23.6,2.1,11.9,50,Bengaluru
2016-05-03,34.0,23.1,0.3,20.9,53,Bengaluru
2016-05-04,34.6,23.0,1.4,12.1,59,Bengaluru
2016-05-05,34.2,22.8,2.4,5.5,59,Bengaluru
2016-05-06,31.9,22.9,11.0,10.6,70,Bengaluru
2016-05-07,32.1,21.6,6.2,10.6,74,Bengaluru
2016-05-08,31.5,21.9,7.0,11.0,74,Bengaluru
2016-05-09,31.7,21.0,1.3,15.3,71,Bengaluru
2016-05-10,31.2,21.5,6.0,12.4,69,Bengaluru
2016-05-11,31.0,20.9,0.1,7.9,65,Bengaluru
2016-05-12,31.4,22.1,1.6,8.8,65,Bengaluru
2016-05-13,32.8,21.6,0.0,9.2,64,Bengaluru
2016-05-14,32.8,22.6,4.2,10.5,70,Bengaluru
2016-05-15,34.2,22.2,0.0,12.5,59,Bengaluru
2016-05-16,31.9,22.8,0.6,7.8,65,Bengaluru
2016-05-17,29.7,22.1,1.2,13.3,73,Bengaluru
2016-05-18,26.4,21.5,16.7,18.5,90,Bengaluru
2016-05-19,28.7,21.2,6.1,18.2,82,Bengaluru
2016-05-20,27.6,21.3,2.5,22.9,79,Bengaluru
2016-05-21,32.2,21.9,0.0,20.2,66,Bengaluru
2016-05-22,32.8,21.0,0.0,16.6,62,Bengaluru
2016-05-23,33.1,21.5,0.0,18.0,62,Bengaluru
2016-05-24,32.9,21.3,0.0,17.0,62,Bengaluru
2016-05-25,32.8,21.8,0.0,19.1,64,Bengaluru
2016-05-26,32.8,21.3,0.0,14.0,61,Bengaluru
2016-05-27,32.8,22.0,4.6,13.6,68,Bengaluru
2016-05-28,31.8,21.7,7.8,16.0,72,Bengaluru
2016-05-29,28.3,21.5,4.5,17.0,80,Bengaluru
2016-05-30,29.8,21.4,3.7,15.7,74,Bengaluru
2016-05-31,30.1,20.8,13.1,13.7,80,Bengaluru
2016-06-01,30.4,21.1,14.8,12.4,79,Bengaluru
2016-06-02,28.5,21.1,6.7,13.8,83,Bengaluru
2016-06-03,29.2,21.1,15.2,13.6,82,Bengaluru
2016-06-04,28.4,21.2,12.6,18.1,84,Bengaluru
2016-06-05,28.3,21.0,16.4,15.0,86,Bengaluru
2016-06-06,28.4,20.7,3.6,17.0,81,Bengaluru
2016-06-07,26.7,21.2,5.7,15.0,84,Bengaluru
2016-06-08,28.2,21.1,18.0,17.0,86,Bengaluru
2016-06-09,26.5,20.7,4.1,17.6,86,Bengaluru
2016-06-10,27.2,20.8,0.2,25.9,78,Bengaluru
2016-06-11,27.4,20.3,0.0,21.4,74,Bengaluru
2016-06-12,28.7,20.8,0.9,22.0,76,Bengaluru
2016-06-13,27.4,20.7,6.9,23.6,79,Bengaluru
2016-06-14,27.7,20.4,1.9,23.5,77,Bengaluru
2016-06-15,27.7,20.3,0.0,28.0,70,Bengaluru
2016-06-16,27.7,19.6,1.9,22.0,78,Bengaluru
2016-06-17,27.5,19.2,8.3,19.6,82,Bengaluru
2016-06-18,27.9,20.3,2.0,20.6,79,Bengaluru
2016-06-19,26.7,20.1,15.1,20.9,86,Bengaluru
2016-06-20,25.9,19.8,0.0,14.0,77,Bengaluru
2016-06-21,25.0,19.4,13.5,18.6,86,Bengaluru
2016-06-22,26.2,18.9,23.2,19.5,88,Bengaluru
2016-06-23,25.0,20.1,6.0,25.3,85,Bengaluru
2016-06-24,25.6,19.5,6.2,26.4,83,Bengaluru
2016-06-25,26.0,19.3,12.6,28.4,84,Bengaluru
2016-06-26,25.6,20.0,5.0,24.2,84,Bengaluru
2016-06-27,24.0,20.4,5.2,27.8,86,Bengaluru
2016-06-28,22.8,19.9,37.4,19.8,94,Bengaluru
2016-06-29,21.2,19.7,23.5,22.0,94,Bengaluru
2016-06-30,26.0,20.2,1.9,27.9,81,Bengaluru
2016-07-01,26.1,20.9,0.6,32.4,76,Bengaluru
2016-07-02,26.7,20.3,0.1,32.1,73,Bengaluru
2016-07-03,26.4,20.6,0.0,29.5,75,Bengaluru
2016-07-04,25.9,20.9,7.5,18.8,86,Bengaluru
2016-07-05,25.9,19.9,23.5,22.7,86,Bengaluru
2016-07-06,25.7,20.1,15.9,21.5,88,Bengaluru
2016-07-07,25.4,20.0,5.0,25.2,84,Bengaluru
2016-07-08,26.0,20.6,1.0,28.1,79,Bengaluru
2016-07-09,25.4,20.7,0.3,34.0,76,Bengaluru
2016-07-10,26.0,20.8,0.2,34.5,76,Bengaluru
2016-07-11,25.2,20.5,0.0,30.7,77,Bengaluru
2016-07-12,25.6,20.5,0.4,28.9,77,Bengaluru
2016-07-13,26.6,20.4,0.3,26.2,75,Bengaluru
2016-07-14,27.0,19.6,3.3,19.5,80,Bengaluru
2016-07-15,26.8,20.3,7.5,13.6,83,Bengaluru
2016-07-16,26.5,19.8,4.8,15.1,85,Bengaluru
2016-07-17,26.4,19.5,7.0,14.0,85,Bengaluru
2016-07-18,25.7,19.4,8.4,15.5,86,Bengaluru
2016-07-19,25.9,19.3,2.9,18.3,83,Bengaluru
2016-07-20,26.0,20.1,4.2,18.3,82,Bengaluru
2016-07-21,24.2,19.6,12.9,20.0,88,Bengaluru
2016-07-22,24.1,19.6,4.1,24.1,85,Bengaluru
2016-07-23,25.4,19.0,17.0,19.1,88,Bengaluru
2016-07-24,26.0,20.1,8.1,19.1,87,Bengaluru
2016-07-25,27.0,19.7,6.1,14.5,85,Bengaluru
2016-07-26,26.8,19.8,15.3,10.1,86,Bengaluru
2016-07-27,27.8,19.3,4.5,9.7,86,Bengaluru
2016-07-28,26.8,20.1,6.8,12.4,84,Bengaluru
2016-07-29,25.5,19.9,10.8,17.3,89,Bengaluru
2016-07-30,23.7,19.1,23.6,18.7,89,Bengaluru
2016-07-31,24.4,18.9,3.9,20.3,83,Bengaluru
2016-08-01,25.3,19.1,0.5,28.1,78,Bengaluru
2016-08-02,24.9,19.4,0.0,27.3,75,Bengaluru
2016-08-03,25.3,19.4,0.0,31.0,76,Bengaluru
2016-08-04,25.4,20.1,0.1,29.2,75,Bengaluru
2016-08-05,25.5,19.9,1.0,28.4,76,Bengaluru
2016-08-06,26.2,19.8,0.0,28.9,76,Bengaluru
2016-08-07,25.7,20.0,1.9,24.8,77,Bengaluru
2016-08-08,26.2,19.4,0.2,21.7,77,Bengaluru
2016-08-09,26.6,19.3,0.4,21.3,77,Bengaluru
2016-08-10,26.3,19.8,0.3,22.3,77,Bengaluru
2016-08-11,26.3,19.1,0.2,19.8,77,Bengaluru
2016-08-12,26.9,19.6,1.5,18.4,80,Bengaluru
2016-08-13,27.3,20.5,3.5,20.2,80,Bengaluru
2016-08-14,26.5,19.7,0.7,22.4,76,Bengaluru
2016-08-15,26.2,19.0,1.5,25.2,78,Bengaluru
2016-08-16,26.2,20.6,0.4,29.0,75,Bengaluru
2016-08-17,25.9,20.4,0.3,26.3,76,Bengaluru
2016-08-18,26.3,20.3,0.6,21.0,77,Bengaluru
2016-08-19,26.8,20.0,0.7,21.1,76,Bengaluru
2016-08-20,27.0,19.3,0.1,14.3,76,Bengaluru
2016-08-21,27.2,18.4,0.1,15.1,76,Bengaluru
2016-08-22,26.7,19.9,0.1,16.8,76,Bengaluru
2016-08-23,27.5,19.8,0.4,17.3,76,Bengaluru
2016-08-24,27.7,20.2,1.4,19.1,78,Bengaluru
2016-08-25,26.9,20.0,4.5,18.0,82,Bengaluru
2016-08-26,26.1,20.0,10.8,17.1,84,Bengaluru
2016-08-27,26.3,19.9,1.7,18.2,84,Bengaluru
2016-08-28,25.5,19.6,0.4,19.5,81,Bengaluru
2016-08-29,26.8,19.8,3.5,17.2,79,Bengaluru
2016-08-30,26.4,20.2,12.9,18.8,87,Bengaluru
2016-08-31,24.7,19.6,6.6,16.1,87,Bengaluru
2016-09-01,25.3,19.7,1.0,17.2,85,Bengaluru
2016-09-02,25.7,19.2,1.8,16.9,81,Bengaluru
2016-09-03,25.4,19.3,0.5,19.1,81,Bengaluru
2016-09-04,26.0,18.8,0.5,18.3,78,Bengaluru
2016-09-05,25.5,18.1,0.1,20.4,78,Bengaluru
2016-09-06,25.5,18.4,1.0,19.2,77,Bengaluru
2016-09-07,25.7,17.2,0.0,18.4,75,Bengaluru
2016-09-08,26.1,16.7,0.0,15.3,73,Bengaluru
2016-09-09,26.7,18.3,0.5,15.4,76,Bengaluru
2016-09-10,27.2,18.4,0.1,16.1,76,Bengaluru
2016-09-11,26.8,18.6,0.0,19.5,72,Bengaluru
2016-09-12,26.0,18.5,1.9,18.9,77,Bengaluru
2016-09-13,26.2,19.4,0.4,18.2,77,Bengaluru
2016-09-14,26.4,19.7,0.1,20.5,77,Bengaluru
2016-09-15,26.3,19.8,1.0,20.1,78,Bengaluru
2016-09-16,26.7,19.3,1.7,22.3,79,Bengaluru
2016-09-17,27.3,19.8,0.0,22.8,74,Bengaluru
2016-09-18,26.6,18.2,0.9,20.9,76,Bengaluru
2016-09-19,26.9,19.3,0.0,20.5,73,Bengaluru
2016-09-20,26.1,19.1,0.3,21.3,75,Bengaluru
2016-09-21,24.1,19.0,8.4,22.7,84,Bengaluru
2016-09-22,25.4,19.3,4.7,26.6,80,Bengaluru
2016-09-23,25.9,19.0,0.2,25.6,75,Bengaluru
2016-09-24,25.3,19.7,0.7,25.6,78,Bengaluru
2016-09-25,26.1,20.0,0.8,24.9,77,Bengaluru
2016-09-26,26.7,20.4,0.0,20.1,76,Bengaluru
2016-09-27,26.8,20.3,10.1,15.8,85,Bengaluru
2016-09-28,25.9,20.3,9.5,13.8,87,Bengaluru
2016-09-29,27.4,20.3,1.5,15.8,84,Bengaluru
2016-09-30,26.5,19.7,0.5,17.1,76,Bengaluru
2016-10-01,26.2,18.9,0.0,14.3,76,Bengaluru
2016-10-02,27.2,17.7,0.0,11.0,74,Bengaluru
2016-10-03,28.0,17.5,0.0,8.4,75,Bengaluru
2016-10-04,27.0,19.2,0.3,11.5,73,Bengaluru
2016-10-05,27.6,17.9,0.0,13.9,70,Bengaluru
2016-10-06,27.9,18.3,0.0,12.6,69,Bengaluru
2016-10-07,28.1,17.2,0.0,12.3,67,Bengaluru
2016-10-08,28.2,17.9,0.0,14.5,72,Bengaluru
2016-10-09,27.2,18.4,1.1,19.8,74,Bengaluru
2016-10-10,26.8,19.3,0.4,19.4,75,Bengaluru
2016-10-11,28.1,19.0,2.8,13.2,78,Bengaluru
2016-10-12,27.4,20.0,18.3,7.7,87,Bengaluru
2016-10-13,26.9,19.4,0.4,7.9,79,Bengaluru
2016-10-14,28.3,18.9,0.4,12.1,67,Bengaluru
2016-10-15,28.1,18.3,0.0,11.6,63,Bengaluru
2016-10-16,28.1,16.4,0.0,9.7,62,Bengaluru
2016-10-17,28.3,16.7,0.0,12.2,59,Bengaluru
2016-10-18,28.9,17.8,0.0,12.5,52,Bengaluru
2016-10-19,29.0,17.9,0.0,10.1,52,Bengaluru
2016-10-20,29.1,18.6,0.0,10.2,51,Bengaluru
2016-10-21,28.8,18.4,0.0,9.9,49,Bengaluru
2016-10-22,28.9,16.8,0.0,10.0,49,Bengaluru
2016-10-23,28.8,17.7,0.0,9.7,46,Bengaluru
2016-10-24,29.3,16.2,0.0,11.0,50,Bengaluru
2016-10-25,28.5,16.8,0.0,10.1,51,Bengaluru
2016-10-26,29.3,16.8,0.0,9.3,49,Bengaluru
2016-10-27,28.1,17.5,0.0,9.6,51,Bengaluru
2016-10-28,29.0,19.2,0.0,10.4,45,Bengaluru
2016-10-29,30.2,18.1,0.0,13.2,54,Bengaluru
2016-10-30,29.8,20.8,0.2,13.9,69,Bengaluru
2016-10-31,28.1,20.0,0.0,13.3,73,Bengaluru
2016-11-01,27.9,20.3,2.3,15.4,76,Bengaluru
2016-11-02,27.9,18.4,1.2,16.9,74,Bengaluru
2016-11-03,29.5,18.9,0.0,14.1,67,Bengaluru
2016-11-04,29.7,18.6,0.0,13.9,60,Bengaluru
2016-11-05,29.5,18.1,0.0,13.4,50,Bengaluru
2016-11-06,28.9,16.4,0.0,10.8,46,Bengaluru
2016-11-07,28.3,17.6,0.0,10.9,49,Bengaluru
2016-11-08,28.6,17.7,0.0,11.9,50,Bengaluru
2016-11-09,27.9,16.3,0.0,12.1,53,Bengaluru
2016-11-10,28.4,14.7,0.0,10.7,47,Bengaluru
2016-11-11,28.4,15.8,0.0,12.3,50,Bengaluru
2016-11-12,28.9,16.8,0.0,12.9,54,Bengaluru
2016-11-13,29.2,18.5,0.0,14.1,69,Bengaluru
2016-11-14,28.6,20.2,0.8,13.3,73,Bengaluru
2016-11-15,29.5,20.1,0.0,13.7,65,Bengaluru
2016-11-16,28.7,18.1,0.0,17.5,68,Bengaluru
2016-11-17,28.4,19.3,0.0,18.9,70,Bengaluru
2016-11-18,29.1,17.2,0.0,17.1,62,Bengaluru
2016-11-19,29.1,16.5,0.0,13.7,60,Bengaluru
2016-11-20,29.4,18.1,0.0,10.5,56,Bengaluru
2016-11-21,29.2,16.1,0.0,14.4,49,Bengaluru
2016-11-22,29.3,14.3,0.0,11.3,43,Bengaluru
2016-11-23,29.7,15.2,0.0,13.3,46,Bengaluru
2016-11-24,29.3,14.8,0.0,13.0,45,Bengaluru
2016-11-25,29.7,14.6,0.0,15.7,48,Bengaluru
2016-11-26,29.7,13.8,0.0,12.0,46,Bengaluru
2016-11-27,30.4,13.6,0.0,11.2,44,Bengaluru
2016-11-28,31.1,14.7,0.0,12.5,39,Bengaluru
2016-11-29,29.8,14.4,0.0,11.3,48,Bengaluru
2016-11-30,29.0,15.5,0.0,14.8,50,Bengaluru
2016-12-01,26.7,16.3,6.2,19.3,62,Bengaluru
2016-12-02,24.9,18.5,4.6,19.3,85,Bengaluru
2016-12-03,23.7,19.0,1.9,20.5,87,Bengaluru
2016-12-04,27.2,19.1,0.0,14.8,78,Bengaluru
2016-12-05,26.5,18.1,0.1,14.3,75,Bengaluru
2016-12-06,26.2,17.4,0.0,14.0,70,Bengaluru
2016-12-07,27.1,13.8,0.0,15.1,70,Bengaluru
2016-12-08,27.1,16.6,0.0,9.7,69,Bengaluru
2016-12-09,28.1,15.0,0.0,12.4,55,Bengaluru
2016-12-10,27.8,15.0,0.0,14.3,36,Bengaluru
2016-12-11,27.5,15.0,0.0,11.3,39,Bengaluru
2016-12-12,26.1,18.8,7.4,26.8,58,Bengaluru
2016-12-13,19.3,17.6,34.0,28.5,95,Bengaluru
2016-12-14,24.1,18.0,1.6,17.7,83,Bengaluru
2016-12-15,25.6,18.2,0.0,13.0,76,Bengaluru
2016-12-16,24.7,17.8,1.3,15.7,83,Bengaluru
2016-12-17,25.9,16.8,0.0,13.4,75,Bengaluru
2016-12-18,26.3,16.2,0.0,13.6,73,Bengaluru
2016-12-19,26.4,14.5,0.0,14.8,67,Bengaluru
2016-12-20,26.8,13.4,0.0,13.1,73,Bengaluru
2016-12-21,26.8,15.6,0.0,9.0,74,Bengaluru
2016-12-22,27.3,14.2,0.0,10.5,63,Bengaluru
2016-12-23,27.1,12.9,0.0,10.1,54,Bengaluru
2016-12-24,27.2,12.3,0.0,10.9,55,Bengaluru
2016-12-25,27.0,12.2,0.0,10.6,61,Bengaluru
2016-12-26,27.9,11.5,0.0,12.5,56,Bengaluru
2016-12-27,27.7,12.8,0.0,15.7,54,Bengaluru
2016-12-28,27.2,14.7,0.0,14.4,67,Bengaluru
2016-12-29,26.6,13.8,0.0,12.4,62,Bengaluru
2016-12-30,26.3,13.3,0.0,13.0,64,Bengaluru
2016-12-31,26.8,13.2,0.0,12.1,61,Bengaluru
2017-01-01,27.3,13.6,0.0,14.5,64,Bengaluru
2017-01-02,27.1,15.6,0.0,15.0,62,Bengaluru
2017-01-03,28.1,15.4,0.0,13.6,55,Bengaluru
2017-01-04,27.6,15.3,0.0,13.8,57,Bengaluru
2017-01-05,27.8,14.8,0.0,14.5,57,Bengaluru
2017-01-06,27.4,15.6,0.0,16.2,60,Bengaluru
2017-01-07,27.4,15.6,0.0,16.5,61,Bengaluru
2017-01-08,27.4,14.4,0.0,20.5,63,Bengaluru
2017-01-09,27.3,14.6,0.0,19.7,58,Bengaluru
2017-01-10,27.1,14.6,0.0,15.6,55,Bengaluru
2017-01-11,26.5,15.4,0.0,14.6,58,Bengaluru
2017-01-12,25.4,15.6,0.0,16.0,59,Bengaluru
2017-01-13,26.1,17.0,0.0,18.4,67,Bengaluru
2017-01-14,24.7,16.4,0.0,20.8,62,Bengaluru
2017-01-15,26.3,14.5,0.0,17.7,60,Bengaluru
2017-01-16,26.3,15.8,0.0,15.5,62,Bengaluru
2017-01-17,27.0,14.5,0.0,17.3,58,Bengaluru
2017-01-18,26.7,13.8,0.0,17.5,51,Bengaluru
2017-01-19,25.6,13.4,0.0,20.2,66,Bengaluru
2017-01-20,28.4,13.9,0.0,25.2,68,Bengaluru
2017-01-21,26.3,17.1,0.2,24.5,70,Bengaluru
2017-01-22,28.2,16.8,0.0,21.3,54,Bengaluru
2017-01-23,27.8,15.7,0.0,23.6,45,Bengaluru
2017-01-24,28.3,16.5,0.0,22.3,52,Bengaluru
2017-01-25,27.5,15.5,0.0,19.5,56,Bengaluru
2017-01-26,21.9,15.9,30.1,17.0,88,Bengaluru
2017-01-27,25.1,18.6,6.7,14.6,86,Bengaluru
2017-01-28,26.2,18.9,1.5,18.2,81,Bengaluru
2017-01-29,27.5,18.2,0.2,17.0,75,Bengaluru
2017-01-30,27.7,17.7,0.0,16.8,67,Bengaluru
2017-01-31,28.4,16.8,0.0,15.4,65,Bengaluru
2017-02-01,27.8,15.8,0.0,16.6,56,Bengaluru
2017-02-02,28.1,14.6,0.0,17.5,53,Bengaluru
2017-02-03,27.6,15.3,0.0,16.2,57,Bengaluru
2017-02-04,27.1,14.9,0.0,13.9,59,Bengaluru
2017-02-05,27.8,14.3,0.0,14.5,55,Bengaluru
2017-02-06,28.4,13.8,0.0,14.7,55,Bengaluru
2017-02-07,29.4,14.1,0.0,11.7,50,Bengaluru
2017-02-08,29.8,16.2,0.0,18.1,39,Bengaluru
2017-02-09,29.7,15.0,0.0,15.9,43,Bengaluru
2017-02-10,30.0,14.9,0.0,17.7,40,Bengaluru
2017-02-11,29.5,13.7,0.0,19.0,48,Bengaluru
2017-02-12,28.2,14.0,0.0,19.9,54,Bengaluru
2017-02-13,27.7,14.4,0.0,17.4,59,Bengaluru
2017-02-14,27.8,15.5,0.1,23.5,69,Bengaluru
2017-02-15,29.1,16.4,0.0,20.9,51,Bengaluru
2017-02-16,28.5,14.9,0.0,25.2,40,Bengaluru
2017-02-17,29.0,13.7,0.0,24.6,45,Bengaluru
2017-02-18,29.8,15.7,0.0,24.6,44,Bengaluru
2017-02-19,31.1,15.6,0.0,19.2,44,Bengaluru
2017-02-20,31.3,16.1,0.0,12.6,44,Bengaluru
2017-02-21,32.6,17.1,0.0,14.0,47,Bengaluru
2017-02-22,32.7,18.4,0.0,12.9,42,Bengaluru
2017-02-23,33.1,18.1,0.0,19.2,40,Bengaluru
2017-02-24,33.3,18.2,0.0,21.2,42,Bengaluru
2017-02-25,33.3,17.8,0.0,18.8,40,Bengaluru
2017-02-26,32.2,18.1,0.0,21.0,48,Bengaluru
2017-02-27,30.9,17.8,0.0,25.3,48,Bengaluru
2017-02-28,30.9,16.3,0.0,22.5,37,Bengaluru
2017-03-01,31.1,17.0,0.0,25.4,33,Bengaluru
2017-03-02,31.5,15.2,0.0,16.7,36,Bengaluru
2017-03-03,30.8,17.6,0.0,17.1,52,Bengaluru
2017-03-04,31.7,20.3,0.0,23.4,63,Bengaluru
2017-03-05,30.5,20.8,0.2,19.1,60,Bengaluru
2017-03-06,29.0,20.5,12.1,11.8,69,Bengaluru
2017-03-07,30.1,20.4,1.0,13.5,65,Bengaluru
2017-03-08,31.7,20.9,0.4,12.2,58,Bengaluru
2017-03-09,32.0,20.8,0.0,15.3,59,Bengaluru
2017-03-10,33.1,20.9,0.0,16.2,53,Bengaluru
2017-03-11,32.4,19.5,0.0,17.3,43,Bengaluru
2017-03-12,33.6,19.4,0.0,17.2,38,Bengaluru
2017-03-13,32.9,20.0,1.1,16.8,53,Bengaluru
2017-03-14,27.9,20.1,9.3,17.7,72,Bengaluru
2017-03-15,29.7,20.5,1.0,16.7,67,Bengaluru
2017-03-16,32.3,19.9,0.0,15.4,58,Bengaluru
2017-03-17,31.5,19.8,1.0,15.0,55,Bengaluru
2017-03-18,33.4,20.2,0.0,15.5,49,Bengaluru
2017-03-19,33.9,20.8,0.0,16.5,50,Bengaluru
2017-03-20,31.6,21.8,0.2,12.9,53,Bengaluru
2017-03-21,31.3,21.4,2.3,15.9,55,Bengaluru
2017-03-22,33.4,20.3,0.4,15.7,48,Bengaluru
2017-03-23,33.7,19.3,0.0,17.7,46,Bengaluru
2017-03-24,34.4,18.8,0.0,19.4,41,Bengaluru
2017-03-25,34.8,18.7,0.0,19.4,32,Bengaluru
2017-03-26,35.4,19.5,0.0,23.0,35,Bengaluru
2017-03-27,34.8,20.7,0.0,20.5,35,Bengaluru
2017-03-28,34.9,20.0,0.0,17.3,39,Bengaluru
2017-03-29,35.3,20.4,0.0,16.0,43,Bengaluru
2017-03-30,34.9,20.7,0.0,19.5,42,Bengaluru
2017-03-31,34.8,20.8,0.0,21.5,41,Bengaluru
2017-04-01,35.3,20.8,0.0,17.7,36,Bengaluru
2017-04-02,35.7,21.4,0.5,16.3,41,Bengaluru
2017-04-03,35.1,21.9,0.0,14.1,41,Bengaluru
2017-04-04,33.1,21.7,0.7,15.6,53,Bengaluru
2017-04-05,32.9,22.5,4.1,9.3,53,Bengaluru
2017-04-06,33.4,22.5,0.1,16.6,47,Bengaluru
2017-04-07,32.1,22.8,0.4,14.9,52,Bengaluru
2017-04-08,33.6,22.7,0.3,15.0,45,Bengaluru
2017-04-09,34.8,23.0,0.0,14.7,43,Bengaluru
2017-04-10,34.9,21.7,0.0,15.1,44,Bengaluru
2017-04-11,34.5,22.7,0.0,17.1,44,Bengaluru
2017-04-12,35.4,22.8,0.0,18.0,45,Bengaluru
2017-04-13,35.1,22.1,0.0,18.8,41,Bengaluru
2017-04-14,35.0,21.2,0.0,20.3,39,Bengaluru
2017-04-15,35.0,21.1,0.0,18.7,46,Bengaluru
2017-04-16,33.5,22.0,0.0,16.5,51,Bengaluru
2017-04-17,33.7,22.1,1.2,18.5,54,Bengaluru
2017-04-18,35.1,21.6,0.0,19.1,49,Bengaluru
2017-04-19,33.0,22.1,0.0,14.6,58,Bengaluru
2017-04-20,33.1,22.8,0.0,15.9,62,Bengaluru
2017-04-21,30.8,22.9,2.7,17.1,70,Bengaluru
2017-04-22,32.9,21.8,0.1,14.8,60,Bengaluru
2017-04-23,34.3,21.4,0.0,13.8,54,Bengaluru
2017-04-24,34.1,21.6,0.1,14.8,50,Bengaluru
2017-04-25,33.9,21.5,0.3,14.8,54,Bengaluru
2017-04-26,33.7,21.9,0.0,18.7,51,Bengaluru
2017-04-27,32.5,22.3,0.5,11.6,48,Bengaluru
2017-04-28,32.8,22.2,2.0,13.0,53,Bengaluru
2017-04-29,33.2,21.5,0.7,7.9,49,Bengaluru
2017-04-30,31.9,21.6,0.3,12.2,47,Bengaluru
2017-05-01,33.1,20.7,1.0,12.3,48,Bengaluru
2017-05-02,31.7,21.0,0.3,13.8,54,Bengaluru
2017-05-03,31.6,22.4,1.9,14.2,64,Bengaluru
2017-05-04,33.8,21.8,0.0,13.1,52,Bengaluru
2017-05-05,34.1,22.0,0.1,12.1,52,Bengaluru
2017-05-06,34.2,22.8,0.3,11.3,54,Bengaluru
2017-05-07,34.5,22.5,0.6,18.5,54,Bengaluru
2017-05-08,32.8,21.7,0.0,11.7,55,Bengaluru
2017-05-09,32.3,22.6,3.5,13.5,62,Bengaluru
2017-05-10,32.2,21.6,1.4,12.6,65,Bengaluru
2017-05-11,30.8,22.1,4.1,15.4,62,Bengaluru
2017-05-12,30.9,22.4,1.5,10.8,69,Bengaluru
2017-05-13,32.6,21.6,0.5,13.1,63,Bengaluru
2017-05-14,33.9,22.5,3.5,14.0,65,Bengaluru
2017-05-15,32.4,21.7,4.4,15.3,71,Bengaluru
2017-05-16,32.5,21.6,0.9,11.8,67,Bengaluru
2017-05-17,32.8,21.8,0.5,16.7,68,Bengaluru
2017-05-18,33.3,22.1,36.1,15.6,75,Bengaluru
2017-05-19,30.6,20.8,1.2,16.5,75,Bengaluru
2017-05-20,30.6,22.0,4.9,16.9,71,Bengaluru
2017-05-21,28.4,22.1,5.1,16.6,79,Bengaluru
2017-05-22,31.3,22.3,9.6,14.4,73,Bengaluru
2017-05-23,31.3,21.7,1.0,10.9,71,Bengaluru
2017-05-24,32.4,22.9,2.1,13.0,65,Bengaluru
2017-05-25,31.2,22.3,1.0,18.4,72,Bengaluru
2017-05-26,31.0,22.6,3.7,19.4,75,Bengaluru
2017-05-27,31.8,22.3,10.2,18.2,78,Bengaluru
2017-05-28,30.1,21.7,9.6,22.0,79,Bengaluru
2017-05-29,30.8,20.9,0.0,24.1,69,Bengaluru
2017-05-30,30.1,20.6,0.1,26.6,69,Bengaluru
2017-05-31,28.7,20.4,0.9,22.1,75,Bengaluru
2017-06-01,29.6,20.4,0.5,13.8,73,Bengaluru
2017-06-02,29.9,21.4,0.6,19.7,72,Bengaluru
2017-06-03,28.3,21.6,1.4,22.1,75,Bengaluru
2017-06-04,30.6,20.8,2.4,19.1,73,Bengaluru
2017-06-05,30.7,20.8,3.6,18.6,73,Bengaluru
2017-06-06,29.7,20.7,7.3,19.0,79,Bengaluru
2017-06-07,23.8,20.6,11.5,22.9,88,Bengaluru
2017-06-08,25.2,20.0,2.2,22.1,81,Bengaluru
2017-06-09,25.9,19.8,8.2,22.7,81,Bengaluru
2017-06-10,26.7,20.0,1.1,29.6,77,Bengaluru
2017-06-11,25.3,20.2,3.5,32.2,83,Bengaluru
2017-06-12,27.0,20.6,5.3,29.3,81,Bengaluru
2017-06-13,27.1,21.1,8.3,23.4,83,Bengaluru
2017-06-14,28.5,20.6,1.2,17.6,79,Bengaluru
2017-06-15,27.9,20.1,2.2,20.0,78,Bengaluru
2017-06-16,27.8,20.4,7.7,18.2,84,Bengaluru
2017-06-17,28.0,20.1,1.0,20.7,81,Bengaluru
2017-06-18,28.0,19.7,2.4,17.7,77,Bengaluru
2017-06-19,27.5,20.0,1.5,18.9,80,Bengaluru
2017-06-20,26.7,20.2,2.0,19.6,80,Bengaluru
2017-06-21,26.8,19.8,1.2,22.4,78,Bengaluru
2017-06-22,27.9,19.2,1.9,18.7,77,Bengaluru
2017-06-23,26.6,20.0,2.5,21.3,78,Bengaluru
2017-06-24,26.5,20.9,3.8,25.0,77,Bengaluru
2017-06-25,27.5,20.7,2.2,28.2,79,Bengaluru
2017-06-26,25.9,20.6,1.1,31.7,80,Bengaluru
2017-06-27,24.6,20.3,3.8,23.9,84,Bengaluru
2017-06-28,25.8,19.6,1.3,30.2,80,Bengaluru
2017-06-29,27.8,20.7,1.8,27.0,74,Bengaluru
2017-06-30,27.4,20.1,0.5,26.6,74,Bengaluru
2017-07-01,27.9,20.0,0.6,26.6,73,Bengaluru
2017-07-02,27.5,20.6,0.1,23.8,73,Bengaluru
2017-07-03,28.0,20.6,1.0,21.8,76,Bengaluru
2017-07-04,28.9,20.2,0.0,28.2,72,Bengaluru
2017-07-05,28.0,19.8,0.7,24.8,74,Bengaluru
2017-07-06,27.0,19.8,1.8,22.3,76,Bengaluru
2017-07-07,26.9,20.1,3.1,18.7,77,Bengaluru
2017-07-08,25.8,19.9,1.6,18.6,79,Bengaluru
2017-07-09,27.3,20.3,1.9,17.6,75,Bengaluru
2017-07-10,28.6,19.2,0.5,17.4,72,Bengaluru
2017-07-11,28.4,19.7,7.7,20.6,75,Bengaluru
2017-07-12,29.6,20.6,1.1,23.7,71,Bengaluru
2017-07-13,26.3,19.7,2.1,20.6,79,Bengaluru
2017-07-14,28.4,19.4,0.8,27.7,75,Bengaluru
2017-07-15,25.8,20.0,14.5,24.2,84,Bengaluru
2017-07-16,27.6,18.9,1.6,28.2,74,Bengaluru
2017-07-17,27.0,20.4,0.5,30.3,74,Bengaluru
2017-07-18,24.9,20.9,4.8,29.9,78,Bengaluru
2017-07-19,26.4,20.6,3.8,33.5,75,Bengaluru
2017-07-20,28.0,20.7,0.4,32.2,70,Bengaluru
2017-07-21,28.7,20.2,1.7,30.2,72,Bengaluru
2017-07-22,28.4,20.2,1.5,25.3,73,Bengaluru
2017-07-23,28.4,19.4,0.7,24.2,72,Bengaluru
2017-07-24,28.3,19.6,0.1,26.3,71,Bengaluru
2017-07-25,29.1,19.9,0.3,25.1,70,Bengaluru
2017-07-26,29.1,19.8,0.6,24.3,69,Bengaluru
2017-07-27,28.5,19.6,0.2,22.8,72,Bengaluru
2017-07-28,30.0,20.2,2.5,23.2,72,Bengaluru
2017-07-29,29.9,20.4,2.4,20.5,69,Bengaluru
2017-07-30,30.3,20.5,4.1,19.2,71,Bengaluru
2017-07-31,29.5,20.7,3.4,17.3,74,Bengaluru
2017-08-01,30.4,21.1,0.0,17.1,67,Bengaluru
2017-08-02,31.0,20.6,0.1,22.9,65,Bengaluru
2017-08-03,28.1,20.2,2.9,24.1,74,Bengaluru
2017-08-04,26.9,20.7,3.8,24.7,76,Bengaluru
2017-08-05,27.6,20.8,1.0,22.3,74,Bengaluru
2017-08-06,27.1,20.7,1.9,21.4,75,Bengaluru
2017-08-07,29.3,20.2,3.6,18.0,75,Bengaluru
2017-08-08,29.3,20.5,3.2,18.2,71,Bengaluru
2017-08-09,29.2,20.3,9.9,14.0,78,Bengaluru
2017-08-10,27.0,20.3,3.9,13.8,80,Bengaluru
2017-08-11,26.7,20.7,2.3,12.1,82,Bengaluru
2017-08-12,28.0,20.5,0.7,18.4,78,Bengaluru
2017-08-13,26.1,20.5,2.9,15.1,77,Bengaluru
2017-08-14,28.6,19.9,0.8,11.0,73,Bengaluru
2017-08-15,27.0,19.6,13.2,10.2,85,Bengaluru
2017-08-16,28.2,20.1,12.4,14.2,83,Bengaluru
2017-08-17,26.4,19.7,5.1,18.2,82,Bengaluru
2017-08-18,24.3,20.2,12.0,19.4,89,Bengaluru
2017-08-19,25.5,19.8,2.6,25.1,85,Bengaluru
2017-08-20,24.2,19.9,4.0,25.1,86,Bengaluru
2017-08-21,25.5,19.8,14.2,19.1,85,Bengaluru
2017-08-22,25.2,20.6,5.1,23.1,81,Bengaluru
2017-08-23,26.4,20.0,15.3,17.9,83,Bengaluru
2017-08-24,25.6,20.0,6.2,17.6,85,Bengaluru
2017-08-25,26.3,20.2,12.3,21.3,88,Bengaluru
2017-08-26,26.2,19.8,3.9,22.4,83,Bengaluru
2017-08-27,23.9,20.4,15.6,23.8,87,Bengaluru
2017-08-28,23.3,20.3,3.2,26.2,91,Bengaluru
2017-08-29,23.1,19.9,6.7,24.8,92,Bengaluru
2017-08-30,27.6,19.8,3.0,20.5,81,Bengaluru
2017-08-31,27.5,19.7,0.2,14.8,78,Bengaluru
2017-09-01,28.0,20.3,1.7,14.0,79,Bengaluru
2017-09-02,27.9,20.5,12.2,10.6,85,Bengaluru
2017-09-03,27.3,19.9,12.8,9.0,86,Bengaluru
2017-09-04,27.6,19.6,4.9,12.1,82,Bengaluru
2017-09-05,27.7,20.0,8.9,13.1,85,Bengaluru
2017-09-06,27.4,19.8,20.7,10.7,87,Bengaluru
2017-09-07,27.1,19.8,26.4,9.4,88,Bengaluru
2017-09-08,27.8,19.4,33.6,12.4,86,Bengaluru
2017-09-09,27.5,19.6,25.0,14.9,88,Bengaluru
2017-09-10,27.1,19.7,2.1,15.3,82,Bengaluru
2017-09-11,27.7,21.0,0.5,18.0,82,Bengaluru
2017-09-12,28.0,21.2,1.7,15.2,82,Bengaluru
2017-09-13,29.2,21.2,0.3,15.7,78,Bengaluru
2017-09-14,28.8,20.9,1.9,17.1,80,Bengaluru
2017-09-15,26.7,19.9,1.0,16.6,81,Bengaluru
2017-09-16,25.0,20.0,3.4,23.2,88,Bengaluru
2017-09-17,25.9,19.9,9.1,25.6,88,Bengaluru
2017-09-18,24.4,19.5,1.3,32.6,84,Bengaluru
2017-09-19,26.8,19.7,1.3,30.6,79,Bengaluru
2017-09-20,27.4,18.8,0.1,29.0,76,Bengaluru
2017-09-21,24.8,18.1,0.7,19.8,83,Bengaluru
2017-09-22,27.2,19.1,0.0,16.8,76,Bengaluru
2017-09-23,27.1,19.0,0.6,10.6,74,Bengaluru
2017-09-24,27.2,20.3,19.2,9.8,84,Bengaluru
2017-09-25,25.8,19.4,10.6,15.3,89,Bengaluru
2017-09-26,25.5,19.9,12.4,11.2,89,Bengaluru
2017-09-27,26.4,19.2,17.0,10.0,90,Bengaluru
2017-09-28,25.4,19.6,10.8,14.4,91,Bengaluru
2017-09-29,25.9,20.0,1.6,16.4,87,Bengaluru
2017-09-30,25.8,19.8,3.2,11.6,86,Bengaluru
2017-10-01,26.6,19.5,9.7,13.0,89,Bengaluru
2017-10-02,25.9,19.7,1.2,14.8,87,Bengaluru
2017-10-03,26.9,19.8,0.7,13.4,82,Bengaluru
2017-10-04,26.2,20.0,5.9,10.5,87,Bengaluru
2017-10-05,27.2,19.8,7.5,12.1,88,Bengaluru
2017-10-06,25.9,19.7,6.9,9.1,89,Bengaluru
2017-10-07,26.8,19.1,7.9,9.2,85,Bengaluru
2017-10-08,27.4,20.5,3.4,10.7,84,Bengaluru
2017-10-09,26.7,19.8,7.9,9.2,86,Bengaluru
2017-10-10,27.3,20.2,7.7,9.4,83,Bengaluru
2017-10-11,27.2,19.7,21.2,9.7,87,Bengaluru
2017-10-12,27.5,20.0,29.7,9.6,88,Bengaluru
2017-10-13,27.3,19.3,8.9,10.2,87,Bengaluru
2017-10-14,25.2,20.3,2.8,18.2,89,Bengaluru
2017-10-15,24.9,20.4,8.6,18.5,89,Bengaluru
2017-10-16,26.1,19.4,2.7,17.4,87,Bengaluru
2017-10-17,25.5,19.5,0.2,12.2,85,Bengaluru
2017-10-18,26.5,18.4,0.5,13.4,81,Bengaluru
2017-10-19,28.0,16.8,0.0,14.1,72,Bengaluru
2017-10-20,26.6,16.9,0.0,10.4,72,Bengaluru
2017-10-21,26.6,18.7,0.7,9.7,76,Bengaluru
2017-10-22,27.7,18.5,0.0,10.0,75,Bengaluru
2017-10-23,27.4,16.8,0.0,10.8,66,Bengaluru
2017-10-24,28.1,16.0,0.0,9.1,67,Bengaluru
2017-10-25,27.6,19.1,0.7,14.1,77,Bengaluru
2017-10-26,27.2,20.0,0.7,15.3,78,Bengaluru
2017-10-27,27.0,19.0,1.4,16.1,81,Bengaluru
2017-10-28,27.2,18.6,0.0,18.8,72,Bengaluru
2017-10-29,27.0,18.3,0.0,19.5,69,Bengaluru
2017-10-30,26.1,17.9,1.4,23.7,76,Bengaluru
2017-10-31,24.8,18.6,0.4,25.4,76,Bengaluru
2017-11-01,23.9,18.6,2.5,21.4,81,Bengaluru
2017-11-02,26.7,17.4,0.1,18.1,73,Bengaluru
2017-11-03,25.5,18.7,0.0,22.4,76,Bengaluru
2017-11-04,23.3,17.8,1.8,20.8,83,Bengaluru
2017-11-05,26.0,19.0,3.7,22.6,85,Bengaluru
2017-11-06,23.5,19.2,28.3,20.2,90,Bengaluru
2017-11-07,25.4,17.9,1.8,19.4,85,Bengaluru
2017-11-08,26.2,18.1,0.0,20.8,79,Bengaluru
2017-11-09,26.0,17.2,0.0,16.6,76,Bengaluru
2017-11-10,26.3,15.5,0.0,14.8,73,Bengaluru
2017-11-11,26.1,17.1,0.0,17.7,75,Bengaluru
2017-11-12,26.6,16.2,0.0,13.1,70,Bengaluru
2017-11-13,26.3,18.5,0.6,15.0,69,Bengaluru
2017-11-14,25.2,17.4,0.5,12.7,79,Bengaluru
2017-11-15,25.6,19.1,3.3,11.3,82,Bengaluru
2017-11-16,25.9,18.8,1.3,14.7,77,Bengaluru
2017-11-17,26.5,20.3,0.8,12.2,78,Bengaluru
2017-11-18,26.8,19.4,0.7,14.1,80,Bengaluru
2017-11-19,26.7,19.7,0.4,13.0,79,Bengaluru
2017-11-20,27.5,19.3,0.1,13.4,77,Bengaluru
2017-11-21,26.9,19.6,0.3,16.9,79,Bengaluru
2017-11-22,27.4,18.7,0.0,19.3,72,Bengaluru
2017-11-23,27.8,17.0,0.0,13.5,73,Bengaluru
2017-11-24,28.5,17.9,0.0,15.9,71,Bengaluru
2017-11-25,27.4,18.3,0.0,18.3,75,Bengaluru
2017-11-26,25.5,16.8,0.7,18.0,77,Bengaluru
2017-11-27,26.6,19.1,0.5,21.4,79,Bengaluru
2017-11-28,28.0,17.5,0.0,15.8,74,Bengaluru
2017-11-29,27.5,16.7,0.0,20.3,69,Bengaluru
2017-11-30,24.1,19.7,1.3,28.9,82,Bengaluru
2017-12-01,24.6,18.9,4.7,33.6,90,Bengaluru
2017-12-02,22.7,17.9,5.1,27.4,85,Bengaluru
2017-12-03,24.3,17.5,0.5,18.0,82,Bengaluru
2017-12-04,24.8,18.2,0.3,13.1,82,Bengaluru
2017-12-05,25.4,18.2,0.0,14.7,79,Bengaluru
2017-12-06,25.7,17.7,0.1,13.0,76,Bengaluru
2017-12-07,27.6,18.4,0.1,12.7,75,Bengaluru
2017-12-08,27.8,15.1,0.0,14.3,65,Bengaluru
2017-12-09,27.4,15.5,0.0,10.2,62,Bengaluru
2017-12-10,27.4,17.1,0.0,17.4,68,Bengaluru
2017-12-11,28.9,16.2,0.0,11.5,66,Bengaluru
2017-12-12,26.9,16.6,0.0,11.5,71,Bengaluru
2017-12-13,26.8,17.9,1.2,10.4,73,Bengaluru
2017-12-14,28.3,18.1,0.0,18.0,69,Bengaluru
2017-12-15,27.3,16.7,0.0,18.4,69,Bengaluru
2017-12-16,27.6,16.7,0.0,23.5,72,Bengaluru
2017-12-17,26.0,15.2,0.0,23.4,69,Bengaluru
2017-12-18,25.6,14.8,0.0,18.5,66,Bengaluru
2017-12-19,25.5,14.7,0.0,22.3,71,Bengaluru
2017-12-20,27.3,16.2,0.0,17.0,65,Bengaluru
2017-12-21,27.4,14.2,0.0,21.7,69,Bengaluru
2017-12-22,26.5,16.5,0.0,19.4,67,Bengaluru
2017-12-23,26.4,15.5,0.0,18.7,67,Bengaluru
2017-12-24,26.4,14.6,0.0,16.1,66,Bengaluru
2017-12-25,27.7,14.6,0.0,17.7,73,Bengaluru
2017-12-26,27.6,15.3,0.0,19.0,63,Bengaluru
2017-12-27,26.9,14.6,0.0,16.6,64,Bengaluru
2017-12-28,25.7,15.0,0.0,17.8,63,Bengaluru
2017-12-29,24.9,12.6,0.0,16.3,68,Bengaluru
2017-12-30,26.0,15.7,0.0,15.6,68,Bengaluru
2017-12-31,26.5,15.6,0.0,16.0,63,Bengaluru
2018-01-01,27.2,14.5,0.0,12.2,60,Bengaluru
2018-01-02,27.8,16.5,0.0,17.7,61,Bengaluru
2018-01-03,26.3,17.4,0.0,16.0,64,Bengaluru
2018-01-04,27.2,16.9,0.0,15.6,62,Bengaluru
2018-01-05,26.5,14.5,0.0,14.4,60,Bengaluru
2018-01-06,25.7,13.5,0.0,15.4,59,Bengaluru
2018-01-07,26.0,13.8,0.0,13.7,57,Bengaluru
2018-01-08,26.1,13.8,0.0,18.4,56,Bengaluru
2018-01-09,26.5,14.9,0.0,17.4,67,Bengaluru
2018-01-10,26.3,17.9,0.1,22.0,70,Bengaluru
2018-01-11,28.4,17.3,0.1,18.2,72,Bengaluru
2018-01-12,28.3,18.2,0.0,14.6,68,Bengaluru
2018-01-13,29.5,17.1,0.0,15.5,57,Bengaluru
2018-01-14,29.2,15.3,0.0,17.7,58,Bengaluru
2018-01-15,29.2,15.6,0.0,16.0,59,Bengaluru
2018-01-16,28.6,16.1,0.0,15.5,62,Bengaluru
2018-01-17,27.7,15.9,0.0,15.0,60,Bengaluru
2018-01-18,27.4,14.7,0.0,19.9,52,Bengaluru
2018-01-19,27.1,13.3,0.0,15.2,55,Bengaluru
2018-01-20,26.8,13.3,0.0,15.9,58,Bengaluru
2018-01-21,27.0,12.9,0.0,16.1,58,Bengaluru
2018-01-22,27.0,13.3,0.0,17.1,63,Bengaluru
2018-01-23,27.8,15.6,0.0,16.9,65,Bengaluru
2018-01-24,28.4,15.9,0.0,11.8,62,Bengaluru
2018-01-25,27.7,15.9,0.0,13.6,60,Bengaluru
2018-01-26,27.4,15.8,0.0,15.2,51,Bengaluru
2018-01-27,27.4,15.4,0.0,15.9,55,Bengaluru
2018-01-28,27.4,14.6,0.0,18.7,57,Bengaluru
2018-01-29,27.9,15.3,0.0,19.1,57,Bengaluru
2018-01-30,27.8,15.0,0.0,19.5,59,Bengaluru
2018-01-31,27.9,13.9,0.0,14.1,55,Bengaluru
2018-02-01,28.5,14.0,0.0,18.8,41,Bengaluru
2018-02-02,28.5,14.7,0.0,16.7,40,Bengaluru
2018-02-03,27.2,14.5,0.0,17.0,41,Bengaluru
2018-02-04,27.5,12.9,0.0,14.8,49,Bengaluru
2018-02-05,28.2,12.1,0.0,14.9,51,Bengaluru
2018-02-06,29.5,15.7,0.0,15.5,64,Bengaluru
2018-02-07,28.7,19.1,1.2,14.0,76,Bengaluru
2018-02-08,28.2,18.8,1.1,11.3,70,Bengaluru
2018-02-09,29.0,18.6,5.2,10.5,69,Bengaluru
2018-02-10,27.3,18.3,3.0,17.6,68,Bengaluru
2018-02-11,28.5,17.6,0.0,18.3,64,Bengaluru
2018-02-12,28.0,17.4,0.0,18.0,65,Bengaluru
2018-02-13,28.7,16.8,0.0,18.8,62,Bengaluru
2018-02-14,28.4,17.2,0.0,18.1,67,Bengaluru
2018-02-15,28.5,17.0,0.0,17.1,66,Bengaluru
2018-02-16,29.4,16.3,0.0,16.1,49,Bengaluru
2018-02-17,29.6,15.3,0.0,13.8,52,Bengaluru
2018-02-18,30.1,16.4,0.0,15.4,51,Bengaluru
2018-02-19,30.1,15.3,0.0,17.7,48,Bengaluru
2018-02-20,30.3,15.8,0.0,20.9,52,Bengaluru
2018-02-21,30.0,17.0,0.0,18.4,40,Bengaluru
2018-02-22,30.4,17.0,0.0,21.6,40,Bengaluru
2018-02-23,29.6,17.1,0.0,20.2,36,Bengaluru
2018-02-24,29.4,14.1,0.0,16.5,55,Bengaluru
2018-02-25,30.2,16.7,0.0,16.8,53,Bengaluru
2018-02-26,30.6,16.1,0.0,18.2,48,Bengaluru
2018-02-27,31.0,17.2,0.0,18.9,39,Bengaluru
2018-02-28,31.4,15.3,0.0,18.5,39,Bengaluru
2018-03-01,31.2,16.4,0.0,17.7,42,Bengaluru
2018-03-02,31.6,17.4,0.0,18.0,32,Bengaluru
2018-03-03,32.2,17.9,0.0,15.6,26,Bengaluru
2018-03-04,32.6,16.1,0.0,18.3,32,Bengaluru
2018-03-05,32.7,17.1,0.0,17.4,27,Bengaluru
2018-03-06,32.6,16.2,0.0,19.4,32,Bengaluru
2018-03-07,31.8,14.6,0.0,19.8,46,Bengaluru
2018-03-08,31.9,16.5,0.0,19.1,39,Bengaluru
2018-03-09,32.2,17.0,0.0,18.5,37,Bengaluru
2018-03-10,31.9,17.2,0.0,22.2,44,Bengaluru
2018-03-11,32.6,18.4,0.0,22.0,39,Bengaluru
2018-03-12,31.8,17.7,0.0,24.0,53,Bengaluru
2018-03-13,31.3,18.7,0.0,24.8,67,Bengaluru
2018-03-14,30.7,21.1,0.0,20.5,59,Bengaluru
2018-03-15,31.7,20.8,4.3,18.8,68,Bengaluru
2018-03-16,30.3,20.8,15.3,9.8,78,Bengaluru
2018-03-17,28.0,19.5,14.8,16.9,82,Bengaluru
2018-03-18,26.9,19.3,6.5,14.3,77,Bengaluru
2018-03-19,30.5,18.9,0.0,16.6,60,Bengaluru
2018-03-20,31.7,17.6,0.0,13.4,53,Bengaluru
2018-03-21,31.0,19.0,0.0,11.0,55,Bengaluru
2018-03-22,31.0,19.7,0.0,15.9,51,Bengaluru
2018-03-23,31.8,20.3,0.0,14.1,46,Bengaluru
2018-03-24,32.1,22.1,0.2,15.1,53,Bengaluru
2018-03-25,33.5,20.9,0.0,19.9,46,Bengaluru
2018-03-26,34.1,19.2,0.0,17.7,48,Bengaluru
2018-03-27,33.9,19.6,0.0,12.7,48,Bengaluru
2018-03-28,32.9,21.1,0.0,13.2,50,Bengaluru
2018-03-29,33.0,21.1,0.1,11.9,52,Bengaluru
2018-03-30,31.1,21.8,6.0,13.8,60,Bengaluru
2018-03-31,30.3,20.9,8.6,11.7,68,Bengaluru
2018-04-01,31.1,20.8,0.3,13.0,58,Bengaluru
2018-04-02,31.6,20.9,2.5,16.1,62,Bengaluru
2018-04-03,31.2,20.8,0.3,13.0,61,Bengaluru
2018-04-04,31.5,20.0,0.0,13.2,55,Bengaluru
2018-04-05,32.0,19.6,0.0,13.9,49,Bengaluru
2018-04-06,32.6,19.9,0.0,16.4,52,Bengaluru
2018-04-07,32.6,20.2,0.0,18.0,49,Bengaluru
2018-04-08,32.7,19.3,0.0,19.4,54,Bengaluru
2018-04-09,31.7,20.0,0.0,19.4,57,Bengaluru
2018-04-10,32.4,19.3,0.0,18.4,58,Bengaluru
2018-04-11,32.4,20.9,0.0,16.8,57,Bengaluru
2018-04-12,32.6,21.1,0.2,17.4,60,Bengaluru
2018-04-13,32.0,20.9,0.0,17.8,59,Bengaluru
2018-04-14,33.8,21.8,0.1,15.8,57,Bengaluru
2018-04-15,33.2,22.2,0.0,19.1,57,Bengaluru
2018-04-16,32.9,22.5,6.4,15.4,58,Bengaluru
2018-04-17,33.8,21.9,0.0,15.7,56,Bengaluru
2018-04-18,34.0,21.9,0.7,15.1,49,Bengaluru
2018-04-19,34.6,22.7,0.4,16.5,55,Bengaluru
2018-04-20,33.5,23.0,3.5,14.3,63,Bengaluru
2018-04-21,33.8,23.4,0.6,16.6,52,Bengaluru
2018-04-22,31.9,22.5,2.5,13.2,62,Bengaluru
2018-04-23,33.7,21.3,0.0,12.3,56,Bengaluru
2018-04-24,33.3,22.8,4.9,12.2,58,Bengaluru
2018-04-25,33.1,21.2,2.1,19.2,65,Bengaluru
2018-04-26,32.7,22.7,2.8,15.9,56,Bengaluru
2018-04-27,34.0,21.7,0.0,19.1,50,Bengaluru
2018-04-28,33.5,20.9,0.0,17.6,56,Bengaluru
2018-04-29,33.1,20.7,0.0,9.9,52,Bengaluru
2018-04-30,33.9,22.4,2.1,12.7,60,Bengaluru
2018-05-01,33.4,23.0,0.0,14.2,60,Bengaluru
2018-05-02,33.8,23.4,0.2,15.0,68,Bengaluru
2018-05-03,32.7,21.7,4.7,16.2,70,Bengaluru
2018-05-04,30.5,20.7,0.0,14.2,68,Bengaluru
2018-05-05,31.4,21.5,0.5,12.6,66,Bengaluru
2018-05-06,32.8,21.3,0.0,12.4,61,Bengaluru
2018-05-07,32.2,21.8,0.3,13.5,66,Bengaluru
2018-05-08,31.5,21.6,1.8,15.3,75,Bengaluru
2018-05-09,30.3,20.8,7.0,12.1,76,Bengaluru
2018-05-10,31.6,21.8,6.0,17.1,73,Bengaluru
2018-05-11,31.1,21.2,11.7,12.8,81,Bengaluru
2018-05-12,30.0,20.6,1.3,11.0,73,Bengaluru
2018-05-13,31.6,20.6,1.2,11.1,72,Bengaluru
2018-05-14,30.0,20.9,14.0,11.6,78,Bengaluru
2018-05-15,29.7,21.3,1.7,9.1,75,Bengaluru
2018-05-16,31.0,21.4,0.1,9.9,74,Bengaluru
2018-05-17,31.5,21.0,0.0,12.0,63,Bengaluru
2018-05-18,29.9,21.2,9.0,11.0,77,Bengaluru
2018-05-19,31.4,20.5,1.2,11.0,77,Bengaluru
2018-05-20,31.5,20.5,3.4,11.5,76,Bengaluru
2018-05-21,30.9,20.1,12.5,10.5,79,Bengaluru
2018-05-22,29.9,20.7,5.9,13.1,80,Bengaluru
2018-05-23,30.2,20.2,13.2,14.4,82,Bengaluru
2018-05-24,29.6,20.5,1.2,12.9,78,Bengaluru
2018-05-25,29.7,20.3,23.7,16.2,81,Bengaluru
2018-05-26,27.9,20.3,13.0,10.3,87,Bengaluru
2018-05-27,30.0,20.7,4.1,12.3,81,Bengaluru
2018-05-28,29.5,21.3,14.6,12.5,85,Bengaluru
2018-05-29,29.2,20.9,2.4,17.1,77,Bengaluru
2018-05-30,29.2,21.6,8.5,17.4,82,Bengaluru
2018-05-31,30.0,20.8,2.9,12.3,82,Bengaluru
2018-06-01,29.4,21.2,12.1,11.2,85,Bengaluru
2018-06-02,27.4,20.8,14.1,10.7,87,Bengaluru
2018-06-03,26.9,21.0,18.7,12.4,90,Bengaluru
2018-06-04,28.3,21.0,0.4,17.2,84,Bengaluru
2018-06-05,27.1,20.6,5.3,16.6,84,Bengaluru
2018-06-06,28.3,20.6,4.9,20.1,83,Bengaluru
2018-06-07,27.5,20.4,4.7,24.7,83,Bengaluru
2018-06-08,25.7,20.8,1.7,33.7,84,Bengaluru
2018-06-09,26.5,20.7,11.9,31.3,83,Bengaluru
2018-06-10,26.1,20.9,7.8,30.5,85,Bengaluru
2018-06-11,27.0,21.4,1.7,27.7,80,Bengaluru
2018-06-12,27.6,21.4,2.0,29.4,80,Bengaluru
2018-06-13,27.4,21.3,1.9,25.7,80,Bengaluru
2018-06-14,27.3,20.7,5.0,18.2,85,Bengaluru
2018-06-15,27.8,20.0,1.8,18.2,82,Bengaluru
2018-06-16,27.7,19.9,2.6,20.5,80,Bengaluru
2018-06-17,28.0,20.0,0.1,24.5,78,Bengaluru
2018-06-18,27.5,19.2,2.7,22.3,80,Bengaluru
2018-06-19,28.1,19.4,0.9,27.1,79,Bengaluru
2018-06-20,27.5,20.3,1.2,27.2,81,Bengaluru
2018-06-21,25.5,20.2,7.9,27.4,86,Bengaluru
2018-06-22,27.4,19.4,0.9,21.3,79,Bengaluru
2018-06-23,26.5,20.0,1.9,18.9,81,Bengaluru
2018-06-24,27.2,19.6,2.8,22.7,84,Bengaluru
2018-06-25,26.6,19.9,5.5,22.3,84,Bengaluru
2018-06-26,25.8,19.9,0.7,27.8,81,Bengaluru
2018-06-27,26.7,19.6,5.3,28.7,84,Bengaluru
2018-06-28,24.3,19.8,7.6,23.7,90,Bengaluru
2018-06-29,25.5,19.5,3.3,18.4,87,Bengaluru
2018-06-30,27.0,19.6,6.8,14.5,84,Bengaluru
2018-07-01,27.0,19.2,0.6,12.8,81,Bengaluru
2018-07-02,27.4,19.5,5.1,16.9,84,Bengaluru
2018-07-03,26.9,19.8,0.5,20.9,80,Bengaluru
2018-07-04,27.1,19.1,0.3,23.1,76,Bengaluru
2018-07-05,28.1,18.8,0.5,26.0,74,Bengaluru
2018-07-06,26.7,19.4,4.4,26.0,82,Bengaluru
2018-07-07,22.2,19.7,33.7,20.2,94,Bengaluru
2018-07-08,24.0,19.8,4.2,21.2,88,Bengaluru
2018-07-09,26.0,19.7,6.5,28.8,85,Bengaluru
2018-07-10,25.8,19.9,5.4,25.0,87,Bengaluru
2018-07-11,25.2,19.6,5.0,29.6,85,Bengaluru
2018-07-12,26.8,19.2,4.1,30.7,81,Bengaluru
2018-07-13,24.2,20.3,5.4,29.2,86,Bengaluru
2018-07-14,25.7,20.1,3.1,31.5,80,Bengaluru
2018-07-15,26.2,20.6,0.7,33.7,76,Bengaluru
2018-07-16,26.4,20.9,2.1,34.6,77,Bengaluru
2018-07-17,26.9,20.5,1.4,33.8,75,Bengaluru
2018-07-18,26.9,20.5,4.5,29.6,77,Bengaluru
2018-07-19,27.1,20.5,2.4,29.9,80,Bengaluru
2018-07-20,25.8,20.2,1.3,32.4,80,Bengaluru
2018-07-21,26.5,20.3,1.6,30.7,77,Bengaluru
2018-07-22,27.1,20.1,0.7,31.7,75,Bengaluru
2018-07-23,26.4,19.9,4.2,27.2,82,Bengaluru
2018-07-24,26.6,19.8,11.0,21.0,87,Bengaluru
2018-07-25,27.4,19.3,1.3,22.8,81,Bengaluru
2018-07-26,27.7,20.2,0.9,22.4,80,Bengaluru
2018-07-27,27.2,19.5,6.0,24.3,83,Bengaluru
2018-07-28,26.3,19.8,6.0,24.9,83,Bengaluru
2018-07-29,27.7,19.9,1.6,22.7,79,Bengaluru
2018-07-30,28.0,19.3,1.4,20.3,78,Bengaluru
2018-07-31,25.8,19.7,1.8,24.7,83,Bengaluru
2018-08-01,26.5,19.4,2.1,24.2,80,Bengaluru
2018-08-02,27.8,19.1,0.7,25.6,77,Bengaluru
2018-08-03,26.9,19.4,0.5,21.3,78,Bengaluru
2018-08-04,26.4,18.7,1.5,21.7,78,Bengaluru
2018-08-05,27.8,19.3,1.0,25.5,74,Bengaluru
2018-08-06,26.6,19.0,1.3,28.9,76,Bengaluru
2018-08-07,26.4,19.6,5.4,26.4,82,Bengaluru
2018-08-08,26.0,19.9,3.1,28.1,82,Bengaluru
2018-08-09,27.3,19.2,1.2,24.6,83,Bengaluru
2018-08-10,26.5,19.3,4.9,23.5,84,Bengaluru
2018-08-11,23.4,19.4,5.7,25.3,85,Bengaluru
2018-08-12,23.2,19.6,12.0,27.0,88,Bengaluru
2018-08-13,25.1,19.0,10.4,33.5,83,Bengaluru
2018-08-14,25.8,19.2,30.4,27.8,89,Bengaluru
2018-08-15,24.2,20.0,8.5,25.5,90,Bengaluru
2018-08-16,24.5,19.5,3.2,32.0,83,Bengaluru
2018-08-17,26.7,20.6,1.2,32.7,75,Bengaluru
2018-08-18,26.8,19.6,1.4,31.6,76,Bengaluru
2018-08-19,25.6,20.1,3.1,29.2,79,Bengaluru
2018-08-20,26.6,19.8,1.4,29.7,78,Bengaluru
2018-08-21,26.8,19.4,0.1,28.2,76,Bengaluru
2018-08-22,27.1,19.0,0.5,24.9,77,Bengaluru
2018-08-23,27.8,19.1,2.1,22.7,77,Bengaluru
2018-08-24,26.5,19.2,2.1,21.7,80,Bengaluru
2018-08-25,26.3,18.6,0.2,20.9,77,Bengaluru
2018-08-26,26.2,18.8,6.6,20.6,82,Bengaluru
2018-08-27,26.2,18.2,9.8,23.2,85,Bengaluru
2018-08-28,27.2,18.6,2.5,20.5,83,Bengaluru
2018-08-29,27.2,18.6,3.4,20.3,84,Bengaluru
2018-08-30,26.2,18.7,0.5,21.3,83,Bengaluru
2018-08-31,27.0,19.2,13.2,19.2,84,Bengaluru
2018-09-01,26.6,18.8,0.2,17.9,78,Bengaluru
2018-09-02,27.2,18.9,0.9,15.9,77,Bengaluru
2018-09-03,27.2,18.1,0.0,16.9,72,Bengaluru
2018-09-04,27.7,17.4,0.0,17.4,73,Bengaluru
2018-09-05,26.8,18.5,0.1,16.9,75,Bengaluru
2018-09-06,28.0,18.3,0.4,21.7,75,Bengaluru
2018-09-07,27.5,18.2,1.0,20.8,75,Bengaluru
2018-09-08,27.4,17.8,0.9,17.5,74,Bengaluru
2018-09-09,27.7,18.3,1.3,10.4,72,Bengaluru
2018-09-10,27.8,18.9,3.8,6.6,72,Bengaluru
2018-09-11,27.7,19.3,14.0,10.0,84,Bengaluru
2018-09-12,28.4,19.1,7.1,14.6,81,Bengaluru
2018-09-13,27.6,20.3,1.7,12.6,79,Bengaluru
2018-09-14,29.1,19.6,4.1,13.3,81,Bengaluru
2018-09-15,28.9,19.8,5.9,10.1,81,Bengaluru
2018-09-16,27.4,20.3,5.2,12.2,82,Bengaluru
2018-09-17,26.1,19.9,1.1,18.2,81,Bengaluru
2018-09-18,27.4,19.0,0.2,19.2,74,Bengaluru
2018-09-19,26.6,19.0,0.2,20.1,74,Bengaluru
2018-09-20,26.2,17.9,7.3,18.2,81,Bengaluru
2018-09-21,26.0,18.7,6.4,18.0,81,Bengaluru
2018-09-22,28.7,16.7,0.0,18.3,69,Bengaluru
2018-09-23,28.0,19.0,13.7,12.2,76,Bengaluru
2018-09-24,26.7,19.6,26.7,11.3,84,Bengaluru
2018-09-25,27.6,19.0,18.9,14.3,86,Bengaluru
2018-09-26,28.2,18.6,11.0,14.6,84,Bengaluru
2018-09-27,28.7,19.1,2.1,11.0,78,Bengaluru
2018-09-28,28.3,20.1,8.5,13.0,81,Bengaluru
2018-09-29,28.2,19.6,4.9,10.7,80,Bengaluru
2018-09-30,28.7,20.1,1.3,10.6,79,Bengaluru
2018-10-01,28.2,20.8,0.5,14.3,78,Bengaluru
2018-10-02,28.1,20.1,0.8,15.3,80,Bengaluru
2018-10-03,28.5,20.7,1.5,16.0,80,Bengaluru
2018-10-04,27.1,20.4,3.7,21.0,85,Bengaluru
2018-10-05,26.7,20.5,4.6,22.8,88,Bengaluru
2018-10-06,26.1,20.0,5.5,23.0,88,Bengaluru
2018-10-07,27.6,19.5,1.3,15.1,79,Bengaluru
2018-10-08,27.5,19.9,19.1,12.8,84,Bengaluru
2018-10-09,27.7,19.0,0.5,9.9,79,Bengaluru
2018-10-10,27.6,18.6,0.0,18.4,75,Bengaluru
2018-10-11,29.2,17.9,0.0,16.3,66,Bengaluru
2018-10-12,29.0,19.3,0.0,12.6,65,Bengaluru
2018-10-13,29.2,18.3,0.0,11.4,65,Bengaluru
2018-10-14,28.6,19.5,8.4,10.8,80,Bengaluru
2018-10-15,26.9,19.8,11.7,16.6,88,Bengaluru
2018-10-16,27.3,19.3,11.3,12.5,86,Bengaluru
2018-10-17,26.9,19.5,10.7,11.4,86,Bengaluru
2018-10-18,26.1,17.9,1.9,9.7,86,Bengaluru
2018-10-19,26.7,19.0,1.4,17.4,81,Bengaluru
2018-10-20,27.3,19.3,0.0,12.1,67,Bengaluru
2018-10-21,27.2,18.1,3.6,15.9,75,Bengaluru
2018-10-22,27.7,17.4,0.0,17.5,65,Bengaluru
2018-10-23,28.3,16.1,0.0,16.9,63,Bengaluru
2018-10-24,28.6,16.9,0.0,18.1,60,Bengaluru
2018-10-25,28.8,16.6,0.0,20.1,64,Bengaluru
2018-10-26,29.0,17.5,0.0,19.8,65,Bengaluru
2018-10-27,28.8,17.3,0.0,20.8,53,Bengaluru
2018-10-28,29.0,16.9,0.0,19.1,49,Bengaluru
2018-10-29,28.7,16.2,0.0,18.7,48,Bengaluru
2018-10-30,29.4,16.0,0.0,14.8,50,Bengaluru
2018-10-31,30.8,17.8,0.0,13.8,62,Bengaluru
2018-11-01,28.8,18.6,0.2,19.5,71,Bengaluru
2018-11-02,28.0,19.7,3.7,18.2,84,Bengaluru
2018-11-03,27.9,19.8,1.2,20.3,84,Bengaluru
2018-11-04,27.9,18.9,0.7,20.9,80,Bengaluru
2018-11-05,28.8,19.9,0.0,17.7,71,Bengaluru
2018-11-06,28.2,19.0,0.0,16.8,71,Bengaluru
2018-11-07,29.2,18.2,0.0,19.6,60,Bengaluru
2018-11-08,29.9,15.5,0.0,15.3,58,Bengaluru
2018-11-09,29.2,17.9,0.0,15.6,67,Bengaluru
2018-11-10,29.7,17.0,0.0,14.5,61,Bengaluru
2018-11-11,29.6,17.4,0.0,12.2,56,Bengaluru
2018-11-12,29.7,16.6,0.0,13.2,53,Bengaluru
2018-11-13,29.5,15.4,0.0,12.4,49,Bengaluru
2018-11-14,29.4,14.6,0.0,10.2,41,Bengaluru
2018-11-15,29.1,16.4,0.2,22.1,65,Bengaluru
2018-11-16,27.4,19.6,0.9,32.4,81,Bengaluru
2018-11-17,29.9,18.6,0.0,17.6,73,Bengaluru
2018-11-18,29.2,20.4,1.9,15.0,77,Bengaluru
2018-11-19,27.6,20.0,1.0,17.4,74,Bengaluru
2018-11-20,29.4,19.0,0.0,20.0,66,Bengaluru
2018-11-21,27.0,18.3,0.9,23.2,73,Bengaluru
2018-11-22,24.0,19.3,7.3,25.1,88,Bengaluru
2018-11-23,25.4,19.7,8.3,20.9,89,Bengaluru
2018-11-24,27.0,18.7,0.0,17.5,79,Bengaluru
2018-11-25,26.9,18.4,0.0,13.8,74,Bengaluru
2018-11-26,27.0,16.3,0.0,13.9,72,Bengaluru
2018-11-27,25.5,15.0,0.0,16.3,70,Bengaluru
2018-11-28,26.3,14.2,0.0,16.7,74,Bengaluru
2018-11-29,24.5,17.6,0.8,18.6,80,Bengaluru
2018-11-30,27.4,17.6,0.0,13.3,69,Bengaluru
2018-12-01,26.8,17.1,0.0,15.8,68,Bengaluru
2018-12-02,26.8,15.2,0.0,17.9,68,Bengaluru
2018-12-03,27.3,17.0,0.0,19.2,71,Bengaluru
2018-12-04,27.6,17.8,0.2,22.0,77,Bengaluru
2018-12-05,28.6,19.3,0.8,18.1,77,Bengaluru
2018-12-06,28.1,19.5,1.0,14.5,77,Bengaluru
2018-12-07,28.1,18.1,0.0,15.5,72,Bengaluru
2018-12-08,28.8,18.1,0.0,17.3,73,Bengaluru
2018-12-09,28.8,17.4,0.0,17.1,66,Bengaluru
2018-12-10,29.3,18.1,0.0,13.1,63,Bengaluru
2018-12-11,28.2,16.3,0.1,13.9,68,Bengaluru
2018-12-12,29.1,19.2,0.0,13.7,66,Bengaluru
2018-12-13,27.8,18.3,0.2,15.9,69,Bengaluru
2018-12-14,28.6,17.4,0.0,18.1,60,Bengaluru
2018-12-15,27.3,16.7,0.0,21.7,65,Bengaluru
2018-12-16,24.8,16.0,0.0,21.2,61,Bengaluru
2018-12-17,28.3,14.9,0.0,17.7,55,Bengaluru
2018-12-18,27.7,14.9,0.0,14.6,50,Bengaluru
2018-12-19,27.5,14.6,0.0,14.8,63,Bengaluru
2018-12-20,28.0,16.1,0.0,16.6,63,Bengaluru
2018-12-21,26.4,16.6,0.3,14.4,68,Bengaluru
2018-12-22,28.4,18.1,0.0,15.6,69,Bengaluru
2018-12-23,28.2,18.7,0.2,20.2,75,Bengaluru
2018-12-24,29.0,17.9,0.0,18.1,69,Bengaluru
2018-12-25,28.6,17.2,0.0,14.3,66,Bengaluru
2018-12-26,29.4,17.0,0.0,13.8,62,Bengaluru
2018-12-27,28.7,18.2,0.4,14.6,64,Bengaluru
2018-12-28,25.8,18.4,1.5,11.6,73,Bengaluru
2018-12-29,24.8,17.8,1.8,17.7,79,Bengaluru
2018-12-30,27.3,16.1,0.0,17.5,62,Bengaluru
2018-12-31,26.5,15.9,0.0,17.4,61,Bengaluru
2019-01-01,27.0,12.8,0.0,14.4,54,Bengaluru
2019-01-02,26.9,11.8,0.0,18.9,58,Bengaluru
2019-01-03,27.8,12.2,0.0,18.3,55,Bengaluru
2019-01-04,27.5,12.7,0.0,20.4,56,Bengaluru
2019-01-05,27.1,12.4,0.0,14.5,61,Bengaluru
2019-01-06,27.7,13.3,0.0,13.6,63,Bengaluru
2019-01-07,27.5,13.6,0.0,13.7,63,Bengaluru
2019-01-08,28.3,14.6,0.0,18.1,53,Bengaluru
2019-01-09,29.0,13.5,0.0,15.2,47,Bengaluru
2019-01-10,29.1,13.5,0.0,15.1,50,Bengaluru
2019-01-11,28.7,14.6,0.0,17.6,58,Bengaluru
2019-01-12,28.3,15.1,0.0,16.3,60,Bengaluru
2019-01-13,28.8,14.2,0.0,17.1,56,Bengaluru
2019-01-14,28.5,14.4,0.0,16.2,55,Bengaluru
2019-01-15,28.3,13.3,0.0,18.5,43,Bengaluru
2019-01-16,28.3,13.9,0.0,16.1,49,Bengaluru
2019-01-17,28.3,14.2,0.0,17.6,59,Bengaluru
2019-01-18,28.5,15.9,0.0,16.5,59,Bengaluru
2019-01-19,28.9,13.8,0.0,15.9,54,Bengaluru
2019-01-20,28.2,14.3,0.0,16.2,47,Bengaluru
2019-01-21,29.1,13.3,0.0,15.9,53,Bengaluru
2019-01-22,28.2,13.8,0.0,15.3,56,Bengaluru
2019-01-23,28.8,15.6,0.0,14.1,60,Bengaluru
2019-01-24,29.4,16.8,0.0,19.2,59,Bengaluru
2019-01-25,28.8,16.1,0.0,19.3,61,Bengaluru
2019-01-26,27.4,18.7,0.7,14.1,70,Bengaluru
2019-01-27,26.9,18.1,3.5,11.7,73,Bengaluru
2019-01-28,25.6,17.6,27.2,15.0,81,Bengaluru
2019-01-29,25.7,17.0,1.0,18.9,71,Bengaluru
2019-01-30,26.7,16.7,0.0,19.1,63,Bengaluru
2019-01-31,26.1,15.2,0.0,19.2,63,Bengaluru
2019-02-01,26.2,15.3,0.0,20.6,63,Bengaluru
2019-02-02,27.9,15.4,0.0,18.1,61,Bengaluru
2019-02-03,28.3,16.2,0.0,21.3,62,Bengaluru
2019-02-04,29.2,16.1,0.0,20.8,60,Bengaluru
2019-02-05,29.2,17.6,0.0,20.5,63,Bengaluru
2019-02-06,29.7,17.0,0.0,17.5,52,Bengaluru
2019-02-07,30.5,17.6,0.0,16.6,53,Bengaluru
2019-02-08,30.7,18.2,0.1,14.5,60,Bengaluru
2019-02-09,29.2,19.7,5.8,10.8,73,Bengaluru
2019-02-10,28.6,19.2,0.7,15.9,74,Bengaluru
2019-02-11,29.2,19.4,0.0,21.3,69,Bengaluru
2019-02-12,28.4,16.8,0.0,22.9,65,Bengaluru
2019-02-13,29.1,15.8,0.0,18.9,59,Bengaluru
2019-02-14,30.0,16.1,0.0,19.7,54,Bengaluru
2019-02-15,29.3,18.1,0.2,16.6,63,Bengaluru
2019-02-16,31.5,19.2,0.1,13.6,61,Bengaluru
2019-02-17,31.9,20.0,0.0,15.8,49,Bengaluru
2019-02-18,32.0,18.4,0.0,13.0,48,Bengaluru
2019-02-19,31.3,20.3,0.0,18.1,64,Bengaluru
2019-02-20,31.7,20.0,0.0,21.1,59,Bengaluru
2019-02-21,30.9,17.1,0.0,23.0,53,Bengaluru
2019-02-22,31.7,16.3,0.0,27.2,41,Bengaluru
2019-02-23,33.0,16.1,0.0,24.2,30,Bengaluru
2019-02-24,33.2,16.2,0.0,18.7,33,Bengaluru
2019-02-25,33.4,16.6,0.0,19.0,31,Bengaluru
2019-02-26,33.3,18.9,0.0,12.5,42,Bengaluru
2019-02-27,32.4,19.6,0.0,16.7,48,Bengaluru
2019-02-28,32.3,20.0,0.0,14.4,41,Bengaluru
2019-03-01,32.5,20.1,0.0,22.1,58,Bengaluru
2019-03-02,31.8,20.7,0.0,21.4,61,Bengaluru
2019-03-03,32.5,19.4,0.0,14.4,53,Bengaluru
2019-03-04,32.7,19.4,0.0,13.8,58,Bengaluru
2019-03-05,31.2,21.5,0.7,15.9,55,Bengaluru
2019-03-06,34.2,21.2,0.0,13.4,42,Bengaluru
2019-03-07,35.0,19.8,0.0,12.1,32,Bengaluru
2019-03-08,34.4,19.0,0.0,14.6,39,Bengaluru
2019-03-09,30.6,20.9,0.5,16.3,61,Bengaluru
2019-03-10,33.2,21.2,0.0,14.7,54,Bengaluru
2019-03-11,33.3,21.2,0.0,19.6,49,Bengaluru
2019-03-12,33.0,19.7,0.0,18.3,39,Bengaluru
2019-03-13,33.0,18.2,0.0,18.0,33,Bengaluru
2019-03-14,32.9,19.0,0.0,22.4,34,Bengaluru
2019-03-15,33.0,20.6,0.0,19.2,26,Bengaluru
2019-03-16,32.5,18.4,0.0,18.4,34,Bengaluru
2019-03-17,32.8,17.1,0.0,14.0,37,Bengaluru
2019-03-18,33.4,17.7,0.0,20.5,49,Bengaluru
2019-03-19,33.9,19.0,0.0,18.8,51,Bengaluru
2019-03-20,33.3,20.4,0.0,17.9,50,Bengaluru
2019-03-21,34.0,20.4,0.0,14.6,46,Bengaluru
2019-03-22,33.4,20.3,0.0,18.4,48,Bengaluru
2019-03-23,33.9,21.2,0.0,16.9,50,Bengaluru
2019-03-24,34.1,22.4,0.0,20.9,46,Bengaluru
2019-03-25,34.6,20.9,0.0,19.2,46,Bengaluru
2019-03-26,34.1,20.3,0.0,17.1,35,Bengaluru
2019-03-27,35.0,20.4,0.0,16.3,34,Bengaluru
2019-03-28,35.6,20.7,0.0,16.1,34,Bengaluru
2019-03-29,35.0,21.5,0.0,18.4,38,Bengaluru
2019-03-30,34.6,21.6,0.0,16.9,34,Bengaluru
2019-03-31,34.4,21.3,0.0,9.5,46,Bengaluru
2019-04-01,35.2,21.2,0.0,10.5,40,Bengaluru
2019-04-02,34.2,21.9,0.0,14.5,41,Bengaluru
2019-04-03,33.4,22.2,0.0,20.0,42,Bengaluru
2019-04-04,34.3,20.6,0.0,18.5,44,Bengaluru
2019-04-05,34.7,20.9,0.0,15.3,39,Bengaluru
2019-04-06,35.2,21.4,0.0,16.3,39,Bengaluru
2019-04-07,35.2,22.2,0.0,15.8,35,Bengaluru
2019-04-08,34.6,22.2,0.0,15.8,46,Bengaluru
2019-04-09,33.5,22.5,0.0,13.5,45,Bengaluru
2019-04-10,33.9,21.8,0.0,14.0,44,Bengaluru
2019-04-11,34.5,22.0,0.0,13.0,45,Bengaluru
2019-04-12,35.0,21.6,0.0,16.8,36,Bengaluru
2019-04-13,34.8,22.3,0.0,18.6,40,Bengaluru
2019-04-14,34.9,21.7,0.0,18.9,40,Bengaluru
2019-04-15,34.6,20.5,0.0,15.9,39,Bengaluru
2019-04-16,34.2,21.8,0.0,21.8,45,Bengaluru
2019-04-17,34.2,23.0,0.3,16.9,57,Bengaluru
2019-04-18,34.3,21.6,14.8,16.2,61,Bengaluru
2019-04-19,32.7,21.3,1.1,14.6,63,Bengaluru
2019-04-20,31.1,20.9,6.3,21.5,70,Bengaluru
2019-04-21,32.2,20.4,2.2,11.9,62,Bengaluru
2019-04-22,32.0,21.9,0.6,19.5,62,Bengaluru
2019-04-23,32.5,20.5,0.0,15.4,61,Bengaluru
2019-04-24,33.1,21.2,0.0,17.1,51,Bengaluru
2019-04-25,34.8,21.0,0.0,15.2,43,Bengaluru
2019-04-26,35.5,21.4,0.0,17.2,42,Bengaluru
2019-04-27,35.8,22.0,0.0,20.0,40,Bengaluru
2019-04-28,35.0,21.9,0.0,20.0,46,Bengaluru
2019-04-29,34.1,22.7,0.0,15.7,45,Bengaluru
2019-04-30,33.7,22.4,0.1,14.4,56,Bengaluru
2019-05-01,33.2,22.5,0.6,18.1,68,Bengaluru
2019-05-02,35.1,21.2,0.0,16.6,52,Bengaluru
2019-05-03,34.3,20.5,0.0,15.8,55,Bengaluru
2019-05-04,32.7,20.5,0.0,12.4,55,Bengaluru
2019-05-05,33.2,21.6,0.0,10.3,50,Bengaluru
2019-05-06,33.6,22.1,0.0,12.6,49,Bengaluru
2019-05-07,32.1,23.0,0.4,17.1,69,Bengaluru
2019-05-08,31.1,21.7,0.7,16.8,71,Bengaluru
2019-05-09,32.5,21.2,0.0,16.7,63,Bengaluru
2019-05-10,33.6,21.6,0.0,12.1,51,Bengaluru
2019-05-11,33.7,22.9,0.5,16.8,56,Bengaluru
2019-05-12,33.1,22.8,0.2,12.2,61,Bengaluru
2019-05-13,31.9,22.4,1.7,12.6,66,Bengaluru
2019-05-14,33.3,22.2,0.5,16.4,61,Bengaluru
2019-05-15,32.8,21.9,3.4,14.3,65,Bengaluru
2019-05-16,33.2,21.8,0.3,15.0,63,Bengaluru
2019-05-17,32.6,23.1,0.5,12.6,66,Bengaluru
2019-05-18,32.9,22.4,0.2,11.2,63,Bengaluru
2019-05-19,32.8,22.4,0.0,9.3,57,Bengaluru
2019-05-20,33.5,22.9,0.1,9.0,54,Bengaluru
2019-05-21,32.9,22.9,0.0,12.9,52,Bengaluru
2019-05-22,33.3,22.4,0.2,13.3,62,Bengaluru
2019-05-23,33.0,21.9,0.5,16.6,63,Bengaluru
2019-05-24,33.4,21.8,0.2,12.7,66,Bengaluru
2019-05-25,32.4,21.5,3.3,15.7,72,Bengaluru
2019-05-26,32.8,21.9,2.3,14.4,71,Bengaluru
2019-05-27,32.7,20.9,1.4,11.0,70,Bengaluru
2019-05-28,31.6,22.7,3.1,13.9,70,Bengaluru
2019-05-29,33.3,22.0,1.5,11.6,68,Bengaluru
2019-05-30,31.9,22.0,11.1,16.3,78,Bengaluru
2019-05-31,30.9,21.1,16.0,14.8,81,Bengaluru
2019-06-01,31.0,21.7,0.6,17.5,76,Bengaluru
2019-06-02,30.1,22.1,13.9,15.1,82,Bengaluru
2019-06-03,31.2,22.0,3.3,20.9,83,Bengaluru
2019-06-04,30.5,21.1,0.2,16.0,75,Bengaluru
2019-06-05,29.8,21.4,17.9,12.4,83,Bengaluru
2019-06-06,31.1,21.3,1.4,12.8,78,Bengaluru
2019-06-07,30.7,21.2,13.8,11.3,80,Bengaluru
2019-06-08,30.0,21.4,5.5,14.3,82,Bengaluru
2019-06-09,31.3,20.9,0.3,17.8,76,Bengaluru
2019-06-10,29.2,21.1,4.1,25.3,78,Bengaluru
2019-06-11,29.4,21.3,1.3,28.2,75,Bengaluru
2019-06-12,27.3,21.8,1.5,29.5,80,Bengaluru
2019-06-13,28.1,21.0,3.9,30.0,79,Bengaluru
2019-06-14,28.2,20.7,3.4,23.8,78,Bengaluru
2019-06-15,30.3,20.6,0.0,20.9,72,Bengaluru
2019-06-16,30.5,20.5,0.5,21.2,71,Bengaluru
2019-06-17,30.1,20.4,0.0,22.4,68,Bengaluru
2019-06-18,29.8,21.3,0.0,22.7,68,Bengaluru
2019-06-19,30.8,20.3,0.9,21.6,70,Bengaluru
2019-06-20,28.2,21.5,3.9,23.4,76,Bengaluru
2019-06-21,29.1,20.0,0.7,19.1,75,Bengaluru
2019-06-22,28.5,21.2,5.8,20.3,80,Bengaluru
2019-06-23,29.4,20.8,2.1,22.7,78,Bengaluru
2019-06-24,29.9,20.6,1.6,17.7,74,Bengaluru
2019-06-25,30.2,20.4,0.9,18.4,72,Bengaluru
2019-06-26,27.4,21.1,1.2,20.7,74,Bengaluru
2019-06-27,29.8,20.5,2.3,23.7,76,Bengaluru
2019-06-28,30.7,19.8,0.1,29.2,68,Bengaluru
2019-06-29,29.5,19.9,0.1,28.1,70,Bengaluru
2019-06-30,30.3,21.0,1.1,31.0,71,Bengaluru
2019-07-01,29.9,20.6,0.9,25.6,69,Bengaluru
2019-07-02,30.9,21.5,0.8,28.9,69,Bengaluru
2019-07-03,29.7,20.8,0.4,27.6,70,Bengaluru
2019-07-04,30.3,21.0,2.7,28.6,71,Bengaluru
2019-07-05,28.9,21.3,2.1,33.6,72,Bengaluru
2019-07-06,29.5,21.0,1.1,30.9,70,Bengaluru
2019-07-07,30.0,20.7,0.7,32.5,68,Bengaluru
2019-07-08,29.8,20.4,0.4,31.1,68,Bengaluru
2019-07-09,29.4,20.8,3.0,27.8,72,Bengaluru
2019-07-10,26.0,20.5,4.9,30.4,85,Bengaluru
2019-07-11,29.5,19.7,5.8,25.2,75,Bengaluru
2019-07-12,29.3,19.7,3.5,15.5,78,Bengaluru
2019-07-13,29.4,19.9,0.4,18.0,75,Bengaluru
2019-07-14,28.9,19.8,2.8,20.6,76,Bengaluru
2019-07-15,28.4,20.3,5.1,19.0,78,Bengaluru
2019-07-16,29.0,19.7,1.1,18.6,76,Bengaluru
2019-07-17,28.4,20.2,3.5,17.2,77,Bengaluru
2019-07-18,29.4,20.4,8.3,18.1,80,Bengaluru
2019-07-19,24.6,20.7,2.8,19.1,86,Bengaluru
2019-07-20,27.4,19.9,4.6,24.8,82,Bengaluru
2019-07-21,26.7,20.3,10.9,25.8,85,Bengaluru
2019-07-22,25.9,20.0,11.0,21.3,89,Bengaluru
2019-07-23,24.2,19.1,9.1,21.7,88,Bengaluru
2019-07-24,28.0,19.6,5.5,21.0,84,Bengaluru
2019-07-25,27.1,19.4,7.4,19.8,86,Bengaluru
2019-07-26,25.3,19.9,5.4,21.9,88,Bengaluru
2019-07-27,27.3,19.5,0.7,24.3,81,Bengaluru
2019-07-28,26.9,19.3,1.0,26.0,79,Bengaluru
2019-07-29,27.0,20.1,0.2,25.3,78,Bengaluru
2019-07-30,27.7,19.8,0.3,27.7,74,Bengaluru
2019-07-31,28.0,19.3,0.7,23.1,75,Bengaluru
2019-08-01,28.2,19.2,1.0,25.5,74,Bengaluru
2019-08-02,26.7,20.0,0.4,29.9,72,Bengaluru
2019-08-03,28.3,20.5,0.2,31.6,71,Bengaluru
2019-08-04,28.5,20.2,1.2,31.4,73,Bengaluru
2019-08-05,25.1,20.6,7.8,34.2,86,Bengaluru
2019-08-06,25.0,20.0,7.0,30.6,87,Bengaluru
2019-08-07,27.7,20.2,6.5,36.7,81,Bengaluru
2019-08-08,27.1,20.9,10.4,36.4,82,Bengaluru
2019-08-09,27.0,20.5,4.5,32.9,85,Bengaluru
2019-08-10,24.0,20.3,6.1,27.4,89,Bengaluru
2019-08-11,26.8,20.2,0.6,30.8,77,Bengaluru
2019-08-12,27.8,19.3,4.0,24.8,81,Bengaluru
2019-08-13,27.8,20.1,5.4,20.2,85,Bengaluru
2019-08-14,25.4,19.8,12.0,21.4,89,Bengaluru
2019-08-15,27.4,20.0,11.7,22.5,84,Bengaluru
2019-08-16,26.6,19.4,6.1,17.9,87,Bengaluru
2019-08-17,24.1,19.6,10.2,12.7,92,Bengaluru
2019-08-18,26.5,19.9,10.3,16.7,88,Bengaluru
2019-08-19,28.1,20.0,14.0,12.6,86,Bengaluru
2019-08-20,27.6,20.1,11.4,17.0,87,Bengaluru
2019-08-21,26.9,20.0,3.0,18.8,86,Bengaluru
2019-08-22,25.3,19.5,9.5,21.0,87,Bengaluru
2019-08-23,26.5,19.6,4.8,22.0,85,Bengaluru
2019-08-24,25.8,19.1,4.2,22.2,86,Bengaluru
2019-08-25,26.2,19.8,0.9,22.1,82,Bengaluru
2019-08-26,27.1,19.8,2.1,23.5,82,Bengaluru
2019-08-27,25.9,19.7,4.7,25.9,82,Bengaluru
2019-08-28,27.0,19.7,2.7,22.1,80,Bengaluru
2019-08-29,28.3,19.9,10.9,21.0,82,Bengaluru
2019-08-30,27.2,19.4,1.5,26.6,80,Bengaluru
2019-08-31,26.5,19.5,3.5,21.3,82,Bengaluru
2019-09-01,24.2,19.7,3.1,21.7,88,Bengaluru
2019-09-02,28.3,19.8,7.8,23.3,86,Bengaluru
2019-09-03,25.3,20.1,3.2,24.6,86,Bengaluru
2019-09-04,27.3,20.1,6.0,28.8,83,Bengaluru
2019-09-05,26.8,20.3,5.8,29.3,82,Bengaluru
2019-09-06,26.9,20.3,2.0,31.4,76,Bengaluru
2019-09-07,27.4,20.1,1.9,31.0,77,Bengaluru
2019-09-08,26.8,20.5,2.7,29.9,78,Bengaluru
2019-09-09,27.7,20.1,0.9,25.6,78,Bengaluru
2019-09-10,28.1,19.8,2.5,20.8,81,Bengaluru
2019-09-11,28.2,19.6,3.8,19.4,82,Bengaluru
2019-09-12,28.0,19.8,2.0,17.2,84,Bengaluru
2019-09-13,27.8,19.5,1.3,17.3,80,Bengaluru
2019-09-14,28.0,19.2,9.7,15.3,78,Bengaluru
2019-09-15,27.9,19.9,4.1,16.8,81,Bengaluru
2019-09-16,26.9,19.9,2.1,19.2,83,Bengaluru
2019-09-17,23.8,19.7,27.7,16.8,91,Bengaluru
2019-09-18,28.1,20.0,3.5,14.8,82,Bengaluru
2019-09-19,27.6,20.3,4.7,13.8,85,Bengaluru
2019-09-20,27.1,19.9,1.1,16.6,78,Bengaluru
2019-09-21,28.8,19.7,1.1,10.3,75,Bengaluru
2019-09-22,25.7,20.6,8.3,9.1,89,Bengaluru
2019-09-23,26.6,20.0,32.9,11.6,89,Bengaluru
2019-09-24,26.1,19.8,9.6,14.4,87,Bengaluru
2019-09-25,27.3,20.1,17.7,19.6,87,Bengaluru
2019-09-26,25.2,19.7,3.5,22.0,86,Bengaluru
2019-09-27,27.2,19.1,9.2,11.3,85,Bengaluru
2019-09-28,27.9,19.3,0.6,10.1,78,Bengaluru
2019-09-29,28.0,20.3,1.0,14.3,77,Bengaluru
2019-09-30,27.9,19.9,2.5,17.4,81,Bengaluru
2019-10-01,27.6,19.7,14.6,10.5,85,Bengaluru
2019-10-02,28.6,19.1,5.3,9.4,79,Bengaluru
2019-10-03,28.2,19.7,4.5,10.2,81,Bengaluru
2019-10-04,28.4,19.0,26.2,9.0,84,Bengaluru
2019-10-05,27.4,19.2,11.5,9.6,84,Bengaluru
2019-10-06,27.0,19.2,3.5,10.5,85,Bengaluru
2019-10-07,26.3,20.0,9.8,9.9,86,Bengaluru
2019-10-08,27.6,18.6,8.9,7.6,86,Bengaluru
2019-10-09,27.2,19.3,5.7,8.4,85,Bengaluru
2019-10-10,26.6,19.3,3.7,10.3,86,Bengaluru
2019-10-11,27.8,19.5,4.4,7.7,80,Bengaluru
2019-10-12,27.8,19.7,4.9,12.3,79,Bengaluru
2019-10-13,27.8,20.3,4.6,12.8,82,Bengaluru
2019-10-14,28.8,19.2,0.0,16.4,78,Bengaluru
2019-10-15,27.2,19.9,7.7,17.1,85,Bengaluru
2019-10-16,26.2,20.0,6.7,18.2,87,Bengaluru
2019-10-17,24.7,19.6,2.4,16.2,89,Bengaluru
2019-10-18,27.0,19.3,2.4,16.6,84,Bengaluru
2019-10-19,26.9,19.5,2.7,16.7,84,Bengaluru
2019-10-20,26.3,20.0,4.2,15.3,86,Bengaluru
2019-10-21,25.3,19.8,8.1,10.9,89,Bengaluru
2019-10-22,23.4,19.9,7.7,12.8,93,Bengaluru
2019-10-23,25.6,20.0,11.2,17.3,89,Bengaluru
2019-10-24,26.1,18.8,0.3,24.2,80,Bengaluru
2019-10-25,24.2,19.4,0.4,21.7,85,Bengaluru
2019-10-26,26.2,17.7,7.4,17.3,86,Bengaluru
2019-10-27,26.9,18.3,8.5,11.2,83,Bengaluru
2019-10-28,27.1,19.1,1.8,18.1,83,Bengaluru
2019-10-29,25.2,19.5,2.0,24.8,86,Bengaluru
2019-10-30,23.6,19.6,23.9,24.4,92,Bengaluru
2019-10-31,24.6,19.6,13.4,20.5,90,Bengaluru
2019-11-01,26.0,19.1,2.5,11.1,82,Bengaluru
2019-11-02,26.7,19.5,1.1,10.7,81,Bengaluru
2019-11-03,27.5,19.6,0.1,12.0,78,Bengaluru
2019-11-04,27.8,18.2,0.0,13.4,72,Bengaluru
2019-11-05,28.0,17.4,0.2,14.6,74,Bengaluru
2019-11-06,27.4,18.5,2.0,10.0,77,Bengaluru
2019-11-07,27.1,19.0,1.4,10.1,80,Bengaluru
2019-11-08,26.2,19.6,3.9,8.6,86,Bengaluru
2019-11-09,27.5,19.5,7.0,12.1,79,Bengaluru
2019-11-10,27.7,19.3,0.6,9.6,77,Bengaluru
2019-11-11,27.4,19.1,0.2,14.1,73,Bengaluru
2019-11-12,27.7,17.9,0.0,16.3,72,Bengaluru
2019-11-13,27.4,17.9,0.0,17.5,73,Bengaluru
2019-11-14,26.1,17.8,2.0,20.2,83,Bengaluru
2019-11-15,27.0,19.7,4.1,13.8,85,Bengaluru
2019-11-16,26.7,19.4,1.5,17.3,80,Bengaluru
2019-11-17,28.0,19.0,0.0,14.2,70,Bengaluru
2019-11-18,27.8,19.1,0.9,21.9,77,Bengaluru
2019-11-19,28.2,19.6,0.8,12.8,77,Bengaluru
2019-11-20,26.7,19.7,2.6,20.2,83,Bengaluru
2019-11-21,27.0,19.5,0.7,19.8,82,Bengaluru
2019-11-22,26.9,18.8,0.0,19.8,77,Bengaluru
2019-11-23,28.2,16.6,0.0,20.2,73,Bengaluru
2019-11-24,27.6,16.5,0.0,15.6,72,Bengaluru
2019-11-25,28.2,17.6,0.0,21.6,71,Bengaluru
2019-11-26,27.4,16.5,0.1,19.7,71,Bengaluru
2019-11-27,26.6,19.0,2.1,22.7,80,Bengaluru
2019-11-28,26.1,19.9,0.3,20.5,83,Bengaluru
2019-11-29,27.7,19.7,1.3,20.7,79,Bengaluru
2019-11-30,26.2,18.4,1.6,26.1,83,Bengaluru
2019-12-01,22.2,19.5,23.0,19.9,94,Bengaluru
2019-12-02,25.0,19.1,1.2,26.2,84,Bengaluru
2019-12-03,24.0,18.4,0.8,20.5,81,Bengaluru
2019-12-04,25.6,17.4,0.7,24.5,79,Bengaluru
2019-12-05,24.6,16.5,0.0,22.2,79,Bengaluru
2019-12-06,26.5,16.6,0.0,18.7,76,Bengaluru
2019-12-07,24.9,14.4,1.4,20.9,84,Bengaluru
2019-12-08,24.8,17.8,0.6,18.9,82,Bengaluru
2019-12-09,26.2,17.1,0.0,20.2,76,Bengaluru
2019-12-10,25.4,16.5,0.0,17.7,75,Bengaluru
2019-12-11,26.5,16.4,0.0,14.1,70,Bengaluru
2019-12-12,26.6,15.9,0.0,16.7,73,Bengaluru
2019-12-13,27.0,16.7,0.0,18.1,75,Bengaluru
2019-12-14,25.2,18.9,7.0,17.7,89,Bengaluru
2019-12-15,26.7,17.7,0.0,20.2,74,Bengaluru
2019-12-16,25.4,15.8,0.3,16.8,80,Bengaluru
2019-12-17,26.7,18.5,0.0,18.8,75,Bengaluru
2019-12-18,27.7,16.1,0.0,21.4,75,Bengaluru
2019-12-19,26.4,16.7,0.0,22.9,76,Bengaluru
2019-12-20,26.6,15.9,0.0,18.1,75,Bengaluru
2019-12-21,26.7,17.6,0.0,17.3,76,Bengaluru
2019-12-22,26.9,18.1,0.0,17.3,72,Bengaluru
2019-12-23,27.2,17.5,0.0,16.4,72,Bengaluru
2019-12-24,25.3,17.9,0.4,16.1,80,Bengaluru
2019-12-25,25.9,19.1,0.1,17.6,79,Bengaluru
2019-12-26,28.2,19.5,0.0,13.9,73,Bengaluru
2019-12-27,29.0,17.8,0.2,16.7,72,Bengaluru
2019-12-28,27.1,17.6,0.0,17.3,73,Bengaluru
2019-12-29,27.4,16.9,0.0,18.6,71,Bengaluru
2019-12-30,27.4,17.1,0.1,18.3,71,Bengaluru
2019-12-31,26.2,17.7,0.9,17.8,75,Bengaluru
2020-01-01,26.9,18.1,1.9,18.5,80,Bengaluru
2020-01-02,27.2,18.8,1.0,15.1,77,Bengaluru
2020-01-03,28.2,18.6,0.0,14.0,73,Bengaluru
2020-01-04,28.3,19.3,0.0,13.2,70,Bengaluru
2020-01-05,28.0,19.5,0.2,16.6,73,Bengaluru
2020-01-06,27.4,18.9,0.0,19.0,78,Bengaluru
2020-01-07,27.1,18.3,0.0,19.7,73,Bengaluru
2020-01-08,28.2,17.6,0.0,16.4,67,Bengaluru
2020-01-09,29.1,17.4,0.0,17.9,67,Bengaluru
2020-01-10,28.2,16.7,0.0,18.4,67,Bengaluru
2020-01-11,27.7,15.4,0.0,18.0,64,Bengaluru
2020-01-12,27.2,15.1,0.0,18.4,70,Bengaluru
2020-01-13,28.4,17.2,0.0,14.8,65,Bengaluru
2020-01-14,29.1,16.7,0.0,17.3,61,Bengaluru
2020-01-15,27.8,14.6,0.0,18.4,60,Bengaluru
2020-01-16,27.4,15.0,0.0,17.8,65,Bengaluru
2020-01-17,28.5,15.6,0.0,17.3,63,Bengaluru
2020-01-18,27.9,18.0,0.1,18.2,77,Bengaluru
2020-01-19,28.1,18.5,0.2,17.8,70,Bengaluru
2020-01-20,29.8,17.7,0.0,21.3,62,Bengaluru
2020-01-21,29.2,16.5,0.0,21.3,60,Bengaluru
2020-01-22,29.0,15.8,0.0,20.2,69,Bengaluru
2020-01-23,29.1,16.9,0.0,19.6,66,Bengaluru
2020-01-24,30.0,16.3,0.0,16.3,56,Bengaluru
2020-01-25,30.0,15.3,0.0,17.0,45,Bengaluru
2020-01-26,31.0,14.4,0.0,14.8,51,Bengaluru
2020-01-27,30.8,15.7,0.0,15.0,54,Bengaluru
2020-01-28,29.9,17.7,0.0,12.0,58,Bengaluru
2020-01-29,30.9,17.4,0.0,13.7,58,Bengaluru
2020-01-30,31.1,17.3,0.0,12.7,54,Bengaluru
2020-01-31,30.7,18.2,0.0,20.5,54,Bengaluru
2020-02-01,28.8,17.6,0.0,16.8,62,Bengaluru
2020-02-02,28.3,18.4,0.0,17.4,61,Bengaluru
2020-02-03,29.4,16.6,0.0,16.6,53,Bengaluru
2020-02-04,28.7,15.5,0.0,18.8,59,Bengaluru
2020-02-05,29.1,18.3,0.0,15.8,62,Bengaluru
2020-02-06,29.7,16.6,0.0,16.1,60,Bengaluru
2020-02-07,29.3,17.1,0.0,17.6,63,Bengaluru
2020-02-08,29.5,18.0,0.0,14.0,60,Bengaluru
2020-02-09,28.1,17.9,0.7,21.2,65,Bengaluru
2020-02-10,28.9,18.2,0.0,23.8,64,Bengaluru
2020-02-11,28.5,16.2,0.0,21.3,63,Bengaluru
2020-02-12,28.9,17.3,0.0,19.8,64,Bengaluru
2020-02-13,30.5,17.7,0.0,21.1,57,Bengaluru
2020-02-14,30.5,16.6,0.0,12.0,55,Bengaluru
2020-02-15,31.5,16.7,0.0,16.6,47,Bengaluru
2020-02-16,31.3,17.4,0.0,17.7,38,Bengaluru
2020-02-17,31.0,15.6,0.0,17.3,46,Bengaluru
2020-02-18,30.7,16.0,0.0,18.0,47,Bengaluru
2020-02-19,30.8,16.1,0.0,19.2,54,Bengaluru
2020-02-20,30.9,16.0,0.0,19.6,54,Bengaluru
2020-02-21,31.2,15.5,0.0,19.8,56,Bengaluru
2020-02-22,30.4,17.4,0.0,21.2,62,Bengaluru
2020-02-23,30.3,17.7,0.0,21.6,60,Bengaluru
2020-02-24,30.4,17.9,0.0,19.5,58,Bengaluru
2020-02-25,31.9,17.7,0.0,14.4,54,Bengaluru
2020-02-26,30.6,18.4,0.0,16.1,59,Bengaluru
2020-02-27,30.8,19.2,0.0,22.7,58,Bengaluru
2020-02-28,31.0,18.4,0.0,22.9,60,Bengaluru
2020-02-29,31.4,18.5,0.0,20.6,57,Bengaluru
2020-03-01,30.6,18.9,0.0,19.6,59,Bengaluru
2020-03-02,29.6,19.1,0.0,16.3,62,Bengaluru
2020-03-03,30.7,19.6,0.5,9.9,55,Bengaluru
2020-03-04,30.7,20.1,1.1,14.5,58,Bengaluru
2020-03-05,30.0,20.6,1.8,16.7,62,Bengaluru
2020-03-06,29.8,20.0,2.7,16.5,68,Bengaluru
2020-03-07,29.4,20.1,2.2,14.0,72,Bengaluru
2020-03-08,30.5,20.3,1.0,17.2,68,Bengaluru
2020-03-09,30.2,19.7,0.9,15.7,67,Bengaluru
2020-03-10,30.7,19.5,0.5,17.8,58,Bengaluru
2020-03-11,32.6,19.8,0.0,18.4,57,Bengaluru
2020-03-12,32.6,20.1,0.0,17.4,51,Bengaluru
2020-03-13,32.4,18.5,0.0,18.7,52,Bengaluru
2020-03-14,32.6,18.0,0.0,17.6,52,Bengaluru
2020-03-15,33.4,18.5,0.0,19.6,56,Bengaluru
2020-03-16,32.7,19.1,0.0,19.0,59,Bengaluru
2020-03-17,32.5,18.9,0.0,20.5,54,Bengaluru
2020-03-18,33.8,18.5,0.0,18.7,46,Bengaluru
2020-03-19,34.2,19.3,0.0,15.1,44,Bengaluru
2020-03-20,32.6,21.9,0.4,17.3,56,Bengaluru
2020-03-21,34.4,20.3,0.1,15.9,51,Bengaluru
2020-03-22,32.1,20.7,0.1,15.0,54,Bengaluru
2020-03-23,31.0,21.3,0.7,19.0,63,Bengaluru
2020-03-24,33.7,20.5,0.0,16.4,55,Bengaluru
2020-03-25,32.7,19.6,0.0,19.6,51,Bengaluru
2020-03-26,33.7,19.3,0.0,19.9,51,Bengaluru
2020-03-27,33.2,18.8,0.0,17.0,49,Bengaluru
2020-03-28,34.1,17.6,0.0,17.7,42,Bengaluru
2020-03-29,34.2,17.8,0.0,17.0,37,Bengaluru
2020-03-30,34.6,19.8,0.0,18.6,42,Bengaluru
2020-03-31,34.5,18.5,0.0,18.1,39,Bengaluru
2020-04-01,34.9,20.1,0.0,19.1,36,Bengaluru
2020-04-02,35.1,21.0,0.0,17.7,38,Bengaluru
2020-04-03,34.5,21.8,0.0,18.9,42,Bengaluru
2020-04-04,35.3,20.1,0.0,17.1,43,Bengaluru
2020-04-05,34.8,20.8,0.1,16.5,51,Bengaluru
2020-04-06,33.8,21.7,0.3,13.7,59,Bengaluru
2020-04-07,32.0,22.1,6.1,11.3,70,Bengaluru
2020-04-08,32.1,22.1,0.6,15.2,61,Bengaluru
2020-04-09,31.0,21.4,3.1,19.5,67,Bengaluru
2020-04-10,32.0,20.7,0.0,16.0,61,Bengaluru
2020-04-11,33.2,20.5,0.0,15.0,58,Bengaluru
2020-04-12,33.5,19.7,0.0,16.5,48,Bengaluru
2020-04-13,34.6,19.2,0.0,16.9,37,Bengaluru
2020-04-14,34.7,19.5,0.0,19.8,34,Bengaluru
2020-04-15,35.0,18.7,0.0,16.1,40,Bengaluru
2020-04-16,34.8,20.7,0.0,16.9,46,Bengaluru
2020-04-17,35.1,21.7,0.0,16.2,44,Bengaluru
2020-04-18,34.9,21.7,0.0,15.6,51,Bengaluru
2020-04-19,34.9,21.7,0.0,17.3,51,Bengaluru
2020-04-20,33.9,21.1,0.0,17.8,51,Bengaluru
2020-04-21,34.8,20.2,0.0,14.2,47,Bengaluru
2020-04-22,34.3,21.9,0.0,17.7,48,Bengaluru
2020-04-23,35.0,22.3,0.0,15.1,50,Bengaluru
2020-04-24,32.6,23.1,0.0,13.4,57,Bengaluru
2020-04-25,32.1,22.6,6.3,16.8,68,Bengaluru
2020-04-26,32.2,21.9,2.5,11.3,64,Bengaluru
2020-04-27,31.5,22.1,0.2,18.7,65,Bengaluru
2020-04-28,32.9,21.4,0.5,15.3,64,Bengaluru
2020-04-29,27.2,20.5,8.1,10.6,77,Bengaluru
2020-04-30,31.9,20.8,0.2,12.2,57,Bengaluru
2020-05-01,32.8,21.0,0.0,13.2,54,Bengaluru
2020-05-02,33.1,23.4,0.1,12.8,52,Bengaluru
2020-05-03,33.4,22.4,0.0,12.2,52,Bengaluru
2020-05-04,33.7,22.8,0.0,12.7,50,Bengaluru
2020-05-05,34.2,22.5,0.0,11.2,48,Bengaluru
2020-05-06,34.8,23.0,0.2,12.4,48,Bengaluru
2020-05-07,34.3,22.9,0.1,14.0,55,Bengaluru
2020-05-08,33.8,22.7,0.1,11.6,59,Bengaluru
2020-05-09,34.8,22.5,0.0,15.1,54,Bengaluru
2020-05-10,35.2,21.8,0.0,15.5,51,Bengaluru
2020-05-11,34.0,22.1,0.0,14.7,49,Bengaluru
2020-05-12,35.0,21.7,0.0,18.2,55,Bengaluru
2020-05-13,34.4,21.6,0.0,14.3,58,Bengaluru
2020-05-14,35.1,22.2,0.0,15.0,49,Bengaluru
2020-05-15,35.1,22.5,0.0,15.4,51,Bengaluru
2020-05-16,35.2,22.9,0.5,16.5,53,Bengaluru
2020-05-17,34.1,23.3,5.7,15.6,63,Bengaluru
2020-05-18,31.7,22.9,5.1,25.5,72,Bengaluru
2020-05-19,31.7,21.9,0.3,24.6,67,Bengaluru
2020-05-20,33.2,21.1,0.0,19.2,61,Bengaluru
2020-05-21,33.8,20.8,0.0,15.8,59,Bengaluru
2020-05-22,33.7,21.8,0.0,17.7,58,Bengaluru
2020-05-23,36.2,22.3,0.0,19.4,53,Bengaluru
2020-05-24,33.3,22.5,0.0,17.4,61,Bengaluru
2020-05-25,33.7,22.4,0.0,13.8,59,Bengaluru
2020-05-26,33.3,22.5,0.8,13.8,63,Bengaluru
2020-05-27,32.5,22.8,11.0,12.2,77,Bengaluru
2020-05-28,32.5,22.5,0.9,16.2,73,Bengaluru
2020-05-29,32.8,22.4,8.5,14.8,78,Bengaluru
2020-05-30,29.3,22.0,1.7,13.4,81,Bengaluru
2020-05-31,31.0,21.9,0.2,14.3,78,Bengaluru
2020-06-01,30.2,20.8,4.3,14.0,80,Bengaluru
2020-06-02,26.7,21.1,1.6,22.7,80,Bengaluru
2020-06-03,28.5,20.8,0.3,25.5,76,Bengaluru
2020-06-04,28.8,20.4,3.4,25.1,77,Bengaluru
2020-06-05,28.8,20.0,9.4,18.6,81,Bengaluru
2020-06-06,28.7,20.1,14.5,17.7,80,Bengaluru
2020-06-07,27.8,20.5,8.3,22.7,79,Bengaluru
2020-06-08,29.4,20.4,0.2,18.4,67,Bengaluru
2020-06-09,30.1,19.9,0.0,19.8,71,Bengaluru
2020-06-10,27.8,20.9,1.2,19.6,78,Bengaluru
2020-06-11,27.7,20.7,7.3,21.2,84,Bengaluru
2020-06-12,26.1,20.3,5.1,27.1,80,Bengaluru
2020-06-13,29.3,20.2,1.3,25.4,78,Bengaluru
2020-06-14,28.7,20.5,3.4,27.7,78,Bengaluru
2020-06-15,29.3,21.6,0.6,28.9,72,Bengaluru
2020-06-16,29.2,20.8,0.7,27.1,76,Bengaluru
2020-06-17,26.8,21.0,0.4,28.9,80,Bengaluru
2020-06-18,28.3,20.6,0.1,27.6,75,Bengaluru
2020-06-19,30.1,20.1,6.2,26.3,76,Bengaluru
2020-06-20,30.4,20.0,2.4,21.2,75,Bengaluru
2020-06-21,28.0,20.3,1.8,22.4,79,Bengaluru
2020-06-22,28.9,20.0,8.4,22.6,80,Bengaluru
2020-06-23,29.7,20.5,0.2,15.5,70,Bengaluru
2020-06-24,29.3,20.7,14.9,11.8,78,Bengaluru
2020-06-25,29.0,20.6,27.7,9.7,83,Bengaluru
2020-06-26,27.4,20.5,14.9,14.2,85,Bengaluru
2020-06-27,27.2,20.5,2.5,14.3,83,Bengaluru
2020-06-28,27.8,20.5,14.4,11.5,85,Bengaluru
2020-06-29,28.0,20.6,13.8,14.5,85,Bengaluru
2020-06-30,27.8,20.3,7.8,20.2,84,Bengaluru
2020-07-01,27.1,20.0,3.3,18.7,82,Bengaluru
2015-01-01,28.7,22.0,0.0,10.2,87,Chennai
2015-01-02,28.6,23.3,0.3,13.2,87,Chennai
2015-01-03,28.4,23.3,2.0,9.7,90,Chennai
2015-01-04,28.3,23.0,1.2,10.7,86,Chennai
2015-01-05,28.4,21.6,0.1,14.4,83,Chennai
2015-01-06,27.7,21.5,0.3,10.1,84,Chennai
2015-01-07,28.0,20.8,0.1,12.1,85,Chennai
2015-01-08,27.6,21.5,0.8,10.9,85,Chennai
2015-01-09,26.8,21.3,0.4,15.6,81,Chennai
2015-01-10,27.0,18.1,0.0,18.5,73,Chennai
2015-01-11,26.4,19.8,0.0,16.3,68,Chennai
2015-01-12,26.7,20.8,0.0,19.6,64,Chennai
2015-01-13,27.2,19.0,0.0,17.1,66,Chennai
2015-01-14,26.7,19.8,0.0,18.2,68,Chennai
2015-01-15,27.7,18.9,0.0,17.6,77,Chennai
2015-01-16,27.6,21.6,0.1,19.0,79,Chennai
2015-01-17,28.1,21.0,0.0,18.2,73,Chennai
2015-01-18,27.7,21.2,0.0,15.7,68,Chennai
2015-01-19,27.5,21.1,0.0,17.2,68,Chennai
2015-01-20,27.5,20.3,0.0,18.4,66,Chennai
2015-01-21,27.2,20.5,0.0,19.2,66,Chennai
2015-01-22,27.0,21.1,1.1,16.4,79,Chennai
2015-01-23,27.3,22.3,1.0,16.6,80,Chennai
2015-01-24,27.3,22.3,1.1,17.1,80,Chennai
2015-01-25,26.9,21.1,0.0,17.7,71,Chennai
2015-01-26,27.2,21.3,0.0,15.9,66,Chennai
2015-01-27,26.8,21.8,0.0,20.5,69,Chennai
2015-01-28,27.2,21.4,0.0,14.7,70,Chennai
2015-01-29,27.7,21.6,0.0,16.6,73,Chennai
2015-01-30,28.2,22.2,0.0,15.1,70,Chennai
2015-01-31,28.2,21.0,0.0,17.5,70,Chennai
2015-02-01,28.0,21.1,0.0,16.5,73,Chennai
2015-02-02,28.1,21.6,0.0,20.4,72,Chennai
2015-02-03,28.3,22.3,0.0,21.4,66,Chennai
2015-02-04,28.2,22.5,0.0,21.0,68,Chennai
2015-02-05,28.6,21.2,0.0,17.8,72,Chennai
2015-02-06,28.7,21.5,0.0,14.8,72,Chennai
2015-02-07,28.7,20.1,0.0,16.9,73,Chennai
2015-02-08,28.7,20.9,0.0,18.0,70,Chennai
2015-02-09,28.4,22.1,0.0,17.4,66,Chennai
2015-02-10,28.4,21.8,0.0,19.9,65,Chennai
2015-02-11,27.5,21.4,1.1,20.1,77,Chennai
2015-02-12,29.5,22.5,0.0,19.2,73,Chennai
2015-02-13,30.3,20.7,0.0,15.2,73,Chennai
2015-02-14,30.9,19.3,0.0,16.3,76,Chennai
2015-02-15,31.6,20.5,0.0,13.1,74,Chennai
2015-02-16,30.7,21.4,0.0,14.0,76,Chennai
2015-02-17,30.8,20.0,0.0,14.5,77,Chennai
2015-02-18,30.2,19.2,0.0,18.8,76,Chennai
2015-02-19,30.3,19.6,0.0,14.6,73,Chennai
2015-02-20,29.6,21.1,0.0,14.1,73,Chennai
2015-02-21,29.8,20.4,0.0,13.7,72,Chennai
2015-02-22,30.5,20.1,0.0,16.3,72,Chennai
2015-02-23,30.4,19.7,0.0,12.1,73,Chennai
2015-02-24,30.9,19.4,0.0,14.0,73,Chennai
2015-02-25,30.8,18.9,0.0,13.4,71,Chennai
2015-02-26,30.9,20.1,0.0,16.9,73,Chennai
2015-02-27,30.5,23.2,0.5,18.1,77,Chennai
2015-02-28,29.5,24.1,1.0,20.5,77,Chennai
2015-03-01,30.0,24.6,0.1,20.9,74,Chennai
2015-03-02,30.0,24.3,0.9,16.8,75,Chennai
2015-03-03,31.7,23.9,0.1,14.6,74,Chennai
2015-03-04,32.3,24.1,0.0,17.2,73,Chennai
2015-03-05,32.0,24.4,0.6,16.8,78,Chennai
2015-03-06,31.9,25.2,0.6,16.6,77,Chennai
2015-03-07,31.5,25.0,0.5,17.6,76,Chennai
2015-03-08,31.4,24.2,0.7,16.6,75,Chennai
2015-03-09,30.9,23.5,0.0,16.2,74,Chennai
2015-03-10,30.9,22.8,0.0,16.1,71,Chennai
2015-03-11,31.0,22.3,0.0,17.2,68,Chennai
2015-03-12,31.4,24.8,0.0,17.7,67,Chennai
2015-03-13,31.9,23.7,0.0,15.2,71,Chennai
2015-03-14,31.7,23.8,0.0,18.8,70,Chennai
2015-03-15,31.5,24.5,0.3,18.1,74,Chennai
2015-03-16,32.0,22.4,0.0,16.9,73,Chennai
2015-03-17,32.2,21.9,0.0,14.7,75,Chennai
2015-03-18,34.4,21.2,0.0,14.6,72,Chennai
2015-03-19,33.8,21.9,0.0,15.8,74,Chennai
2015-03-20,32.4,22.4,0.0,14.2,74,Chennai
2015-03-21,33.9,22.0,0.0,12.4,72,Chennai
2015-03-22,35.2,21.5,0.0,15.6,72,Chennai
2015-03-23,34.2,24.0,0.0,18.1,75,Chennai
2015-03-24,33.9,23.5,0.0,20.1,77,Chennai
2015-03-25,32.8,24.0,0.0,18.0,75,Chennai
2015-03-26,32.1,24.4,0.0,14.8,72,Chennai
2015-03-27,32.4,24.9,0.0,14.0,69,Chennai
2015-03-28,33.6,24.1,0.0,17.9,71,Chennai
2015-03-29,33.3,25.1,0.0,16.0,72,Chennai
2015-03-30,33.2,25.9,0.0,16.8,71,Chennai
2015-03-31,33.1,26.0,0.3,17.9,74,Chennai
2015-04-01,33.1,26.1,0.8,18.5,74,Chennai
2015-04-02,34.6,26.5,0.0,20.5,73,Chennai
2015-04-03,36.8,26.4,0.0,20.4,71,Chennai
2015-04-04,36.6,27.5,0.0,21.6,71,Chennai
2015-04-05,35.5,27.3,0.0,22.8,74,Chennai
2015-04-06,34.8,26.9,0.0,22.8,70,Chennai
2015-04-07,34.7,26.7,0.0,21.7,73,Chennai
2015-04-08,32.7,26.6,0.5,22.1,76,Chennai
2015-04-09,33.2,26.2,1.2,19.6,75,Chennai
2015-04-10,34.2,26.5,0.0,18.7,70,Chennai
2015-04-11,34.8,25.7,0.0,20.6,70,Chennai
2015-04-12,33.7,25.4,0.0,18.7,67,Chennai
2015-04-13,32.2,26.5,0.3,15.1,67,Chennai
2015-04-14,33.6,24.6,0.0,18.4,67,Chennai
2015-04-15,29.2,22.8,19.9,16.4,83,Chennai
2015-04-16,31.5,24.4,2.2,13.0,80,Chennai
2015-04-17,32.0,25.1,0.8,14.1,76,Chennai
2015-04-18,33.2,25.1,0.0,13.3,73,Chennai
2015-04-19,33.3,24.5,0.0,15.1,74,Chennai
2015-04-20,33.0,25.8,0.5,16.1,74,Chennai
2015-04-21,33.0,25.4,5.3,20.0,77,Chennai
2015-04-22,34.2,26.5,0.0,22.2,74,Chennai
2015-04-23,35.8,27.7,0.0,22.0,71,Chennai
2015-04-24,35.5,28.0,0.4,20.2,71,Chennai
2015-04-25,33.7,25.5,5.9,20.0,77,Chennai
2015-04-26,33.0,27.1,0.4,16.0,74,Chennai
2015-04-27,33.0,26.8,1.7,19.4,77,Chennai
2015-04-28,34.8,26.1,0.0,20.4,74,Chennai
2015-04-29,35.5,26.8,0.4,22.8,74,Chennai
2015-04-30,35.9,27.1,0.0,24.2,72,Chennai
2015-05-01,36.8,27.6,0.0,23.7,72,Chennai
2015-05-02,36.3,27.7,0.0,24.6,71,Chennai
2015-05-03,35.3,27.7,0.0,22.6,73,Chennai
2015-05-04,34.0,27.3,0.7,21.1,73,Chennai
2015-05-05,33.4,26.9,0.5,15.6,74,Chennai
2015-05-06,34.2,26.6,0.9,17.4,74,Chennai
2015-05-07,35.2,27.4,0.7,17.0,72,Chennai
2015-05-08,36.3,27.4,0.0,21.5,72,Chennai
2015-05-09,36.0,28.0,0.0,21.0,72,Chennai
2015-05-10,34.7,28.4,0.0,17.6,72,Chennai
2015-05-11,32.7,28.5,0.4,16.6,74,Chennai
2015-05-12,34.9,27.8,0.1,15.9,70,Chennai
2015-05-13,32.1,26.6,8.1,14.5,83,Chennai
2015-05-14,29.9,25.8,15.9,15.5,86,Chennai
2015-05-15,31.4,26.0,4.5,12.7,83,Chennai
2015-05-16,31.5,26.4,7.7,14.2,83,Chennai
2015-05-17,31.5,26.1,10.5,19.2,84,Chennai
2015-05-18,33.8,26.0,0.2,18.7,77,Chennai
2015-05-19,35.8,27.2,0.0,21.8,71,Chennai
2015-05-20,36.4,27.5,0.0,26.3,69,Chennai
2015-05-21,37.9,28.7,0.0,26.6,66,Chennai
2015-05-22,37.7,29.5,0.0,27.1,62,Chennai
2015-05-23,38.4,29.7,0.0,25.0,60,Chennai
2015-05-24,39.3,29.8,0.0,24.5,57,Chennai
2015-05-25,40.1,30.3,0.0,23.0,54,Chennai
2015-05-26,39.3,29.7,0.0,22.1,56,Chennai
2015-05-27,39.1,29.5,0.6,26.5,56,Chennai
2015-05-28,37.5,27.1,0.0,25.1,63,Chennai
2015-05-29,37.7,28.5,0.0,21.6,63,Chennai
2015-05-30,36.9,28.5,0.0,18.6,65,Chennai
2015-05-31,36.9,28.6,0.0,24.2,70,Chennai
2015-06-01,34.0,27.7,5.2,16.6,74,Chennai
2015-06-02,35.2,27.8,2.9,14.0,73,Chennai
2015-06-03,33.8,27.8,0.0,16.2,71,Chennai
2015-06-04,34.5,27.8,0.0,20.8,74,Chennai
2015-06-05,35.9,27.8,0.7,19.8,71,Chennai
2015-06-06,34.9,27.6,0.7,16.4,74,Chennai
2015-06-07,36.0,28.1,1.1,22.3,71,Chennai
2015-06-08,36.0,28.4,0.6,23.9,68,Chennai
2015-06-09,35.2,28.3,0.9,14.9,67,Chennai
2015-06-10,36.1,26.8,2.0,19.5,72,Chennai
2015-06-11,37.2,28.1,2.4,25.3,65,Chennai
2015-06-12,34.5,26.9,3.2,15.9,73,Chennai
2015-06-13,35.7,27.6,0.4,21.3,68,Chennai
2015-06-14,35.6,27.5,3.7,17.1,62,Chennai
2015-06-15,36.1,27.5,0.0,19.8,57,Chennai
2015-06-16,34.3,26.1,2.2,19.2,60,Chennai
2015-06-17,29.0,26.2,5.8,21.6,80,Chennai
2015-06-18,29.0,25.2,4.5,17.4,80,Chennai
2015-06-19,31.4,26.2,0.4,18.7,68,Chennai
2015-06-20,33.4,27.2,0.0,23.8,59,Chennai
2015-06-21,35.2,28.3,0.0,27.5,52,Chennai
2015-06-22,36.0,28.3,0.0,27.7,53,Chennai
2015-06-23,36.0,28.3,0.0,25.6,56,Chennai
2015-06-24,37.1,28.1,0.0,23.6,55,Chennai
2015-06-25,37.0,28.9,0.0,24.8,49,Chennai
2015-06-26,36.9,28.5,0.9,22.8,54,Chennai
2015-06-27,36.2,28.7,0.3,26.3,52,Chennai
2015-06-28,37.2,28.2,0.1,21.3,58,Chennai
2015-06-29,36.4,28.4,0.2,23.7,62,Chennai
2015-06-30,36.4,28.4,0.0,22.8,62,Chennai
2015-07-01,37.2,28.7,0.0,21.1,59,Chennai
2015-07-02,37.7,29.0,0.0,20.7,58,Chennai
2015-07-03,36.7,27.4,6.6,17.6,64,Chennai
2015-07-04,37.4,29.4,0.0,22.0,56,Chennai
2015-07-05,38.2,29.1,0.0,21.3,51,Chennai
2015-07-06,38.8,29.2,0.0,21.2,47,Chennai
2015-07-07,38.2,28.3,0.0,22.6,44,Chennai
2015-07-08,37.8,29.2,0.2,19.8,52,Chennai
2015-07-09,37.4,29.5,0.1,19.8,48,Chennai
2015-07-10,36.5,28.5,3.1,19.8,59,Chennai
2015-07-11,35.6,29.0,0.0,19.8,52,Chennai
2015-07-12,36.6,29.1,0.0,18.8,55,Chennai
2015-07-13,37.4,28.1,4.0,19.1,63,Chennai
2015-07-14,35.3,27.4,8.9,17.7,65,Chennai
2015-07-15,33.7,27.1,0.9,20.0,68,Chennai
2015-07-16,35.6,27.9,0.1,22.5,63,Chennai
2015-07-17,35.7,27.4,0.2,25.2,58,Chennai
2015-07-18,35.8,27.8,0.4,19.1,58,Chennai
2015-07-19,36.6,28.1,3.0,24.6,58,Chennai
2015-07-20,35.1,27.3,0.6,20.8,56,Chennai
2015-07-21,36.0,26.7,4.5,25.4,63,Chennai
2015-07-22,35.1,26.9,3.0,23.1,72,Chennai
2015-07-23,34.7,27.3,3.0,21.6,71,Chennai
2015-07-24,33.9,26.1,1.7,18.9,73,Chennai
2015-07-25,34.9,27.6,0.7,18.3,65,Chennai
2015-07-26,33.7,26.6,1.8,19.6,68,Chennai
2015-07-27,34.4,26.1,2.5,15.7,70,Chennai
2015-07-28,35.1,26.5,1.4,18.2,66,Chennai
2015-07-29,35.4,27.1,0.0,22.7,64,Chennai
2015-07-30,35.1,27.8,0.0,22.5,61,Chennai
2015-07-31,34.3,27.1,1.6,19.5,66,Chennai
2015-08-01,33.5,27.3,0.9,16.6,64,Chennai
2015-08-02,29.8,26.3,5.6,19.6,78,Chennai
2015-08-03,34.3,26.6,3.0,20.8,65,Chennai
2015-08-04,34.2,27.5,1.0,21.8,64,Chennai
2015-08-05,34.5,26.4,1.2,21.1,69,Chennai
2015-08-06,34.8,27.4,0.2,20.7,59,Chennai
2015-08-07,34.3,27.9,0.0,17.0,62,Chennai
2015-08-08,35.4,26.5,0.9,17.5,65,Chennai
2015-08-09,34.7,26.9,3.0,14.9,65,Chennai
2015-08-10,33.9,26.7,5.6,18.1,68,Chennai
2015-08-11,34.2,26.7,2.5,15.8,66,Chennai
2015-08-12,33.3,27.0,0.3,12.6,68,Chennai
2015-08-13,34.8,27.7,0.1,15.8,65,Chennai
2015-08-14,34.5,27.8,0.6,16.5,68,Chennai
2015-08-15,35.1,27.3,2.2,20.0,69,Chennai
2015-08-16,33.2,26.0,11.2,19.3,75,Chennai
2015-08-17,32.5,24.8,15.6,19.5,79,Chennai
2015-08-18,31.9,26.1,0.1,18.8,79,Chennai
2015-08-19,32.8,26.6,0.4,21.7,76,Chennai
2015-08-20,34.0,27.2,3.0,22.1,74,Chennai
2015-08-21,32.6,25.8,20.2,15.5,79,Chennai
2015-08-22,29.6,25.4,5.5,19.9,82,Chennai
2015-08-23,31.9,25.0,7.5,19.7,80,Chennai
2015-08-24,33.0,25.7,0.0,18.4,72,Chennai
2015-08-25,33.9,26.8,0.0,17.2,64,Chennai
2015-08-26,33.6,26.7,1.2,16.6,71,Chennai
2015-08-27,31.6,26.1,5.3,20.2,75,Chennai
2015-08-28,32.7,26.7,0.0,18.4,70,Chennai
2015-08-29,34.3,25.7,0.0,19.2,71,Chennai
2015-08-30,34.4,27.1,0.3,17.8,71,Chennai
2015-08-31,34.1,27.1,1.3,15.8,73,Chennai
2015-09-01,34.9,27.6,0.0,18.8,70,Chennai
2015-09-02,34.0,27.9,0.0,20.7,69,Chennai
2015-09-03,32.8,27.3,1.9,20.3,77,Chennai
2015-09-04,33.6,26.8,0.3,16.1,76,Chennai
2015-09-05,33.0,26.6,0.1,19.1,76,Chennai
2015-09-06,34.7,27.3,0.8,22.5,72,Chennai
2015-09-07,31.7,25.7,17.7,18.4,80,Chennai
2015-09-08,33.0,25.8,0.1,15.2,73,Chennai
2015-09-09,32.8,25.8,4.0,17.4,72,Chennai
2015-09-10,32.3,25.9,25.2,13.3,79,Chennai
2015-09-11,30.1,26.1,0.1,15.5,77,Chennai
2015-09-12,31.1,26.1,0.5,16.9,75,Chennai
2015-09-13,33.7,26.0,0.0,18.1,69,Chennai
2015-09-14,32.3,27.3,0.0,18.0,68,Chennai
2015-09-15,33.5,27.7,0.4,19.3,62,Chennai
2015-09-16,34.5,27.8,0.0,22.0,57,Chennai
2015-09-17,34.4,28.0,0.0,18.4,62,Chennai
2015-09-18,34.1,27.4,0.0,16.2,67,Chennai
2015-09-19,32.3,26.3,6.9,17.6,80,Chennai
2015-09-20,33.9,27.1,1.0,14.9,74,Chennai
2015-09-21,33.7,26.6,0.5,15.4,74,Chennai
2015-09-22,32.9,27.1,0.0,14.8,74,Chennai
2015-09-23,33.7,27.2,0.0,15.5,75,Chennai
2015-09-24,34.5,26.9,0.0,19.1,75,Chennai
2015-09-25,35.1,26.7,1.1,17.5,74,Chennai
2015-09-26,34.4,25.4,22.8,17.0,77,Chennai
2015-09-27,32.4,25.9,0.6,10.4,78,Chennai
2015-09-28,32.5,24.9,2.2,17.4,78,Chennai
2015-09-29,30.7,25.3,1.7,8.7,81,Chennai
2015-09-30,30.7,25.0,6.1,9.5,81,Chennai
2015-10-01,30.4,25.0,2.4,17.1,82,Chennai
2015-10-02,33.2,25.9,14.0,15.3,77,Chennai
2015-10-03,31.6,25.1,4.5,14.4,82,Chennai
2015-10-04,31.5,25.7,8.5,13.7,81,Chennai
2015-10-05,30.7,25.4,4.0,13.4,83,Chennai
2015-10-06,32.0,24.5,1.4,12.8,79,Chennai
2015-10-07,32.3,25.3,5.5,11.5,81,Chennai
2015-10-08,33.2,25.8,5.9,14.6,79,Chennai
2015-10-09,32.7,26.5,2.9,14.2,80,Chennai
2015-10-10,32.9,25.6,12.9,17.8,79,Chennai
2015-10-11,32.0,25.7,3.6,10.9,80,Chennai
2015-10-12,33.0,25.6,1.2,12.3,81,Chennai
2015-10-13,32.5,25.2,0.0,11.6,80,Chennai
2015-10-14,32.7,23.6,0.0,10.8,79,Chennai
2015-10-15,31.8,23.2,0.0,10.8,77,Chennai
2015-10-16,31.3,24.4,0.0,13.2,77,Chennai
2015-10-17,31.1,24.0,0.4,14.2,79,Chennai
2015-10-18,31.9,24.6,0.9,15.5,78,Chennai
2015-10-19,31.9,25.3,0.4,15.3,79,Chennai
2015-10-20,31.9,24.9,0.3,12.3,77,Chennai
2015-10-21,32.5,25.0,0.0,12.6,75,Chennai
2015-10-22,32.5,23.2,0.0,13.8,73,Chennai
2015-10-23,31.0,23.1,1.3,15.7,79,Chennai
2015-10-24,32.1,24.9,0.0,15.7,70,Chennai
2015-10-25,30.8,24.8,0.8,17.9,72,Chennai
2015-10-26,31.9,25.0,0.1,19.0,71,Chennai
2015-10-27,30.4,24.9,3.1,18.8,78,Chennai
2015-10-28,29.8,24.0,12.3,12.7,85,Chennai
2015-10-29,28.6,24.3,3.8,18.1,85,Chennai
2015-10-30,27.7,24.8,14.3,11.3,89,Chennai
2015-10-31,27.8,24.1,13.7,7.6,91,Chennai
2015-11-01,29.9,24.4,18.8,14.0,89,Chennai
2015-11-02,28.5,23.9,5.8,10.5,87,Chennai
2015-11-03,30.3,24.0,10.3,10.5,85,Chennai
2015-11-04,30.6,24.9,6.9,13.3,85,Chennai
2015-11-05,29.5,24.1,2.7,11.4,85,Chennai
2015-11-06,29.7,24.3,2.4,19.8,85,Chennai
2015-11-07,28.4,24.4,7.3,18.9,86,Chennai
2015-11-08,26.0,24.5,51.8,37.1,93,Chennai
2015-11-09,26.1,24.9,80.8,46.5,92,Chennai
2015-11-10,27.0,24.4,1.8,31.8,79,Chennai
2015-11-11,28.2,24.4,14.0,18.6,90,Chennai
2015-11-12,28.0,24.3,16.0,15.5,89,Chennai
2015-11-13,27.9,24.4,22.6,21.9,84,Chennai
2015-11-14,29.2,24.7,5.1,25.3,78,Chennai
2015-11-15,25.8,24.7,47.1,29.3,91,Chennai
2015-11-16,25.7,24.8,115.7,29.9,93,Chennai
2015-11-17,26.3,22.4,0.0,14.4,86,Chennai
2015-11-18,28.5,23.0,10.4,9.8,86,Chennai
2015-11-19,27.6,24.0,30.8,14.1,92,Chennai
2015-11-20,28.0,24.0,13.6,13.8,91,Chennai
2015-11-21,28.3,23.9,6.7,16.9,89,Chennai
2015-11-22,27.3,24.4,19.2,17.8,91,Chennai
2015-11-23,28.5,24.1,14.6,14.7,90,Chennai
2015-11-24,28.9,23.4,1.4,17.8,86,Chennai
2015-11-25,28.9,23.2,0.9,19.2,80,Chennai
2015-11-26,28.5,24.0,2.8,19.2,79,Chennai
2015-11-27,28.7,22.9,0.0,13.3,78,Chennai
2015-11-28,28.5,21.7,0.4,19.0,78,Chennai
2015-11-29,27.5,24.3,17.5,16.1,90,Chennai
2015-11-30,26.6,24.3,12.5,24.5,91,Chennai
2015-12-01,25.5,24.1,48.8,27.5,93,Chennai
2015-12-02,24.8,24.0,57.9,17.4,94,Chennai
2015-12-03,26.4,24.1,22.9,23.7,88,Chennai
2015-12-04,27.9,23.5,9.3,26.2,86,Chennai
2015-12-05,28.2,24.4,10.2,24.5,85,Chennai
2015-12-06,26.6,24.2,19.8,19.7,88,Chennai
2015-12-07,28.2,24.9,0.0,25.6,76,Chennai
2015-12-08,28.1,24.3,1.9,26.1,76,Chennai
2015-12-09,27.1,23.8,17.8,17.4,89,Chennai
2015-12-10,28.2,23.5,1.6,20.6,83,Chennai
2015-12-11,28.3,24.0,1.6,10.1,86,Chennai
2015-12-12,29.1,23.3,0.0,11.2,81,Chennai
2015-12-13,28.9,22.0,0.0,9.5,76,Chennai
2015-12-14,28.4,21.8,0.0,11.3,82,Chennai
2015-12-15,27.9,21.5,0.0,9.8,79,Chennai
2015-12-16,28.4,19.7,0.0,10.0,75,Chennai
2015-12-17,28.3,21.0,0.0,11.9,76,Chennai
2015-12-18,29.0,21.0,0.0,11.2,77,Chennai
2015-12-19,28.8,22.8,0.3,15.3,81,Chennai
2015-12-20,28.5,22.0,0.0,14.2,81,Chennai
2015-12-21,28.5,20.7,0.0,10.4,79,Chennai
2015-12-22,28.8,21.1,0.0,10.8,80,Chennai
2015-12-23,28.8,23.0,0.0,11.4,79,Chennai
2015-12-24,28.8,21.8,0.0,12.7,81,Chennai
2015-12-25,28.7,21.7,0.0,15.6,80,Chennai
2015-12-26,27.4,22.9,1.6,25.1,83,Chennai
2015-12-27,28.0,24.2,0.7,29.6,77,Chennai
2015-12-28,27.9,23.1,0.0,21.3,71,Chennai
2015-12-29,28.1,22.4,0.0,19.8,74,Chennai
2015-12-30,28.0,22.2,0.0,16.3,77,Chennai
2015-12-31,28.2,20.8,0.0,20.1,75,Chennai
2016-01-01,28.2,23.0,0.0,23.2,70,Chennai
2016-01-02,28.2,22.1,0.0,18.7,76,Chennai
2016-01-03,28.9,19.2,0.0,11.9,78,Chennai
2016-01-04,28.9,19.9,0.0,15.3,77,Chennai
2016-01-05,28.1,21.7,0.0,15.4,76,Chennai
2016-01-06,28.1,22.3,0.0,18.7,73,Chennai
2016-01-07,28.0,21.8,0.0,18.8,70,Chennai
2016-01-08,27.9,21.6,0.0,18.7,70,Chennai
2016-01-09,28.0,19.4,0.0,12.2,75,Chennai
2016-01-10,27.9,18.8,0.0,11.8,73,Chennai
2016-01-11,28.0,18.3,0.0,12.3,73,Chennai
2016-01-12,28.3,19.1,0.0,12.1,72,Chennai
2016-01-13,28.3,19.2,0.0,11.3,72,Chennai
2016-01-14,28.2,20.4,0.0,14.6,70,Chennai
2016-01-15,27.8,21.1,0.0,15.6,65,Chennai
2016-01-16,27.6,18.8,0.0,12.8,70,Chennai
2016-01-17,28.1,21.0,0.0,12.3,69,Chennai
2016-01-18,28.1,20.3,0.0,14.1,69,Chennai
2016-01-19,29.1,22.1,0.0,14.6,68,Chennai
2016-01-20,27.5,23.3,0.0,11.9,74,Chennai
2016-01-21,29.0,24.2,0.0,14.7,74,Chennai
2016-01-22,28.3,23.2,1.0,15.9,78,Chennai
2016-01-23,27.9,22.9,3.3,18.8,84,Chennai
2016-01-24,28.5,23.3,1.1,20.3,80,Chennai
2016-01-25,29.0,22.8,0.0,13.6,75,Chennai
2016-01-26,29.3,22.6,0.0,14.4,75,Chennai
2016-01-27,29.5,22.2,0.0,12.6,73,Chennai
2016-01-28,30.1,20.7,0.0,12.2,76,Chennai
2016-01-29,30.1,20.8,0.0,11.3,78,Chennai
2016-01-30,29.8,20.0,0.0,12.4,78,Chennai
2016-01-31,29.6,20.6,0.0,10.5,78,Chennai
2016-02-01,29.8,19.5,0.0,10.5,78,Chennai
2016-02-02,30.1,18.6,0.0,9.1,76,Chennai
2016-02-03,30.0,19.4,0.0,8.4,79,Chennai
2016-02-04,30.0,19.1,0.0,13.0,78,Chennai
2016-02-05,29.8,22.5,0.0,12.7,74,Chennai
2016-02-06,29.2,22.2,0.0,13.4,72,Chennai
2016-02-07,30.1,22.2,0.0,16.7,70,Chennai
2016-02-08,30.1,22.4,0.0,14.4,73,Chennai
2016-02-09,30.5,21.3,0.0,13.7,76,Chennai
2016-02-10,31.1,20.3,0.0,15.1,77,Chennai
2016-02-11,31.1,20.6,0.0,16.4,75,Chennai
2016-02-12,30.8,21.2,0.0,13.8,76,Chennai
2016-02-13,30.8,21.7,0.0,14.9,77,Chennai
2016-02-14,29.5,22.3,0.0,13.7,73,Chennai
2016-02-15,29.8,21.6,0.0,16.0,72,Chennai
2016-02-16,30.4,22.9,0.0,18.4,72,Chennai
2016-02-17,29.7,23.9,0.0,18.8,70,Chennai
2016-02-18,31.0,24.0,0.0,16.8,68,Chennai
2016-02-19,31.0,21.9,0.0,14.5,74,Chennai
2016-02-20,32.1,22.9,0.0,14.9,76,Chennai
2016-02-21,32.6,23.5,0.0,17.8,78,Chennai
2016-02-22,32.4,23.4,0.0,18.4,77,Chennai
2016-02-23,31.4,22.4,0.0,18.1,73,Chennai
2016-02-24,31.7,22.5,0.0,17.9,67,Chennai
2016-02-25,31.6,22.8,0.0,19.2,74,Chennai
2016-02-26,30.5,24.7,0.0,19.3,75,Chennai
2016-02-27,31.1,23.3,0.0,15.8,73,Chennai
2016-02-28,31.5,25.1,0.1,16.3,75,Chennai
2016-02-29,31.1,24.8,0.0,16.6,74,Chennai
2016-03-01,31.5,23.8,0.0,16.2,72,Chennai
2016-03-02,31.0,23.9,0.0,14.4,73,Chennai
2016-03-03,30.6,23.0,0.0,16.7,72,Chennai
2016-03-04,31.4,21.2,0.0,13.7,72,Chennai
2016-03-05,31.8,22.8,0.0,15.2,72,Chennai
2016-03-06,31.3,23.5,0.0,17.0,72,Chennai
2016-03-07,31.5,23.7,0.0,14.1,70,Chennai
2016-03-08,31.6,23.7,0.0,16.1,70,Chennai
2016-03-09,32.0,22.0,0.0,15.9,71,Chennai
2016-03-10,32.5,23.1,0.0,15.5,71,Chennai
2016-03-11,33.4,23.2,0.0,17.1,72,Chennai
2016-03-12,33.1,22.8,0.0,19.4,74,Chennai
2016-03-13,34.2,24.9,0.0,22.8,73,Chennai
2016-03-14,33.1,25.9,0.0,24.5,72,Chennai
2016-03-15,32.8,25.3,0.0,21.5,70,Chennai
2016-03-16,33.7,25.3,0.0,22.1,71,Chennai
2016-03-17,33.0,26.0,0.0,18.6,74,Chennai
2016-03-18,33.3,24.1,0.0,18.9,74,Chennai
2016-03-19,34.6,23.6,0.0,20.5,74,Chennai
2016-03-20,35.6,24.8,0.0,19.9,73,Chennai
2016-03-21,35.8,24.9,0.0,20.9,68,Chennai
2016-03-22,36.3,26.4,0.0,20.8,71,Chennai
2016-03-23,36.3,26.9,0.0,20.4,73,Chennai
2016-03-24,34.8,26.1,0.0,17.8,75,Chennai
2016-03-25,33.8,24.8,0.0,19.7,73,Chennai
2016-03-26,34.1,25.1,0.0,16.6,72,Chennai
2016-03-27,33.0,24.0,0.0,19.1,72,Chennai
2016-03-28,33.0,24.3,0.0,15.5,70,Chennai
2016-03-29,33.2,24.5,0.2,17.2,75,Chennai
2016-03-30,34.0,25.7,0.0,17.7,73,Chennai
2016-03-31,34.0,26.0,0.0,18.6,71,Chennai
2016-04-01,34.7,25.9,0.0,20.1,70,Chennai
2016-04-02,34.7,25.9,0.0,20.4,71,Chennai
2016-04-03,35.3,26.3,0.0,19.2,72,Chennai
2016-04-04,35.0,25.8,0.0,19.9,73,Chennai
2016-04-05,35.4,26.1,0.0,18.9,70,Chennai
2016-04-06,34.4,25.9,1.0,19.0,74,Chennai
2016-04-07,34.3,26.7,1.0,20.7,75,Chennai
2016-04-08,33.0,27.6,0.9,17.6,73,Chennai
2016-04-09,33.9,26.5,0.0,17.8,71,Chennai
2016-04-10,35.0,25.9,0.0,18.2,72,Chennai
2016-04-11,35.5,25.4,0.0,21.4,74,Chennai
2016-04-12,35.8,26.5,0.0,24.2,75,Chennai
2016-04-13,37.3,28.3,0.0,21.9,73,Chennai
2016-04-14,37.0,28.5,0.0,25.1,72,Chennai
2016-04-15,35.6,28.4,0.0,20.0,74,Chennai
2016-04-16,35.5,27.9,0.0,24.3,75,Chennai
2016-04-17,35.3,27.9,0.0,22.6,75,Chennai
2016-04-18,35.2,27.7,0.0,21.9,74,Chennai
2016-04-19,34.8,27.9,0.0,22.5,72,Chennai
2016-04-20,36.1,27.5,0.0,21.9,70,Chennai
2016-04-21,36.8,28.5,0.0,24.5,73,Chennai
2016-04-22,38.6,28.4,0.0,23.8,69,Chennai
2016-04-23,38.5,29.1,0.0,23.3,67,Chennai
2016-04-24,38.1,29.4,0.0,25.6,69,Chennai
2016-04-25,36.7,29.2,0.0,23.1,70,Chennai
2016-04-26,35.0,28.4,0.0,21.3,72,Chennai
2016-04-27,34.8,27.5,0.0,17.9,74,Chennai
2016-04-28,36.2,27.9,0.0,20.8,74,Chennai
2016-04-29,36.7,27.7,0.0,19.1,73,Chennai
2016-04-30,36.5,27.5,0.0,21.7,73,Chennai
2016-05-01,37.3,27.6,0.0,22.5,71,Chennai
2016-05-02,37.5,27.5,0.0,24.0,69,Chennai
2016-05-03,36.6,28.6,0.0,22.6,72,Chennai
2016-05-04,36.0,28.7,0.0,22.4,71,Chennai
2016-05-05,35.9,28.3,0.0,21.8,71,Chennai
2016-05-06,35.3,28.1,0.4,16.1,71,Chennai
2016-05-07,35.2,28.2,0.0,19.1,69,Chennai
2016-05-08,36.2,28.5,0.0,18.2,68,Chennai
2016-05-09,35.4,28.4,0.0,17.1,72,Chennai
2016-05-10,35.6,27.5,0.0,17.3,72,Chennai
2016-05-11,34.9,28.6,0.8,16.0,72,Chennai
2016-05-12,36.7,27.9,0.5,24.2,70,Chennai
2016-05-13,37.4,28.1,0.0,21.3,66,Chennai
2016-05-14,36.3,28.2,0.0,23.2,70,Chennai
2016-05-15,35.1,28.4,0.2,16.1,70,Chennai
2016-05-16,31.5,26.1,14.0,23.5,81,Chennai
2016-05-17,27.2,26.0,136.4,33.8,94,Chennai
2016-05-18,27.4,25.7,123.1,34.1,89,Chennai
2016-05-19,32.7,25.5,13.9,29.1,81,Chennai
2016-05-20,33.8,27.3,0.0,26.4,69,Chennai
2016-05-21,35.4,28.2,0.0,21.5,71,Chennai
2016-05-22,35.9,28.4,0.0,21.4,68,Chennai
2016-05-23,36.2,28.7,0.0,22.4,70,Chennai
2016-05-24,36.1,28.3,0.0,26.0,71,Chennai
2016-05-25,36.5,28.7,0.0,23.5,70,Chennai
2016-05-26,36.3,28.9,0.0,19.2,69,Chennai
2016-05-27,35.2,28.4,0.7,24.2,73,Chennai
2016-05-28,36.2,27.8,0.0,21.3,68,Chennai
2016-05-29,34.9,27.6,0.0,17.3,69,Chennai
2016-05-30,35.7,28.3,0.0,20.7,68,Chennai
2016-05-31,35.1,28.3,0.0,19.7,67,Chennai
2016-06-01,36.1,28.4,0.4,19.7,68,Chennai
2016-06-02,34.9,27.9,1.1,15.0,72,Chennai
2016-06-03,34.8,28.1,0.6,19.3,74,Chennai
2016-06-04,33.4,27.7,0.9,17.7,76,Chennai
2016-06-05,34.5,25.9,19.8,14.7,79,Chennai
2016-06-06,32.6,26.8,2.5,17.7,80,Chennai
2016-06-07,32.0,26.2,22.5,17.4,82,Chennai
2016-06-08,31.4,26.1,14.9,16.8,85,Chennai
2016-06-09,32.8,27.5,0.0,23.6,77,Chennai
2016-06-10,33.1,27.7,0.0,21.2,72,Chennai
2016-06-11,34.2,27.9,0.0,19.5,65,Chennai
2016-06-12,34.9,27.7,1.1,21.3,65,Chennai
2016-06-13,34.6,27.4,3.7,19.5,68,Chennai
2016-06-14,34.9,27.6,2.2,15.9,66,Chennai
2016-06-15,34.5,28.3,0.0,18.7,62,Chennai
2016-06-16,35.0,28.5,0.0,18.3,61,Chennai
2016-06-17,33.7,27.5,0.3,16.4,64,Chennai
2016-06-18,33.3,27.2,1.6,15.8,68,Chennai
2016-06-19,33.4,26.0,11.2,16.6,76,Chennai
2016-06-20,31.4,26.1,9.9,15.3,80,Chennai
2016-06-21,31.8,25.8,10.9,17.9,84,Chennai
2016-06-22,31.3,25.1,10.7,16.7,81,Chennai
2016-06-23,30.0,25.9,2.6,19.4,81,Chennai
2016-06-24,31.7,25.9,3.4,14.5,75,Chennai
2016-06-25,32.9,26.1,1.1,19.1,67,Chennai
2016-06-26,30.5,26.7,0.0,15.5,70,Chennai
2016-06-27,31.9,26.4,2.3,13.4,76,Chennai
2016-06-28,28.5,26.1,11.9,18.6,80,Chennai
2016-06-29,29.0,25.3,8.0,21.4,83,Chennai
2016-06-30,31.8,25.0,1.8,20.4,73,Chennai
2016-07-01,33.4,26.6,0.0,22.8,64,Chennai
2016-07-02,33.3,27.2,0.0,20.6,62,Chennai
2016-07-03,33.4,27.0,0.0,18.8,67,Chennai
2016-07-04,33.7,26.5,2.9,18.8,70,Chennai
2016-07-05,31.6,26.6,1.3,16.6,73,Chennai
2016-07-06,33.0,27.3,0.5,18.7,71,Chennai
2016-07-07,32.1,26.3,0.9,17.7,73,Chennai
2016-07-08,33.7,27.3,0.8,20.5,68,Chennai
2016-07-09,34.1,27.5,0.0,25.3,59,Chennai
2016-07-10,34.3,27.5,0.0,23.0,56,Chennai
2016-07-11,34.6,27.9,0.0,23.7,54,Chennai
2016-07-12,34.3,27.8,0.0,20.5,55,Chennai
2016-07-13,35.3,27.2,0.0,18.4,56,Chennai
2016-07-14,34.9,28.0,0.0,19.2,65,Chennai
2016-07-15,33.4,26.8,5.2,21.4,75,Chennai
2016-07-16,33.2,26.5,3.8,17.1,76,Chennai
2016-07-17,32.4,25.9,6.6,16.9,81,Chennai
2016-07-18,33.2,25.6,11.7,17.2,78,Chennai
2016-07-19,28.8,25.3,10.1,13.4,86,Chennai
2016-07-20,30.5,25.6,4.9,14.0,80,Chennai
2016-07-21,31.3,25.2,5.3,17.4,75,Chennai
2016-07-22,30.4,24.7,37.3,17.9,81,Chennai
2016-07-23,30.0,25.1,3.6,14.8,80,Chennai
2016-07-24,31.4,25.2,18.7,16.9,80,Chennai
2016-07-25,31.0,25.2,8.4,16.9,82,Chennai
2016-07-26,30.4,24.9,6.4,17.1,83,Chennai
2016-07-27,31.3,25.8,0.3,16.6,82,Chennai
2016-07-28,31.2,24.7,6.7,15.9,82,Chennai
2016-07-29,30.7,25.3,15.7,15.0,85,Chennai
2016-07-30,30.2,26.2,1.9,16.3,77,Chennai
2016-07-31,32.0,24.9,6.0,15.6,77,Chennai
2016-08-01,31.1,26.5,0.0,24.5,69,Chennai
2016-08-02,32.1,26.0,0.0,25.8,61,Chennai
2016-08-03,33.2,26.7,0.0,26.0,58,Chennai
2016-08-04,33.2,27.0,0.0,21.8,61,Chennai
2016-08-05,31.8,27.0,0.4,19.5,64,Chennai
2016-08-06,33.9,27.1,0.0,19.5,62,Chennai
2016-08-07,34.5,27.1,0.2,16.4,64,Chennai
2016-08-08,34.2,26.7,0.0,17.3,67,Chennai
2016-08-09,34.1,27.6,0.0,20.4,68,Chennai
2016-08-10,34.3,27.5,0.0,21.2,65,Chennai
2016-08-11,34.4,27.5,0.0,20.3,66,Chennai
2016-08-12,34.7,26.8,1.7,17.0,69,Chennai
2016-08-13,34.1,27.6,1.0,20.7,68,Chennai
2016-08-14,34.6,27.4,0.0,18.5,63,Chennai
2016-08-15,35.3,27.7,0.0,19.1,54,Chennai
2016-08-16,35.6,27.9,0.0,22.2,51,Chennai
2016-08-17,35.2,27.7,0.0,21.9,52,Chennai
2016-08-18,35.2,28.1,0.0,19.1,57,Chennai
2016-08-19,35.2,27.9,0.0,16.7,62,Chennai
2016-08-20,34.2,27.9,0.0,19.6,67,Chennai
2016-08-21,34.7,28.0,0.0,17.8,69,Chennai
2016-08-22,34.9,27.6,0.4,18.4,70,Chennai
2016-08-23,34.4,27.9,0.1,18.4,67,Chennai
2016-08-24,35.3,27.7,2.0,22.6,67,Chennai
2016-08-25,32.4,27.2,4.1,23.1,73,Chennai
2016-08-26,31.0,26.1,6.1,14.7,81,Chennai
2016-08-27,29.4,25.9,7.9,17.9,85,Chennai
2016-08-28,32.2,25.9,0.4,18.9,76,Chennai
2016-08-29,32.4,26.9,2.5,19.6,74,Chennai
2016-08-30,31.8,26.3,4.8,20.1,79,Chennai
2016-08-31,30.2,25.0,7.1,17.3,85,Chennai
2016-09-01,32.7,25.9,6.9,16.1,78,Chennai
2016-09-02,32.8,25.2,5.1,16.5,81,Chennai
2016-09-03,32.9,26.7,1.8,17.5,73,Chennai
2016-09-04,32.3,26.0,0.5,17.7,77,Chennai
2016-09-05,33.6,27.0,0.0,16.1,66,Chennai
2016-09-06,33.6,27.2,0.0,17.3,63,Chennai
2016-09-07,33.6,27.2,0.0,16.9,62,Chennai
2016-09-08,33.1,26.4,0.0,15.0,67,Chennai
2016-09-09,34.2,26.7,0.0,16.8,72,Chennai
2016-09-10,34.6,26.0,5.9,18.1,70,Chennai
2016-09-11,31.9,26.1,1.4,11.3,78,Chennai
2016-09-12,32.3,25.7,1.5,12.8,72,Chennai
2016-09-13,31.8,26.2,1.1,12.3,73,Chennai
2016-09-14,31.0,26.8,0.9,15.0,77,Chennai
2016-09-15,33.4,26.6,2.9,24.2,74,Chennai
2016-09-16,33.4,26.5,2.5,18.7,75,Chennai
2016-09-17,33.0,26.7,1.4,18.9,75,Chennai
2016-09-18,33.1,26.8,0.0,15.8,70,Chennai
2016-09-19,33.7,26.7,0.5,12.7,71,Chennai
2016-09-20,31.3,27.3,0.0,13.8,68,Chennai
2016-09-21,29.9,24.9,4.8,18.0,73,Chennai
2016-09-22,34.1,25.0,4.9,20.8,70,Chennai
2016-09-23,33.6,26.7,0.3,17.3,64,Chennai
2016-09-24,34.6,26.6,1.9,19.4,71,Chennai
2016-09-25,33.6,27.2,0.1,16.9,65,Chennai
2016-09-26,33.0,27.5,0.0,14.8,70,Chennai
2016-09-27,32.0,26.8,14.8,18.0,80,Chennai
2016-09-28,31.7,25.6,15.8,18.2,83,Chennai
2016-09-29,33.0,26.1,9.8,21.3,82,Chennai
2016-09-30,33.0,26.0,0.4,17.2,78,Chennai
2016-10-01,32.1,26.7,0.0,14.0,76,Chennai
2016-10-02,32.1,26.6,0.3,16.9,78,Chennai
2016-10-03,31.7,26.1,0.4,15.2,80,Chennai
2016-10-04,31.8,26.3,4.1,13.9,82,Chennai
2016-10-05,33.6,26.3,0.8,14.7,75,Chennai
2016-10-06,33.5,27.1,0.1,13.9,72,Chennai
2016-10-07,33.1,26.5,2.0,15.8,75,Chennai
2016-10-08,34.0,27.6,0.0,18.4,71,Chennai
2016-10-09,33.7,26.5,0.0,17.8,70,Chennai
2016-10-10,34.5,27.3,1.3,16.3,71,Chennai
2016-10-11,33.7,26.9,4.1,16.1,73,Chennai
2016-10-12,34.0,26.9,0.7,15.3,73,Chennai
2016-10-13,33.1,26.5,0.0,10.5,73,Chennai
2016-10-14,32.6,24.9,0.0,12.2,74,Chennai
2016-10-15,32.2,24.7,0.2,15.3,73,Chennai
2016-10-16,32.7,23.9,0.0,14.7,71,Chennai
2016-10-17,32.5,23.4,0.0,13.8,71,Chennai
2016-10-18,33.1,23.3,0.0,14.3,69,Chennai
2016-10-19,33.4,23.8,0.0,15.5,70,Chennai
2016-10-20,33.0,24.6,0.0,13.5,71,Chennai
2016-10-21,33.3,24.3,0.0,13.9,67,Chennai
2016-10-22,33.3,25.1,0.0,14.1,66,Chennai
2016-10-23,33.3,23.9,0.0,13.4,66,Chennai
2016-10-24,34.0,23.4,0.0,16.4,61,Chennai
2016-10-25,34.2,23.4,0.0,14.7,59,Chennai
2016-10-26,33.6,22.9,0.0,15.3,62,Chennai
2016-10-27,33.2,23.4,0.0,16.0,61,Chennai
2016-10-28,32.2,25.1,3.2,13.3,63,Chennai
2016-10-29,30.7,23.4,14.5,13.9,83,Chennai
2016-10-30,28.5,24.8,9.5,14.1,87,Chennai
2016-10-31,28.9,24.3,4.9,14.9,83,Chennai
2016-11-01,29.7,24.7,3.4,20.0,85,Chennai
2016-11-02,28.8,24.5,4.1,18.8,86,Chennai
2016-11-03,30.6,24.5,5.5,24.4,84,Chennai
2016-11-04,32.8,24.8,0.0,15.5,75,Chennai
2016-11-05,32.2,24.3,0.0,13.7,74,Chennai
2016-11-06,31.4,23.6,0.0,10.6,74,Chennai
2016-11-07,31.3,24.0,0.7,14.8,78,Chennai
2016-11-08,30.7,23.7,0.4,17.9,71,Chennai
2016-11-09,30.3,21.3,0.0,19.3,60,Chennai
2016-11-10,30.1,21.2,0.0,15.1,65,Chennai
2016-11-11,29.9,22.1,0.0,14.5,68,Chennai
2016-11-12,30.7,22.5,0.0,19.0,74,Chennai
2016-11-13,29.1,24.3,12.4,16.4,86,Chennai
2016-11-14,30.5,24.4,0.9,15.4,82,Chennai
2016-11-15,30.7,24.0,0.2,14.0,81,Chennai
2016-11-16,30.3,25.4,0.7,21.8,78,Chennai
2016-11-17,30.1,25.3,0.9,24.8,75,Chennai
2016-11-18,29.9,24.9,0.0,27.2,70,Chennai
2016-11-19,29.3,23.5,0.0,23.8,70,Chennai
2016-11-20,29.4,24.2,0.0,22.5,70,Chennai
2016-11-21,29.8,24.0,0.0,20.5,69,Chennai
2016-11-22,29.5,22.5,0.0,19.6,70,Chennai
2016-11-23,30.1,21.6,0.0,17.6,69,Chennai
2016-11-24,29.2,22.1,0.0,20.2,66,Chennai
2016-11-25,29.3,22.2,0.0,23.3,67,Chennai
2016-11-26,30.0,22.4,0.0,18.2,66,Chennai
2016-11-27,30.7,17.8,0.0,15.3,73,Chennai
2016-11-28,30.3,18.7,0.0,10.7,76,Chennai
2016-11-29,29.9,19.1,0.0,12.9,76,Chennai
2016-11-30,29.7,19.9,0.0,26.3,74,Chennai
2016-12-01,25.1,24.4,30.4,31.0,87,Chennai
2016-12-02,26.9,24.0,10.3,23.0,86,Chennai
2016-12-03,29.1,23.6,2.8,13.7,85,Chennai
2016-12-04,27.9,23.8,4.1,15.1,89,Chennai
2016-12-05,28.9,23.6,0.3,22.3,81,Chennai
2016-12-06,28.7,23.0,0.0,24.2,66,Chennai
2016-12-07,28.1,23.1,0.6,19.5,77,Chennai
2016-12-08,29.1,23.6,0.0,21.3,77,Chennai
2016-12-09,29.5,20.9,0.0,17.2,73,Chennai
2016-12-10,29.3,19.8,0.0,20.2,70,Chennai
2016-12-11,29.5,22.5,6.7,28.1,66,Chennai
2016-12-12,24.4,21.5,146.3,65.2,88,Chennai
2016-12-13,28.4,24.1,8.9,36.2,83,Chennai
2016-12-14,28.7,22.9,0.0,12.5,82,Chennai
2016-12-15,28.3,21.7,0.7,13.1,85,Chennai
2016-12-16,28.2,23.5,1.1,19.2,80,Chennai
2016-12-17,28.0,22.0,0.0,17.8,79,Chennai
2016-12-18,27.6,20.4,0.0,19.2,80,Chennai
2016-12-19,27.4,21.3,0.0,24.2,76,Chennai
2016-12-20,27.8,22.0,0.0,19.8,79,Chennai
2016-12-21,28.4,22.4,0.0,15.5,80,Chennai
2016-12-22,28.8,18.9,0.0,14.3,76,Chennai
2016-12-23,28.3,17.6,0.0,9.8,75,Chennai
2016-12-24,27.2,16.7,0.0,10.8,76,Chennai
2016-12-25,26.8,19.9,0.0,11.5,72,Chennai
2016-12-26,27.3,19.0,0.0,18.7,76,Chennai
2016-12-27,28.4,21.7,0.0,21.1,77,Chennai
2016-12-28,28.3,24.0,0.0,21.6,72,Chennai
2016-12-29,28.0,22.4,0.0,20.6,71,Chennai
2016-12-30,28.2,21.4,0.0,16.4,69,Chennai
2016-12-31,28.0,20.8,0.0,16.0,71,Chennai
2017-01-01,28.2,21.7,2.1,18.4,76,Chennai
2017-01-02,28.6,22.7,0.1,16.4,76,Chennai
2017-01-03,28.2,21.2,0.0,16.1,76,Chennai
2017-01-04,28.3,20.3,0.0,16.2,76,Chennai
2017-01-05,28.3,21.4,0.0,16.6,74,Chennai
2017-01-06,28.0,20.9,0.3,15.9,74,Chennai
2017-01-07,28.2,21.4,0.0,15.6,65,Chennai
2017-01-08,27.7,21.2,0.0,13.9,64,Chennai
2017-01-09,27.6,20.4,0.0,13.0,69,Chennai
2017-01-10,28.0,20.1,0.0,13.8,68,Chennai
2017-01-11,28.9,20.2,0.0,12.0,75,Chennai
2017-01-12,27.7,21.0,0.1,13.0,76,Chennai
2017-01-13,27.9,21.8,0.0,14.3,72,Chennai
2017-01-14,28.2,23.7,0.0,15.2,68,Chennai
2017-01-15,28.1,22.7,0.0,17.3,67,Chennai
2017-01-16,27.9,22.2,0.0,15.8,66,Chennai
2017-01-17,28.0,19.7,0.0,16.4,67,Chennai
2017-01-18,27.7,22.1,0.0,19.4,60,Chennai
2017-01-19,27.9,24.5,0.3,22.9,56,Chennai
2017-01-20,28.5,24.3,0.5,25.5,67,Chennai
2017-01-21,29.1,24.9,0.6,23.0,72,Chennai
2017-01-22,29.0,24.1,0.0,19.9,71,Chennai
2017-01-23,29.0,22.5,0.0,21.7,73,Chennai
2017-01-24,28.6,22.5,0.0,22.0,72,Chennai
2017-01-25,28.8,24.8,0.0,21.2,65,Chennai
2017-01-26,28.2,24.8,2.7,20.8,75,Chennai
2017-01-27,27.2,24.3,4.9,15.1,85,Chennai
2017-01-28,28.7,23.6,2.7,20.1,82,Chennai
2017-01-29,28.8,23.7,0.3,20.4,81,Chennai
2017-01-30,28.3,22.4,0.0,12.4,76,Chennai
2017-01-31,28.3,22.2,0.0,13.7,74,Chennai
2017-02-01,28.1,21.0,0.0,12.4,75,Chennai
2017-02-02,27.9,20.7,0.0,12.8,75,Chennai
2017-02-03,28.2,21.6,0.0,15.6,73,Chennai
2017-02-04,28.2,21.5,0.2,13.3,70,Chennai
2017-02-05,28.0,21.7,0.0,11.9,62,Chennai
2017-02-06,29.5,19.0,0.0,12.2,63,Chennai
2017-02-07,29.1,19.4,0.0,14.0,73,Chennai
2017-02-08,29.7,18.5,0.0,13.0,70,Chennai
2017-02-09,29.2,19.7,0.0,13.4,72,Chennai
2017-02-10,28.5,19.1,0.0,13.8,68,Chennai
2017-02-11,28.0,20.1,0.0,13.7,65,Chennai
2017-02-12,27.8,20.5,0.2,16.6,63,Chennai
2017-02-13,29.5,23.4,0.0,20.9,64,Chennai
2017-02-14,29.6,25.1,0.0,21.3,69,Chennai
2017-02-15,29.4,22.6,0.0,19.6,71,Chennai
2017-02-16,29.1,22.9,0.0,16.8,63,Chennai
2017-02-17,29.0,21.3,0.0,14.7,67,Chennai
2017-02-18,28.8,20.2,0.0,13.8,70,Chennai
2017-02-19,29.2,19.9,0.0,13.5,74,Chennai
2017-02-20,31.0,20.6,0.0,16.4,77,Chennai
2017-02-21,31.3,21.9,0.0,20.3,78,Chennai
2017-02-22,30.5,21.5,0.0,19.0,81,Chennai
2017-02-23,30.5,23.5,0.0,17.3,77,Chennai
2017-02-24,29.7,22.6,0.0,15.1,79,Chennai
2017-02-25,29.3,21.5,0.0,14.4,79,Chennai
2017-02-26,29.8,22.4,0.0,16.0,78,Chennai
2017-02-27,29.5,22.5,0.0,14.4,74,Chennai
2017-02-28,30.0,21.9,0.0,15.7,75,Chennai
2017-03-01,29.8,21.1,0.0,15.4,76,Chennai
2017-03-02,30.0,21.2,0.0,15.2,77,Chennai
2017-03-03,30.1,22.4,0.0,15.1,71,Chennai
2017-03-04,29.6,25.7,1.1,19.9,78,Chennai
2017-03-05,30.7,25.3,0.3,18.9,80,Chennai
2017-03-06,31.2,25.7,1.3,23.2,81,Chennai
2017-03-07,30.6,25.7,0.9,25.5,82,Chennai
2017-03-08,30.8,25.8,1.1,23.7,81,Chennai
2017-03-09,30.6,26.3,4.6,24.7,81,Chennai
2017-03-10,31.5,26.5,0.6,24.1,79,Chennai
2017-03-11,31.5,26.6,7.0,23.4,81,Chennai
2017-03-12,31.9,26.5,0.3,21.9,79,Chennai
2017-03-13,31.1,26.2,0.7,21.0,81,Chennai
2017-03-14,29.6,25.9,2.1,18.2,81,Chennai
2017-03-15,31.2,26.1,1.0,17.7,77,Chennai
2017-03-16,30.7,25.5,0.3,17.0,75,Chennai
2017-03-17,31.7,24.6,0.0,22.0,74,Chennai
2017-03-18,31.6,25.1,0.0,24.7,76,Chennai
2017-03-19,32.2,25.0,0.0,25.0,78,Chennai
2017-03-20,32.9,26.1,0.6,25.8,78,Chennai
2017-03-21,32.8,26.4,0.0,21.2,79,Chennai
2017-03-22,31.9,25.5,0.0,15.6,76,Chennai
2017-03-23,31.9,24.3,0.0,17.6,73,Chennai
2017-03-24,31.9,23.7,0.0,17.4,71,Chennai
2017-03-25,31.7,23.1,0.0,17.8,75,Chennai
2017-03-26,31.4,23.7,0.0,17.6,75,Chennai
2017-03-27,32.2,23.0,0.0,22.9,72,Chennai
2017-03-28,32.4,25.3,0.0,20.3,73,Chennai
2017-03-29,32.6,24.6,0.0,21.5,75,Chennai
2017-03-30,33.2,25.9,0.0,19.9,75,Chennai
2017-03-31,32.7,26.8,0.0,21.9,75,Chennai
2017-04-01,33.6,24.8,0.0,25.3,78,Chennai
2017-04-02,33.8,25.9,0.0,26.2,76,Chennai
2017-04-03,33.3,27.1,0.0,25.3,76,Chennai
2017-04-04,32.3,27.3,0.5,25.0,78,Chennai
2017-04-05,33.2,27.5,0.7,24.5,79,Chennai
2017-04-06,33.4,27.1,0.0,25.1,78,Chennai
2017-04-07,34.1,26.4,0.0,24.2,79,Chennai
2017-04-08,33.0,26.4,0.0,26.1,79,Chennai
2017-04-09,33.1,26.3,0.1,25.6,79,Chennai
2017-04-10,34.7,26.7,0.0,26.3,78,Chennai
2017-04-11,33.9,27.3,0.0,21.2,77,Chennai
2017-04-12,33.4,26.9,0.0,17.7,78,Chennai
2017-04-13,32.9,26.3,0.0,17.6,78,Chennai
2017-04-14,33.0,25.3,0.0,16.9,77,Chennai
2017-04-15,33.4,24.0,0.0,16.8,77,Chennai
2017-04-16,36.4,25.9,0.0,24.1,77,Chennai
2017-04-17,36.3,27.1,0.0,25.8,74,Chennai
2017-04-18,35.0,28.3,0.0,27.9,75,Chennai
2017-04-19,34.7,27.5,0.0,28.1,76,Chennai
2017-04-20,34.5,27.5,0.0,30.6,75,Chennai
2017-04-21,35.1,28.1,0.0,25.8,71,Chennai
2017-04-22,35.1,27.9,0.0,23.7,75,Chennai
2017-04-23,35.0,28.4,0.0,22.1,77,Chennai
2017-04-24,34.4,28.3,0.0,25.0,79,Chennai
2017-04-25,34.1,28.2,0.0,23.6,79,Chennai
2017-04-26,34.5,27.8,0.0,24.3,80,Chennai
2017-04-27,34.7,27.2,0.0,25.0,78,Chennai
2017-04-28,34.1,27.6,0.0,26.4,76,Chennai
2017-04-29,33.9,27.6,0.0,26.1,75,Chennai
2017-04-30,33.9,27.2,0.0,24.3,77,Chennai
2017-05-01,33.2,27.7,0.9,24.1,74,Chennai
2017-05-02,32.9,27.4,0.1,21.0,76,Chennai
2017-05-03,32.5,27.0,0.7,23.8,78,Chennai
2017-05-04,33.7,27.1,0.2,26.2,76,Chennai
2017-05-05,33.7,27.3,0.0,27.4,77,Chennai
2017-05-06,34.0,28.3,0.2,27.9,75,Chennai
2017-05-07,33.9,28.6,0.3,24.4,75,Chennai
2017-05-08,34.6,27.9,0.0,24.2,73,Chennai
2017-05-09,34.8,28.6,0.0,26.6,74,Chennai
2017-05-10,31.9,28.0,0.5,20.6,78,Chennai
2017-05-11,33.1,27.5,1.4,21.0,77,Chennai
2017-05-12,32.3,28.2,1.4,19.1,77,Chennai
2017-05-13,33.8,27.4,0.5,23.0,77,Chennai
2017-05-14,35.4,28.1,0.0,22.9,77,Chennai
2017-05-15,36.9,28.7,0.0,19.4,68,Chennai
2017-05-16,37.6,28.7,0.0,23.1,66,Chennai
2017-05-17,40.3,30.1,0.0,26.9,61,Chennai
2017-05-18,41.2,30.5,0.0,20.3,56,Chennai
2017-05-19,39.3,30.0,0.1,20.5,55,Chennai
2017-05-20,38.2,29.1,0.0,21.6,62,Chennai
2017-05-21,35.5,29.4,0.0,19.1,63,Chennai
2017-05-22,35.5,28.9,0.0,21.7,74,Chennai
2017-05-23,36.2,28.1,0.0,17.1,68,Chennai
2017-05-24,36.9,29.3,0.0,21.1,75,Chennai
2017-05-25,35.7,29.0,0.0,17.5,74,Chennai
2017-05-26,37.9,29.1,0.9,19.7,71,Chennai
2017-05-27,37.4,28.4,0.0,17.7,68,Chennai
2017-05-28,39.2,28.5,0.4,22.4,63,Chennai
2017-05-29,39.5,30.7,0.2,22.6,50,Chennai
2017-05-30,40.2,30.3,0.0,22.5,54,Chennai
2017-05-31,37.3,29.9,0.0,22.9,60,Chennai
2017-06-01,36.4,28.5,0.0,22.0,66,Chennai
2017-06-02,34.0,28.4,0.0,22.6,75,Chennai
2017-06-03,36.6,28.7,0.5,25.0,70,Chennai
2017-06-04,38.2,30.1,0.0,19.9,59,Chennai
2017-06-05,38.4,29.2,0.6,21.9,62,Chennai
2017-06-06,37.0,28.5,10.5,18.8,67,Chennai
2017-06-07,32.5,26.8,0.0,19.7,67,Chennai
2017-06-08,32.6,28.0,0.3,18.7,60,Chennai
2017-06-09,35.6,28.4,0.0,22.3,55,Chennai
2017-06-10,36.0,29.2,1.0,23.7,54,Chennai
2017-06-11,35.9,29.1,0.2,26.2,58,Chennai
2017-06-12,36.4,28.8,0.1,23.5,60,Chennai
2017-06-13,35.3,28.6,0.6,24.0,69,Chennai
2017-06-14,36.4,28.7,0.3,25.8,71,Chennai
2017-06-15,34.2,28.2,0.5,21.6,75,Chennai
2017-06-16,32.3,27.9,1.9,16.6,77,Chennai
2017-06-17,34.5,27.2,0.6,21.1,77,Chennai
2017-06-18,34.6,28.0,0.3,22.0,75,Chennai
2017-06-19,34.9,27.0,6.0,16.2,74,Chennai
2017-06-20,31.2,25.9,5.4,16.2,78,Chennai
2017-06-21,34.6,27.3,0.3,18.4,71,Chennai
2017-06-22,34.4,27.7,0.0,17.7,67,Chennai
2017-06-23,35.0,28.1,6.1,19.2,68,Chennai
2017-06-24,32.0,26.1,0.8,20.4,73,Chennai
2017-06-25,33.7,27.3,0.2,20.4,67,Chennai
2017-06-26,34.6,28.5,0.9,21.0,58,Chennai
2017-06-27,34.4,28.6,0.0,25.4,56,Chennai
2017-06-28,34.3,28.4,0.1,27.0,57,Chennai
2017-06-29,36.4,29.1,0.0,20.9,56,Chennai
2017-06-30,36.5,28.6,1.2,18.4,60,Chennai
2017-07-01,35.4,26.7,2.1,21.3,64,Chennai
2017-07-02,36.0,28.5,0.0,20.7,65,Chennai
2017-07-03,35.9,28.7,1.4,16.3,64,Chennai
2017-07-04,35.8,28.3,0.0,16.6,63,Chennai
2017-07-05,37.1,28.0,0.0,17.7,59,Chennai
2017-07-06,36.4,28.9,0.1,15.9,59,Chennai
2017-07-07,33.6,25.9,0.0,19.2,67,Chennai
2017-07-08,33.2,27.1,1.0,16.0,72,Chennai
2017-07-09,35.1,27.3,5.5,19.1,70,Chennai
2017-07-10,33.7,26.1,0.1,17.6,75,Chennai
2017-07-11,35.0,27.8,0.9,18.6,69,Chennai
2017-07-12,29.7,25.0,11.3,17.9,78,Chennai
2017-07-13,32.0,26.2,0.1,14.5,70,Chennai
2017-07-14,33.1,27.1,0.0,20.0,60,Chennai
2017-07-15,34.4,27.6,0.0,20.8,63,Chennai
2017-07-16,34.8,27.1,0.0,18.6,63,Chennai
2017-07-17,35.2,28.2,0.5,22.3,60,Chennai
2017-07-18,34.0,28.2,0.7,18.5,60,Chennai
2017-07-19,35.2,28.0,0.7,22.7,61,Chennai
2017-07-20,35.3,27.9,0.0,24.4,63,Chennai
2017-07-21,36.5,28.2,0.0,24.6,56,Chennai
2017-07-22,35.9,28.6,0.0,19.9,63,Chennai
2017-07-23,36.5,28.6,0.2,19.1,66,Chennai
2017-07-24,35.5,28.4,0.1,18.8,63,Chennai
2017-07-25,36.2,28.3,0.1,18.4,63,Chennai
2017-07-26,35.0,28.0,1.1,21.1,69,Chennai
2017-07-27,35.0,27.1,1.1,20.9,68,Chennai
2017-07-28,35.4,26.4,8.5,20.5,69,Chennai
2017-07-29,32.4,25.0,12.8,13.3,77,Chennai
2017-07-30,34.4,26.2,7.8,16.2,77,Chennai
2017-07-31,32.2,25.2,9.7,19.9,79,Chennai
2017-08-01,34.4,26.1,11.2,19.5,76,Chennai
2017-08-02,34.0,25.6,0.9,15.5,77,Chennai
2017-08-03,35.4,27.1,2.8,16.8,71,Chennai
2017-08-04,35.5,27.8,0.8,21.3,63,Chennai
2017-08-05,34.8,27.3,2.7,19.6,70,Chennai
2017-08-06,34.0,26.6,3.5,16.4,70,Chennai
2017-08-07,31.7,27.1,4.5,16.7,75,Chennai
2017-08-08,33.6,25.4,10.8,14.2,78,Chennai
2017-08-09,32.2,25.5,11.7,15.6,82,Chennai
2017-08-10,31.1,25.2,14.7,16.1,83,Chennai
2017-08-11,31.7,26.0,5.5,13.6,82,Chennai
2017-08-12,32.2,25.9,16.3,13.8,81,Chennai
2017-08-13,32.3,25.1,21.9,18.7,84,Chennai
2017-08-14,31.4,25.1,4.9,12.8,84,Chennai
2017-08-15,31.0,25.0,11.9,16.3,82,Chennai
2017-08-16,33.0,26.0,0.8,18.0,78,Chennai
2017-08-17,31.8,25.8,10.2,15.0,79,Chennai
2017-08-18,29.1,25.4,25.6,17.9,86,Chennai
2017-08-19,32.4,25.5,1.7,17.9,76,Chennai
2017-08-20,31.8,25.7,0.0,17.8,75,Chennai
2017-08-21,32.0,25.7,9.7,15.6,77,Chennai
2017-08-22,31.4,25.4,5.7,15.9,81,Chennai
2017-08-23,32.3,26.3,9.4,13.3,77,Chennai
2017-08-24,31.5,25.8,12.0,9.5,81,Chennai
2017-08-25,30.1,24.9,15.8,13.7,84,Chennai
2017-08-26,33.2,26.2,4.8,18.6,77,Chennai
2017-08-27,30.2,25.8,17.4,16.4,85,Chennai
2017-08-28,30.9,26.0,1.0,19.3,76,Chennai
2017-08-29,32.2,27.1,1.1,22.1,72,Chennai
2017-08-30,33.8,27.0,2.4,14.6,73,Chennai
2017-08-31,32.3,25.2,8.8,13.6,81,Chennai
2017-09-01,31.7,26.7,8.1,9.7,83,Chennai
2017-09-02,32.1,25.1,15.4,14.2,86,Chennai
2017-09-03,31.3,25.3,3.2,13.7,84,Chennai
2017-09-04,32.4,25.9,2.1,12.7,83,Chennai
2017-09-05,32.7,26.6,11.8,19.4,84,Chennai
2017-09-06,31.6,25.3,11.0,18.4,83,Chennai
2017-09-07,29.9,25.3,3.6,16.6,85,Chennai
2017-09-08,30.2,25.7,7.8,18.7,86,Chennai
2017-09-09,30.4,25.7,1.7,14.6,83,Chennai
2017-09-10,30.1,25.1,6.7,13.3,82,Chennai
2017-09-11,30.2,26.6,1.4,18.2,82,Chennai
2017-09-12,30.9,25.9,5.6,17.7,82,Chennai
2017-09-13,30.4,26.3,1.6,18.4,81,Chennai
2017-09-14,31.3,26.3,1.1,17.3,81,Chennai
2017-09-15,31.5,26.5,3.1,12.8,82,Chennai
2017-09-16,31.7,26.5,11.3,14.1,84,Chennai
2017-09-17,29.1,25.5,14.8,16.8,87,Chennai
2017-09-18,31.0,25.9,0.2,20.0,73,Chennai
2017-09-19,32.5,26.6,0.0,23.4,69,Chennai
2017-09-20,33.1,26.1,0.0,18.4,69,Chennai
2017-09-21,32.8,26.5,3.7,17.9,70,Chennai
2017-09-22,31.3,25.9,4.5,9.9,82,Chennai
2017-09-23,31.8,26.7,3.7,13.4,82,Chennai
2017-09-24,30.8,25.5,25.7,10.8,85,Chennai
2017-09-25,30.8,24.7,31.3,14.3,85,Chennai
2017-09-26,29.8,24.8,16.6,10.2,87,Chennai
2017-09-27,30.6,24.8,8.1,12.1,85,Chennai
2017-09-28,30.3,25.0,10.6,13.7,86,Chennai
2017-09-29,31.1,25.8,7.3,12.7,82,Chennai
2017-09-30,31.1,24.9,14.6,10.8,85,Chennai
2017-10-01,31.7,24.8,13.4,18.0,86,Chennai
2017-10-02,31.4,24.9,16.2,13.8,84,Chennai
2017-10-03,31.6,25.5,18.1,12.7,86,Chennai
2017-10-04,31.8,24.6,13.2,11.2,84,Chennai
2017-10-05,30.3,24.8,3.8,12.7,86,Chennai
2017-10-06,29.8,24.5,16.6,17.4,84,Chennai
2017-10-07,30.3,25.1,3.5,18.7,83,Chennai
2017-10-08,30.8,25.5,1.8,15.9,82,Chennai
2017-10-09,30.4,24.7,10.4,16.7,83,Chennai
2017-10-10,30.4,24.8,3.7,13.0,84,Chennai
2017-10-11,30.7,24.6,8.3,10.7,84,Chennai
2017-10-12,30.3,25.1,7.2,12.9,86,Chennai
2017-10-13,28.4,26.0,3.1,8.9,86,Chennai
2017-10-14,28.9,24.9,8.9,10.7,86,Chennai
2017-10-15,30.6,25.3,7.6,11.8,85,Chennai
2017-10-16,29.7,25.6,17.2,11.2,87,Chennai
2017-10-17,30.5,25.2,0.6,13.3,84,Chennai
2017-10-18,31.9,25.9,2.3,13.7,82,Chennai
2017-10-19,32.3,25.0,0.0,11.2,80,Chennai
2017-10-20,32.1,26.5,1.8,15.1,85,Chennai
2017-10-21,31.8,26.8,6.5,12.9,86,Chennai
2017-10-22,31.5,26.4,0.8,12.2,83,Chennai
2017-10-23,32.0,26.1,0.2,11.9,83,Chennai
2017-10-24,30.7,25.1,0.1,10.1,84,Chennai
2017-10-25,29.7,25.9,2.6,13.1,83,Chennai
2017-10-26,28.4,25.3,10.2,10.5,86,Chennai
2017-10-27,27.6,24.8,9.9,14.0,82,Chennai
2017-10-28,30.1,25.3,1.3,19.1,76,Chennai
2017-10-29,30.0,24.7,6.1,26.0,78,Chennai
2017-10-30,26.4,24.5,43.9,19.1,91,Chennai
2017-10-31,26.1,24.0,40.0,14.6,92,Chennai
2017-11-01,26.3,24.1,35.9,17.5,92,Chennai
2017-11-02,27.6,24.3,44.6,18.6,89,Chennai
2017-11-03,26.8,22.6,77.3,25.2,79,Chennai
2017-11-04,26.5,23.5,22.2,14.8,92,Chennai
2017-11-05,27.7,24.1,20.0,19.9,90,Chennai
2017-11-06,27.2,24.3,20.4,19.8,88,Chennai
2017-11-07,27.6,23.7,10.2,14.3,89,Chennai
2017-11-08,29.5,23.6,2.2,19.9,81,Chennai
2017-11-09,29.6,25.0,0.1,22.8,75,Chennai
2017-11-10,27.9,25.7,7.8,24.3,77,Chennai
2017-11-11,28.7,24.6,0.6,28.8,77,Chennai
2017-11-12,25.2,24.2,28.7,24.4,92,Chennai
2017-11-13,24.7,22.6,20.7,19.9,92,Chennai
2017-11-14,25.4,23.0,12.2,22.2,88,Chennai
2017-11-15,31.2,23.8,4.2,12.8,82,Chennai
2017-11-16,30.1,25.0,0.1,10.6,85,Chennai
2017-11-17,30.3,24.6,1.7,10.9,85,Chennai
2017-11-18,29.2,24.5,0.3,11.3,86,Chennai
2017-11-19,29.2,24.6,2.9,12.7,86,Chennai
2017-11-20,29.1,24.6,4.1,12.3,86,Chennai
2017-11-21,28.7,24.4,2.7,15.8,86,Chennai
2017-11-22,29.4,25.3,1.5,20.9,78,Chennai
2017-11-23,29.3,24.6,0.1,13.0,80,Chennai
2017-11-24,28.6,23.9,1.7,16.0,81,Chennai
2017-11-25,28.5,25.1,0.1,23.1,73,Chennai
2017-11-26,27.4,24.6,9.7,19.4,87,Chennai
2017-11-27,28.1,24.8,3.0,23.0,84,Chennai
2017-11-28,28.5,25.2,0.9,22.7,77,Chennai
2017-11-29,28.3,24.4,9.2,24.8,79,Chennai
2017-11-30,27.0,24.5,20.5,22.0,90,Chennai
2017-12-01,26.3,24.4,39.2,25.4,85,Chennai
2017-12-02,28.2,25.2,0.0,22.5,70,Chennai
2017-12-03,27.7,24.8,0.4,21.7,71,Chennai
2017-12-04,27.2,23.4,0.5,18.6,76,Chennai
2017-12-05,28.1,24.4,0.4,16.3,76,Chennai
2017-12-06,27.5,24.4,0.0,17.2,74,Chennai
2017-12-07,28.4,22.8,0.0,17.5,75,Chennai
2017-12-08,28.8,20.6,0.0,13.5,77,Chennai
2017-12-09,30.2,21.6,0.0,12.8,80,Chennai
2017-12-10,28.6,21.8,0.0,11.1,83,Chennai
2017-12-11,28.4,21.5,0.0,12.0,83,Chennai
2017-12-12,27.9,22.8,0.4,11.7,86,Chennai
2017-12-13,27.9,23.4,1.1,12.3,83,Chennai
2017-12-14,28.3,22.5,0.2,15.5,81,Chennai
2017-12-15,28.3,24.3,1.4,21.7,78,Chennai
2017-12-16,28.3,24.9,0.1,22.2,71,Chennai
2017-12-17,28.2,25.0,0.0,21.3,66,Chennai
2017-12-18,27.7,23.3,0.0,23.0,65,Chennai
2017-12-19,28.0,23.7,0.0,21.6,66,Chennai
2017-12-20,27.4,22.7,0.0,22.1,71,Chennai
2017-12-21,26.5,24.1,4.5,21.1,80,Chennai
2017-12-22,28.0,22.9,0.9,21.2,77,Chennai
2017-12-23,27.7,23.5,0.2,17.1,74,Chennai
2017-12-24,27.5,21.6,0.5,18.5,74,Chennai
2017-12-25,27.6,22.8,2.1,23.8,77,Chennai
2017-12-26,27.8,22.4,0.0,22.7,74,Chennai
2017-12-27,27.4,22.9,0.0,18.3,71,Chennai
2017-12-28,27.0,22.7,0.0,18.3,59,Chennai
2017-12-29,27.8,23.1,0.0,19.2,68,Chennai
2017-12-30,27.6,21.5,0.7,15.1,77,Chennai
2017-12-31,28.0,22.3,0.3,17.7,79,Chennai
2018-01-01,29.4,21.8,0.1,18.8,80,Chennai
2018-01-02,28.4,20.9,1.5,14.9,83,Chennai
2018-01-03,28.1,22.5,0.0,18.7,78,Chennai
2018-01-04,28.2,22.0,0.0,17.3,66,Chennai
2018-01-05,27.2,20.2,0.0,15.0,62,Chennai
2018-01-06,27.1,20.5,0.0,13.6,63,Chennai
2018-01-07,27.2,19.5,0.0,15.6,65,Chennai
2018-01-08,27.5,19.4,0.0,20.5,67,Chennai
2018-01-09,27.8,23.9,1.9,24.9,73,Chennai
2018-01-10,26.6,23.7,22.8,18.3,84,Chennai
2018-01-11,27.9,23.5,0.0,17.1,80,Chennai
2018-01-12,28.1,21.7,0.0,11.4,83,Chennai
2018-01-13,27.9,21.3,0.0,12.7,86,Chennai
2018-01-14,27.8,21.3,0.0,14.7,83,Chennai
2018-01-15,27.9,21.2,0.0,11.2,82,Chennai
2018-01-16,27.7,22.1,0.0,15.2,79,Chennai
2018-01-17,27.2,20.5,0.0,12.9,77,Chennai
2018-01-18,27.1,19.7,0.0,13.4,69,Chennai
2018-01-19,27.1,19.6,0.0,14.9,66,Chennai
2018-01-20,26.9,20.1,0.0,14.0,68,Chennai
2018-01-21,27.0,19.9,0.0,18.2,67,Chennai
2018-01-22,26.9,20.6,0.4,16.8,66,Chennai
2018-01-23,27.4,21.4,0.0,16.8,68,Chennai
2018-01-24,27.7,20.0,0.0,13.5,75,Chennai
2018-01-25,28.4,19.9,0.0,14.1,79,Chennai
2018-01-26,28.4,20.3,0.0,13.1,77,Chennai
2018-01-27,27.8,20.4,0.0,14.5,74,Chennai
2018-01-28,27.5,21.0,0.0,17.7,70,Chennai
2018-01-29,27.5,22.0,0.0,18.0,72,Chennai
2018-01-30,27.7,20.5,0.0,17.8,72,Chennai
2018-01-31,28.3,19.5,0.0,14.2,72,Chennai
2018-02-01,28.0,17.3,0.0,10.9,73,Chennai
2018-02-02,28.7,17.4,0.0,13.1,73,Chennai
2018-02-03,27.5,17.5,0.0,13.8,68,Chennai
2018-02-04,26.9,19.6,0.0,13.6,64,Chennai
2018-02-05,28.2,22.4,0.0,15.2,62,Chennai
2018-02-06,28.3,21.0,0.0,19.1,77,Chennai
2018-02-07,28.8,22.3,0.0,16.5,81,Chennai
2018-02-08,29.7,23.1,0.0,15.4,78,Chennai
2018-02-09,28.8,21.6,0.0,17.1,81,Chennai
2018-02-10,28.6,22.7,0.0,14.3,77,Chennai
2018-02-11,28.8,23.4,0.0,14.8,72,Chennai
2018-02-12,29.0,24.3,0.4,16.6,69,Chennai
2018-02-13,28.6,23.0,0.1,16.1,72,Chennai
2018-02-14,28.8,24.1,0.2,17.4,73,Chennai
2018-02-15,29.4,23.7,0.1,18.9,74,Chennai
2018-02-16,29.5,22.0,0.0,15.3,75,Chennai
2018-02-17,29.1,21.4,0.0,15.0,78,Chennai
2018-02-18,28.9,20.6,0.0,15.2,75,Chennai
2018-02-19,28.2,21.6,0.0,14.6,74,Chennai
2018-02-20,28.5,20.8,0.0,13.8,75,Chennai
2018-02-21,28.8,21.1,0.0,13.1,76,Chennai
2018-02-22,29.1,20.0,0.0,13.3,76,Chennai
2018-02-23,28.6,19.8,0.0,11.6,73,Chennai
2018-02-24,28.8,22.1,0.0,16.4,71,Chennai
2018-02-25,30.4,22.6,0.0,17.8,72,Chennai
2018-02-26,30.8,21.3,0.0,17.8,72,Chennai
2018-02-27,30.5,20.7,0.0,14.9,75,Chennai
2018-02-28,29.9,21.0,0.0,14.0,80,Chennai
2018-03-01,31.1,22.0,0.0,13.6,78,Chennai
2018-03-02,31.3,22.2,0.0,11.8,73,Chennai
2018-03-03,31.0,21.0,0.0,14.3,72,Chennai
2018-03-04,30.9,20.3,0.0,17.6,74,Chennai
2018-03-05,29.4,19.9,0.0,14.6,79,Chennai
2018-03-06,29.6,21.7,0.0,14.4,76,Chennai
2018-03-07,30.5,21.4,0.0,12.6,74,Chennai
2018-03-08,31.1,20.1,0.0,12.4,77,Chennai
2018-03-09,30.3,22.0,0.0,15.3,78,Chennai
2018-03-10,30.8,22.5,0.0,13.0,79,Chennai
2018-03-11,29.7,23.2,0.0,13.0,79,Chennai
2018-03-12,30.7,24.2,0.1,15.2,78,Chennai
2018-03-13,30.9,25.8,0.6,17.0,77,Chennai
2018-03-14,31.3,25.3,0.2,16.8,78,Chennai
2018-03-15,31.4,24.6,0.0,22.5,79,Chennai
2018-03-16,31.1,25.8,2.3,21.9,79,Chennai
2018-03-17,28.5,25.4,5.0,17.7,78,Chennai
2018-03-18,30.7,25.0,0.0,16.1,70,Chennai
2018-03-19,30.6,24.8,0.0,14.3,69,Chennai
2018-03-20,31.1,22.7,0.0,16.0,77,Chennai
2018-03-21,32.6,23.4,0.0,21.3,77,Chennai
2018-03-22,33.2,23.9,0.0,22.4,79,Chennai
2018-03-23,33.0,24.8,0.0,23.7,80,Chennai
2018-03-24,32.1,25.4,0.0,22.9,80,Chennai
2018-03-25,31.0,25.4,0.0,15.3,75,Chennai
2018-03-26,31.2,24.5,0.0,15.8,75,Chennai
2018-03-27,32.0,24.8,0.0,22.6,78,Chennai
2018-03-28,32.8,26.0,0.6,26.8,80,Chennai
2018-03-29,33.5,26.4,0.0,27.1,79,Chennai
2018-03-30,33.1,25.9,0.4,27.1,80,Chennai
2018-03-31,32.9,26.2,1.5,24.9,80,Chennai
2018-04-01,31.5,26.4,1.4,23.8,83,Chennai
2018-04-02,31.6,26.5,0.7,22.9,79,Chennai
2018-04-03,31.4,26.2,0.1,20.4,80,Chennai
2018-04-04,31.7,25.5,0.0,21.4,78,Chennai
2018-04-05,31.7,25.0,0.0,21.7,75,Chennai
2018-04-06,31.7,25.5,0.0,21.3,76,Chennai
2018-04-07,31.9,26.0,0.1,18.4,77,Chennai
2018-04-08,30.8,25.8,0.9,19.2,78,Chennai
2018-04-09,31.8,26.6,0.2,16.6,71,Chennai
2018-04-10,32.1,25.5,0.2,19.5,73,Chennai
2018-04-11,32.0,26.2,1.8,18.0,78,Chennai
2018-04-12,32.5,26.5,0.4,19.2,76,Chennai
2018-04-13,32.0,26.8,0.8,20.4,76,Chennai
2018-04-14,32.6,26.7,0.5,20.6,77,Chennai
2018-04-15,32.1,27.3,1.3,19.3,76,Chennai
2018-04-16,32.9,27.5,0.9,18.1,76,Chennai
2018-04-17,33.2,27.3,0.2,19.3,76,Chennai
2018-04-18,33.6,26.2,0.0,26.1,75,Chennai
2018-04-19,34.8,27.9,0.0,28.7,74,Chennai
2018-04-20,34.7,27.9,0.0,27.9,74,Chennai
2018-04-21,33.7,28.4,0.1,27.9,75,Chennai
2018-04-22,34.1,27.2,0.0,26.3,76,Chennai
2018-04-23,33.5,27.4,0.1,24.8,77,Chennai
2018-04-24,33.7,27.1,0.0,26.1,73,Chennai
2018-04-25,34.2,27.9,0.1,25.7,74,Chennai
2018-04-26,34.1,27.6,0.1,25.8,75,Chennai
2018-04-27,33.5,27.7,0.0,22.2,75,Chennai
2018-04-28,33.1,27.5,0.3,21.3,75,Chennai
2018-04-29,33.6,27.3,0.1,27.5,76,Chennai
2018-04-30,34.9,28.1,0.0,29.2,74,Chennai
2018-05-01,35.6,28.9,0.0,29.0,75,Chennai
2018-05-02,34.9,28.8,0.1,26.4,76,Chennai
2018-05-03,33.9,26.2,1.0,25.3,76,Chennai
2018-05-04,33.0,27.3,1.0,20.0,76,Chennai
2018-05-05,32.7,27.6,0.6,23.0,75,Chennai
2018-05-06,33.4,27.6,0.4,21.7,75,Chennai
2018-05-07,34.9,27.8,0.0,24.7,75,Chennai
2018-05-08,34.5,28.6,0.0,25.5,76,Chennai
2018-05-09,33.4,28.3,0.2,24.4,74,Chennai
2018-05-10,32.8,28.0,0.6,22.7,75,Chennai
2018-05-11,34.5,28.0,0.0,24.7,72,Chennai
2018-05-12,34.2,28.4,0.1,23.8,74,Chennai
2018-05-13,34.3,28.5,0.0,25.8,73,Chennai
2018-05-14,33.8,27.7,0.0,23.4,75,Chennai
2018-05-15,33.3,27.0,0.9,19.9,75,Chennai
2018-05-16,33.3,27.6,0.0,22.1,75,Chennai
2018-05-17,33.8,28.0,0.0,23.5,74,Chennai
2018-05-18,34.2,27.5,0.0,22.7,74,Chennai
2018-05-19,35.4,27.9,0.0,24.3,74,Chennai
2018-05-20,34.7,28.1,0.0,22.2,72,Chennai
2018-05-21,34.1,28.4,0.2,24.3,75,Chennai
2018-05-22,33.6,28.1,0.3,19.7,76,Chennai
2018-05-23,32.9,27.6,0.7,18.9,76,Chennai
2018-05-24,33.1,27.1,0.3,17.7,73,Chennai
2018-05-25,32.7,26.7,2.0,15.9,77,Chennai
2018-05-26,32.7,27.0,0.0,19.9,76,Chennai
2018-05-27,32.9,27.2,0.9,21.3,75,Chennai
2018-05-28,33.7,28.2,0.0,23.0,75,Chennai
2018-05-29,37.3,28.8,0.0,24.5,66,Chennai
2018-05-30,37.6,29.6,0.0,23.6,63,Chennai
2018-05-31,37.2,28.5,0.0,19.1,69,Chennai
2018-06-01,35.2,28.7,0.0,18.4,73,Chennai
2018-06-02,34.7,27.3,1.6,15.8,75,Chennai
2018-06-03,34.3,27.3,4.1,16.2,71,Chennai
2018-06-04,34.4,28.5,0.0,18.6,67,Chennai
2018-06-05,36.4,28.9,0.6,22.0,70,Chennai
2018-06-06,35.7,28.0,3.8,22.1,72,Chennai
2018-06-07,36.9,27.2,1.4,23.4,71,Chennai
2018-06-08,37.6,28.8,0.0,33.2,55,Chennai
2018-06-09,37.7,29.3,0.4,34.1,51,Chennai
2018-06-10,36.8,28.8,0.0,24.6,50,Chennai
2018-06-11,36.3,29.4,3.6,25.4,56,Chennai
2018-06-12,36.4,29.5,1.8,22.6,54,Chennai
2018-06-13,36.4,29.1,0.0,19.7,60,Chennai
2018-06-14,37.1,29.2,1.9,18.9,55,Chennai
2018-06-15,36.8,29.5,1.6,21.7,59,Chennai
2018-06-16,36.0,28.0,1.1,23.4,65,Chennai
2018-06-17,38.6,28.5,0.1,21.7,53,Chennai
2018-06-18,37.7,29.0,0.0,24.4,55,Chennai
2018-06-19,36.3,29.1,0.5,30.5,59,Chennai
2018-06-20,36.2,28.7,0.0,27.6,62,Chennai
2018-06-21,35.5,28.8,0.7,28.1,60,Chennai
2018-06-22,36.6,28.9,0.1,27.2,59,Chennai
2018-06-23,35.5,26.1,16.1,24.6,66,Chennai
2018-06-24,34.8,26.4,4.4,26.6,70,Chennai
2018-06-25,35.2,26.2,2.6,22.4,71,Chennai
2018-06-26,37.7,28.2,0.1,26.3,57,Chennai
2018-06-27,36.4,28.1,6.7,18.3,62,Chennai
2018-06-28,34.2,27.5,0.7,22.0,64,Chennai
2018-06-29,33.9,27.2,3.1,19.0,71,Chennai
2018-06-30,31.7,26.4,0.2,15.6,73,Chennai
2018-07-01,31.8,26.1,5.1,14.0,77,Chennai
2018-07-02,32.2,24.8,37.3,22.2,82,Chennai
2018-07-03,33.4,24.9,1.9,17.4,75,Chennai
2018-07-04,34.6,26.9,0.5,19.1,71,Chennai
2018-07-05,34.7,27.4,0.3,20.2,66,Chennai
2018-07-06,35.2,26.8,3.6,21.1,63,Chennai
2018-07-07,30.9,27.3,0.4,21.3,65,Chennai
2018-07-08,34.8,28.1,0.3,21.3,57,Chennai
2018-07-09,34.6,27.5,0.3,19.8,63,Chennai
2018-07-10,35.2,27.5,0.1,21.6,63,Chennai
2018-07-11,34.9,27.6,3.5,21.8,63,Chennai
2018-07-12,35.2,27.6,0.1,26.8,56,Chennai
2018-07-13,36.5,28.2,1.1,23.8,60,Chennai
2018-07-14,35.4,28.2,0.1,22.6,56,Chennai
2018-07-15,35.2,28.9,0.0,26.0,52,Chennai
2018-07-16,37.0,28.6,0.1,28.2,48,Chennai
2018-07-17,37.5,28.8,0.1,26.2,49,Chennai
2018-07-18,37.7,28.8,0.0,23.1,49,Chennai
2018-07-19,36.4,29.3,0.4,25.3,51,Chennai
2018-07-20,35.9,28.9,0.0,24.8,52,Chennai
2018-07-21,36.7,29.4,0.0,25.9,51,Chennai
2018-07-22,36.8,28.7,0.0,23.5,55,Chennai
2018-07-23,37.1,28.7,0.2,21.2,54,Chennai
2018-07-24,35.9,28.1,1.0,18.4,61,Chennai
2018-07-25,36.0,27.9,0.5,17.4,63,Chennai
2018-07-26,35.2,26.1,7.5,17.8,71,Chennai
2018-07-27,34.5,26.1,3.9,20.3,71,Chennai
2018-07-28,35.1,27.1,0.6,23.8,66,Chennai
2018-07-29,35.9,24.5,3.9,21.1,69,Chennai
2018-07-30,35.3,27.5,0.4,23.8,68,Chennai
2018-07-31,35.0,27.7,1.4,19.9,66,Chennai
2018-08-01,35.5,28.0,2.0,18.5,65,Chennai
2018-08-02,35.7,28.1,0.4,21.3,64,Chennai
2018-08-03,36.2,26.6,0.7,18.4,65,Chennai
2018-08-04,35.9,26.1,2.0,19.9,66,Chennai
2018-08-05,35.5,26.1,0.9,21.5,65,Chennai
2018-08-06,36.7,27.6,0.0,25.2,56,Chennai
2018-08-07,34.4,27.7,0.7,22.5,57,Chennai
2018-08-08,35.6,26.9,0.5,20.2,60,Chennai
2018-08-09,35.6,25.9,4.2,14.6,72,Chennai
2018-08-10,34.2,25.7,6.0,17.5,71,Chennai
2018-08-11,27.8,24.7,14.2,20.6,85,Chennai
2018-08-12,32.2,26.4,0.0,26.5,63,Chennai
2018-08-13,34.1,25.7,0.0,25.2,65,Chennai
2018-08-14,28.5,25.6,19.6,20.3,78,Chennai
2018-08-15,29.3,24.9,20.2,19.1,87,Chennai
2018-08-16,33.6,26.4,0.5,26.6,67,Chennai
2018-08-17,34.7,26.4,0.8,23.3,67,Chennai
2018-08-18,35.2,27.1,0.8,24.6,60,Chennai
2018-08-19,34.2,27.9,0.2,25.0,60,Chennai
2018-08-20,34.6,28.0,0.3,26.4,60,Chennai
2018-08-21,35.5,27.3,0.0,18.7,62,Chennai
2018-08-22,35.0,27.8,1.3,17.6,64,Chennai
2018-08-23,34.8,25.9,7.0,17.6,69,Chennai
2018-08-24,33.0,24.6,3.2,19.4,73,Chennai
2018-08-25,31.2,25.5,0.1,17.8,73,Chennai
2018-08-26,34.3,25.6,1.1,16.5,69,Chennai
2018-08-27,33.7,25.3,11.9,19.5,69,Chennai
2018-08-28,33.1,25.1,0.5,20.4,74,Chennai
2018-08-29,33.3,25.4,1.5,16.6,74,Chennai
2018-08-30,33.9,26.6,3.7,19.9,71,Chennai
2018-08-31,31.7,24.7,8.2,14.9,81,Chennai
2018-09-01,32.0,24.8,0.3,15.8,78,Chennai
2018-09-02,33.0,26.7,2.8,13.2,79,Chennai
2018-09-03,32.0,26.5,0.7,14.3,78,Chennai
2018-09-04,32.7,26.7,2.7,15.3,78,Chennai
2018-09-05,32.3,25.6,2.5,15.0,80,Chennai
2018-09-06,34.2,26.4,0.3,21.3,73,Chennai
2018-09-07,35.2,26.6,0.4,20.7,68,Chennai
2018-09-08,32.8,27.1,0.3,14.8,69,Chennai
2018-09-09,32.8,26.2,0.4,17.3,73,Chennai
2018-09-10,32.1,26.7,3.6,18.8,79,Chennai
2018-09-11,32.2,26.5,0.2,21.9,78,Chennai
2018-09-12,31.7,26.1,2.0,20.0,81,Chennai
2018-09-13,33.6,26.0,5.8,19.1,76,Chennai
2018-09-14,34.0,26.1,1.4,16.8,78,Chennai
2018-09-15,33.9,25.2,2.6,16.4,77,Chennai
2018-09-16,34.5,25.1,13.1,19.4,78,Chennai
2018-09-17,30.6,24.6,19.6,18.2,83,Chennai
2018-09-18,31.3,25.1,16.2,14.2,84,Chennai
2018-09-19,29.2,24.7,9.3,17.1,78,Chennai
2018-09-20,31.4,25.4,0.4,14.0,75,Chennai
2018-09-21,32.8,25.9,7.1,16.7,77,Chennai
2018-09-22,30.8,25.4,0.0,15.5,82,Chennai
2018-09-23,30.8,26.5,1.1,16.1,80,Chennai
2018-09-24,30.3,25.2,1.4,14.5,84,Chennai
2018-09-25,30.5,25.5,0.9,13.8,82,Chennai
2018-09-26,30.6,25.4,1.1,14.8,81,Chennai
2018-09-27,30.3,26.1,1.6,15.5,82,Chennai
2018-09-28,29.9,26.1,0.8,15.2,81,Chennai
2018-09-29,30.4,26.0,1.2,11.9,81,Chennai
2018-09-30,31.1,26.2,0.3,13.9,80,Chennai
2018-10-01,31.2,26.6,1.3,15.6,80,Chennai
2018-10-02,31.2,26.2,1.5,18.6,81,Chennai
2018-10-03,31.1,26.0,4.3,20.6,82,Chennai
2018-10-04,27.9,25.6,19.6,16.6,87,Chennai
2018-10-05,28.9,25.4,18.1,13.2,88,Chennai
2018-10-06,30.0,25.3,5.0,15.0,85,Chennai
2018-10-07,29.9,25.1,1.8,14.4,85,Chennai
2018-10-08,29.9,25.6,4.3,15.3,85,Chennai
2018-10-09,32.1,24.7,0.0,15.3,78,Chennai
2018-10-10,33.6,24.6,0.0,14.9,69,Chennai
2018-10-11,33.9,24.8,0.1,21.1,71,Chennai
2018-10-12,33.7,25.3,0.4,18.6,79,Chennai
2018-10-13,32.0,26.6,0.0,20.0,79,Chennai
2018-10-14,31.3,26.5,0.3,18.8,80,Chennai
2018-10-15,30.5,26.7,1.6,14.8,80,Chennai
2018-10-16,30.1,25.3,8.3,13.0,83,Chennai
2018-10-17,29.3,23.9,15.7,12.8,85,Chennai
2018-10-18,29.1,23.3,9.4,10.1,84,Chennai
2018-10-19,29.3,24.8,0.7,12.0,82,Chennai
2018-10-20,30.4,24.2,5.4,17.7,74,Chennai
2018-10-21,28.1,25.3,16.6,18.0,83,Chennai
2018-10-22,30.1,24.9,0.0,15.7,76,Chennai
2018-10-23,29.8,22.8,0.0,10.9,79,Chennai
2018-10-24,29.9,22.6,0.0,11.1,78,Chennai
2018-10-25,30.5,25.5,0.0,16.6,73,Chennai
2018-10-26,30.3,26.0,0.0,20.1,69,Chennai
2018-10-27,30.9,25.7,0.0,24.0,66,Chennai
2018-10-28,30.5,25.2,0.4,24.7,70,Chennai
2018-10-29,31.1,24.6,0.0,30.4,73,Chennai
2018-10-30,28.9,25.1,11.9,22.3,84,Chennai
2018-10-31,28.0,24.7,13.6,16.4,88,Chennai
2018-11-01,26.9,24.5,25.6,13.1,92,Chennai
2018-11-02,28.9,24.9,13.0,14.5,84,Chennai
2018-11-03,30.0,25.2,3.5,19.1,80,Chennai
2018-11-04,29.2,25.1,3.5,17.4,82,Chennai
2018-11-05,29.8,26.2,0.7,16.2,78,Chennai
2018-11-06,29.4,25.1,1.9,12.2,81,Chennai
2018-11-07,29.5,25.1,0.0,14.3,72,Chennai
2018-11-08,29.7,24.6,0.1,19.4,73,Chennai
2018-11-09,30.0,25.7,0.1,18.5,69,Chennai
2018-11-10,29.9,23.8,0.0,16.1,78,Chennai
2018-11-11,29.9,23.1,0.1,16.0,77,Chennai
2018-11-12,29.8,22.7,0.0,19.8,74,Chennai
2018-11-13,30.6,21.8,0.0,19.6,71,Chennai
2018-11-14,31.3,22.6,0.0,22.0,73,Chennai
2018-11-15,28.7,25.1,13.4,25.4,87,Chennai
2018-11-16,29.0,25.2,2.9,21.6,84,Chennai
2018-11-17,29.9,24.1,1.0,11.3,83,Chennai
2018-11-18,29.6,25.6,2.4,16.5,82,Chennai
2018-11-19,29.9,25.3,2.1,17.8,80,Chennai
2018-11-20,28.9,24.4,26.5,24.8,84,Chennai
2018-11-21,25.9,24.2,76.7,26.6,91,Chennai
2018-11-22,26.0,24.4,62.9,24.9,91,Chennai
2018-11-23,26.7,24.5,21.2,16.1,87,Chennai
2018-11-24,28.9,25.1,0.0,14.7,76,Chennai
2018-11-25,28.4,23.6,0.3,15.3,77,Chennai
2018-11-26,28.1,22.8,0.0,15.4,69,Chennai
2018-11-27,28.1,23.3,0.0,18.4,63,Chennai
2018-11-28,28.6,22.3,0.2,17.2,74,Chennai
2018-11-29,28.1,25.1,1.6,19.9,75,Chennai
2018-11-30,28.5,24.9,0.0,17.6,73,Chennai
2018-12-01,28.1,22.2,0.1,16.3,75,Chennai
2018-12-02,27.5,22.6,3.4,17.1,77,Chennai
2018-12-03,28.3,24.2,2.5,21.9,76,Chennai
2018-12-04,28.5,23.5,5.8,17.2,86,Chennai
2018-12-05,27.4,24.5,6.9,14.5,90,Chennai
2018-12-06,28.8,24.1,1.4,15.9,81,Chennai
2018-12-07,28.6,24.7,0.8,16.7,79,Chennai
2018-12-08,28.6,25.0,0.1,15.5,78,Chennai
2018-12-09,28.5,23.9,0.2,15.6,77,Chennai
2018-12-10,28.2,22.0,0.0,11.3,78,Chennai
2018-12-11,28.2,23.2,0.0,12.3,79,Chennai
2018-12-12,29.0,22.5,0.0,15.0,81,Chennai
2018-12-13,28.9,22.9,0.0,13.5,79,Chennai
2018-12-14,28.6,23.8,1.4,24.2,77,Chennai
2018-12-15,27.8,24.5,1.1,32.1,73,Chennai
2018-12-16,25.5,20.5,12.8,32.3,78,Chennai
2018-12-17,29.0,21.8,0.0,24.1,73,Chennai
2018-12-18,27.3,20.5,0.0,18.6,82,Chennai
2018-12-19,26.2,20.0,0.0,18.3,75,Chennai
2018-12-20,28.2,20.3,0.0,16.3,80,Chennai
2018-12-21,27.9,23.7,1.6,22.6,80,Chennai
2018-12-22,27.9,24.0,1.3,21.1,79,Chennai
2018-12-23,27.8,24.3,0.3,20.5,77,Chennai
2018-12-24,27.7,23.9,0.0,18.3,76,Chennai
2018-12-25,27.7,22.8,0.0,15.1,79,Chennai
2018-12-26,27.7,21.9,0.0,10.1,82,Chennai
2018-12-27,27.8,21.6,0.0,12.9,81,Chennai
2018-12-28,27.5,23.1,0.3,11.8,80,Chennai
2018-12-29,26.7,23.7,0.7,18.3,74,Chennai
2018-12-30,26.9,23.0,1.5,21.4,71,Chennai
2018-12-31,26.5,22.4,0.0,19.6,62,Chennai
2019-01-01,26.1,21.4,0.0,17.1,63,Chennai
2019-01-02,26.4,22.4,0.0,17.3,64,Chennai
2019-01-03,27.1,22.0,0.0,16.3,69,Chennai
2019-01-04,26.9,21.9,0.0,16.4,72,Chennai
2019-01-05,27.3,21.5,0.0,17.3,68,Chennai
2019-01-06,27.2,19.4,0.0,18.0,67,Chennai
2019-01-07,28.1,21.9,0.5,18.6,73,Chennai
2019-01-08,28.7,19.9,0.0,16.5,78,Chennai
2019-01-09,27.6,18.6,0.0,14.5,79,Chennai
2019-01-10,27.3,20.9,0.0,15.0,72,Chennai
2019-01-11,27.8,22.0,0.1,16.6,65,Chennai
2019-01-12,27.4,20.7,0.0,16.8,69,Chennai
2019-01-13,27.8,21.5,0.1,18.9,68,Chennai
2019-01-14,27.2,22.0,0.0,17.2,66,Chennai
2019-01-15,27.3,20.7,0.0,18.7,73,Chennai
2019-01-16,27.6,20.2,0.0,16.4,76,Chennai
2019-01-17,27.8,20.6,0.4,14.7,75,Chennai
2019-01-18,27.3,20.2,0.0,16.6,71,Chennai
2019-01-19,27.3,20.1,0.0,16.2,73,Chennai
2019-01-20,27.5,19.5,0.0,14.5,76,Chennai
2019-01-21,27.1,19.6,0.0,14.7,74,Chennai
2019-01-22,27.6,20.1,0.0,17.5,72,Chennai
2019-01-23,27.9,20.9,0.0,16.1,75,Chennai
2019-01-24,28.1,21.0,0.0,16.3,78,Chennai
2019-01-25,28.1,22.9,0.6,17.7,80,Chennai
2019-01-26,28.3,22.8,0.5,16.4,80,Chennai
2019-01-27,28.1,23.5,0.2,17.2,77,Chennai
2019-01-28,28.0,23.8,0.0,16.4,68,Chennai
2019-01-29,28.3,22.3,0.2,21.5,70,Chennai
2019-01-30,27.7,23.2,0.5,20.9,73,Chennai
2019-01-31,27.6,23.5,1.0,19.1,67,Chennai
2019-02-01,27.9,22.4,0.0,19.7,67,Chennai
2019-02-02,28.3,21.2,0.0,16.4,71,Chennai
2019-02-03,28.5,21.0,0.0,18.6,74,Chennai
2019-02-04,28.0,23.7,1.7,21.2,76,Chennai
2019-02-05,28.8,23.3,0.0,17.8,76,Chennai
2019-02-06,29.1,21.5,0.0,13.7,79,Chennai
2019-02-07,28.9,21.2,0.0,13.6,79,Chennai
2019-02-08,29.8,23.6,0.0,17.8,78,Chennai
2019-02-09,29.8,23.7,0.3,16.1,81,Chennai
2019-02-10,29.6,23.9,1.1,17.7,80,Chennai
2019-02-11,29.3,24.9,0.8,19.4,73,Chennai
2019-02-12,28.9,24.3,0.0,20.4,71,Chennai
2019-02-13,29.0,23.2,0.0,19.3,72,Chennai
2019-02-14,29.1,22.0,0.0,14.8,75,Chennai
2019-02-15,29.7,22.1,0.0,14.4,79,Chennai
2019-02-16,30.0,23.2,0.0,20.2,79,Chennai
2019-02-17,30.2,24.2,1.0,18.4,80,Chennai
2019-02-18,30.9,24.8,0.2,19.9,82,Chennai
2019-02-19,30.0,25.2,0.6,18.3,81,Chennai
2019-02-20,30.0,24.3,0.0,15.7,75,Chennai
2019-02-21,30.3,23.7,0.0,17.2,74,Chennai
2019-02-22,31.3,21.9,0.0,11.9,73,Chennai
2019-02-23,32.2,19.6,0.0,12.9,70,Chennai
2019-02-24,32.0,21.0,0.0,13.5,76,Chennai
2019-02-25,30.4,22.2,0.0,18.3,77,Chennai
2019-02-26,31.2,23.6,0.0,25.8,77,Chennai
2019-02-27,31.0,24.7,0.4,25.1,76,Chennai
2019-02-28,30.4,25.5,0.8,22.7,79,Chennai
2019-03-01,30.5,25.7,1.1,21.1,76,Chennai
2019-03-02,30.3,26.1,0.0,15.0,66,Chennai
2019-03-03,30.5,24.8,0.5,14.3,72,Chennai
2019-03-04,30.9,24.6,0.0,23.9,73,Chennai
2019-03-05,32.8,25.0,0.0,27.7,76,Chennai
2019-03-06,33.7,25.7,0.0,28.3,78,Chennai
2019-03-07,32.9,26.4,0.0,27.0,77,Chennai
2019-03-08,31.6,26.5,0.0,22.6,80,Chennai
2019-03-09,30.8,25.6,1.2,19.0,80,Chennai
2019-03-10,31.5,25.2,0.2,24.2,78,Chennai
2019-03-11,31.3,24.8,0.0,20.8,76,Chennai
2019-03-12,31.5,23.6,0.0,23.5,76,Chennai
2019-03-13,31.3,22.7,0.0,14.8,77,Chennai
2019-03-14,32.0,22.6,0.0,15.7,73,Chennai
2019-03-15,31.9,22.3,0.0,12.9,75,Chennai
2019-03-16,31.4,23.3,0.0,12.3,75,Chennai
2019-03-17,31.0,23.9,1.0,17.6,71,Chennai
2019-03-18,31.1,23.1,0.0,20.3,72,Chennai
2019-03-19,31.6,24.0,0.0,23.7,74,Chennai
2019-03-20,31.6,24.8,0.0,24.3,75,Chennai
2019-03-21,31.8,23.7,0.0,21.0,75,Chennai
2019-03-22,32.0,25.1,0.0,23.5,73,Chennai
2019-03-23,32.3,25.1,0.0,22.4,77,Chennai
2019-03-24,32.7,24.6,0.0,24.5,77,Chennai
2019-03-25,32.3,24.3,0.0,16.9,76,Chennai
2019-03-26,32.6,25.4,0.0,19.1,74,Chennai
2019-03-27,31.9,24.0,0.0,21.1,75,Chennai
2019-03-28,34.1,23.5,0.0,22.9,75,Chennai
2019-03-29,33.0,24.7,0.0,24.0,78,Chennai
2019-03-30,33.2,24.4,0.0,25.5,76,Chennai
2019-03-31,34.3,24.8,0.0,26.4,77,Chennai
2019-04-01,34.0,26.0,0.0,26.7,75,Chennai
2019-04-02,33.2,25.0,0.0,28.3,77,Chennai
2019-04-03,32.3,25.0,0.0,24.9,75,Chennai
2019-04-04,32.7,25.7,0.0,25.8,74,Chennai
2019-04-05,33.0,25.2,0.1,24.3,79,Chennai
2019-04-06,33.6,26.1,0.0,20.6,78,Chennai
2019-04-07,34.0,26.0,0.0,27.2,76,Chennai
2019-04-08,33.1,26.7,0.1,27.3,76,Chennai
2019-04-09,32.8,27.3,0.2,24.1,78,Chennai
2019-04-10,33.1,27.1,0.0,25.4,77,Chennai
2019-04-11,33.4,26.1,0.0,24.0,78,Chennai
2019-04-12,33.9,25.8,0.0,24.5,77,Chennai
2019-04-13,34.0,25.0,0.0,23.8,76,Chennai
2019-04-14,33.7,25.2,0.0,23.8,75,Chennai
2019-04-15,33.8,25.0,0.0,24.5,75,Chennai
2019-04-16,34.6,24.8,0.0,25.5,74,Chennai
2019-04-17,33.8,26.5,0.0,23.9,73,Chennai
2019-04-18,33.4,27.0,0.0,23.1,75,Chennai
2019-04-19,33.0,27.7,1.8,22.6,77,Chennai
2019-04-20,33.4,27.5,0.1,24.0,75,Chennai
2019-04-21,34.0,27.5,0.5,24.6,73,Chennai
2019-04-22,33.6,27.8,0.0,19.4,75,Chennai
2019-04-23,33.8,27.5,0.0,16.4,76,Chennai
2019-04-24,33.6,25.9,0.0,17.8,74,Chennai
2019-04-25,33.8,26.2,0.0,17.7,71,Chennai
2019-04-26,34.3,26.3,0.0,22.2,73,Chennai
2019-04-27,34.5,27.2,0.0,23.3,74,Chennai
2019-04-28,33.7,26.4,0.0,22.2,76,Chennai
2019-04-29,33.9,28.1,0.2,22.1,77,Chennai
2019-04-30,35.2,27.9,0.0,20.1,77,Chennai
2019-05-01,36.7,28.7,0.7,17.4,69,Chennai
2019-05-02,40.1,28.7,0.0,27.2,69,Chennai
2019-05-03,38.0,29.0,0.0,28.2,63,Chennai
2019-05-04,36.6,28.8,0.0,19.0,69,Chennai
2019-05-05,35.3,28.3,0.0,24.3,76,Chennai
2019-05-06,35.7,28.7,0.0,24.6,74,Chennai
2019-05-07,37.2,28.7,0.0,26.1,73,Chennai
2019-05-08,39.1,29.7,0.0,23.8,63,Chennai
2019-05-09,38.8,29.6,0.0,20.2,61,Chennai
2019-05-10,36.4,29.1,0.0,24.5,70,Chennai
2019-05-11,34.8,28.3,0.0,26.3,75,Chennai
2019-05-12,33.7,27.1,0.0,26.6,78,Chennai
2019-05-13,33.8,27.4,0.0,23.0,79,Chennai
2019-05-14,33.9,27.6,0.0,23.2,80,Chennai
2019-05-15,34.6,28.2,0.0,22.3,79,Chennai
2019-05-16,34.2,28.2,0.0,22.9,78,Chennai
2019-05-17,34.4,28.5,0.0,25.2,78,Chennai
2019-05-18,34.1,27.6,0.0,25.5,80,Chennai
2019-05-19,34.6,27.4,0.0,26.8,76,Chennai
2019-05-20,35.3,27.1,0.0,25.4,73,Chennai
2019-05-21,34.9,27.7,0.0,27.5,74,Chennai
2019-05-22,34.4,27.7,0.0,26.3,76,Chennai
2019-05-23,34.4,28.3,0.0,27.4,76,Chennai
2019-05-24,34.3,27.6,0.1,25.8,76,Chennai
2019-05-25,35.5,28.0,0.0,26.4,75,Chennai
2019-05-26,35.6,28.5,0.0,25.9,73,Chennai
2019-05-27,35.1,28.5,0.0,24.0,75,Chennai
2019-05-28,35.9,28.3,0.0,23.7,76,Chennai
2019-05-29,35.7,29.3,0.0,26.6,73,Chennai
2019-05-30,35.8,28.8,0.1,24.1,77,Chennai
2019-05-31,34.2,26.9,2.0,28.7,73,Chennai
2019-06-01,37.7,29.1,0.0,21.6,66,Chennai
2019-06-02,37.6,28.8,0.0,26.6,68,Chennai
2019-06-03,36.1,28.9,0.0,19.0,66,Chennai
2019-06-04,35.2,28.6,0.0,16.6,75,Chennai
2019-06-05,34.7,27.5,0.3,24.7,74,Chennai
2019-06-06,34.6,27.7,0.0,27.7,73,Chennai
2019-06-07,34.8,28.3,0.0,23.8,76,Chennai
2019-06-08,36.0,28.7,0.1,22.3,69,Chennai
2019-06-09,38.5,28.9,0.0,28.4,63,Chennai
2019-06-10,38.4,30.0,0.0,28.8,54,Chennai
2019-06-11,35.9,30.2,0.0,28.6,59,Chennai
2019-06-12,37.2,30.2,0.0,24.9,57,Chennai
2019-06-13,38.3,30.4,0.3,22.5,55,Chennai
2019-06-14,38.0,29.9,0.1,27.7,55,Chennai
2019-06-15,38.2,30.0,0.0,23.7,59,Chennai
2019-06-16,39.5,30.0,0.1,21.4,58,Chennai
2019-06-17,39.8,29.8,0.0,23.1,54,Chennai
2019-06-18,36.0,28.8,0.0,19.1,67,Chennai
2019-06-19,38.6,29.9,0.1,20.8,57,Chennai
2019-06-20,38.6,28.1,1.2,22.0,61,Chennai
2019-06-21,35.3,27.3,1.0,17.3,69,Chennai
2019-06-22,37.3,28.5,1.7,18.5,66,Chennai
2019-06-23,35.7,27.1,1.1,21.9,76,Chennai
2019-06-24,32.4,26.8,1.1,16.8,78,Chennai
2019-06-25,32.3,27.2,7.9,18.2,80,Chennai
2019-06-26,31.9,26.4,27.0,18.5,85,Chennai
2019-06-27,34.7,26.5,5.5,22.7,77,Chennai
2019-06-28,35.2,26.7,4.1,22.2,68,Chennai
2019-06-29,37.1,28.4,0.1,17.3,60,Chennai
2019-06-30,36.2,28.5,0.1,25.1,60,Chennai
2019-07-01,36.8,28.1,0.2,28.4,68,Chennai
2019-07-02,35.6,28.2,0.7,26.0,66,Chennai
2019-07-03,35.9,28.7,1.0,27.6,66,Chennai
2019-07-04,36.3,28.9,0.5,29.8,62,Chennai
2019-07-05,35.1,29.4,1.0,23.2,63,Chennai
2019-07-06,35.3,29.3,0.0,23.4,61,Chennai
2019-07-07,37.1,29.4,0.0,31.6,58,Chennai
2019-07-08,37.7,29.4,0.0,25.0,57,Chennai
2019-07-09,36.8,27.8,1.2,26.1,56,Chennai
2019-07-10,34.9,25.4,0.1,28.2,71,Chennai
2019-07-11,34.3,26.9,0.3,23.2,62,Chennai
2019-07-12,33.7,26.2,1.9,23.3,73,Chennai
2019-07-13,33.2,26.7,0.8,23.5,74,Chennai
2019-07-14,33.5,26.7,0.3,19.1,74,Chennai
2019-07-15,33.9,26.4,1.7,18.6,74,Chennai
2019-07-16,34.0,26.5,0.0,17.1,77,Chennai
2019-07-17,33.0,27.2,0.5,14.2,75,Chennai
2019-07-18,34.3,26.3,10.0,16.6,76,Chennai
2019-07-19,32.1,26.0,2.0,16.1,82,Chennai
2019-07-20,32.2,27.0,2.4,15.8,72,Chennai
2019-07-21,33.9,26.6,3.4,19.1,75,Chennai
2019-07-22,27.9,25.8,11.5,14.1,90,Chennai
2019-07-23,30.8,25.2,11.0,16.3,82,Chennai
2019-07-24,33.2,26.0,4.9,18.6,79,Chennai
2019-07-25,32.4,25.1,2.9,14.8,82,Chennai
2019-07-26,31.7,26.4,4.8,13.8,79,Chennai
2019-07-27,31.4,26.6,0.9,18.1,73,Chennai
2019-07-28,33.0,26.9,1.6,15.2,72,Chennai
2019-07-29,33.1,26.4,0.0,17.7,75,Chennai
2019-07-30,33.5,26.6,0.0,17.1,74,Chennai
2019-07-31,34.1,27.1,0.0,21.5,72,Chennai
2019-08-01,34.0,27.8,0.0,23.3,70,Chennai
2019-08-02,32.6,26.8,0.2,17.8,72,Chennai
2019-08-03,34.3,27.3,0.0,22.2,68,Chennai
2019-08-04,35.3,27.7,0.3,27.5,67,Chennai
2019-08-05,31.7,26.4,6.8,29.2,69,Chennai
2019-08-06,35.3,27.1,0.6,27.3,59,Chennai
2019-08-07,35.6,27.7,3.2,25.0,63,Chennai
2019-08-08,33.7,27.7,2.0,26.1,62,Chennai
2019-08-09,34.6,27.2,0.0,24.3,62,Chennai
2019-08-10,34.8,27.4,1.0,21.1,59,Chennai
2019-08-11,35.5,27.4,0.3,21.3,66,Chennai
2019-08-12,35.4,27.2,0.1,20.0,61,Chennai
2019-08-13,34.7,26.6,13.1,16.5,70,Chennai
2019-08-14,34.6,25.6,5.1,18.0,77,Chennai
2019-08-15,33.4,26.3,1.8,18.9,78,Chennai
2019-08-16,33.4,26.1,5.4,14.3,77,Chennai
2019-08-17,32.8,25.0,25.5,17.4,80,Chennai
2019-08-18,31.4,24.9,21.0,16.6,84,Chennai
2019-08-19,31.8,24.5,12.3,18.4,85,Chennai
2019-08-20,32.8,25.3,10.4,14.3,83,Chennai
2019-08-21,32.5,25.7,6.3,16.4,78,Chennai
2019-08-22,31.5,25.3,0.1,20.2,76,Chennai
2019-08-23,32.6,25.5,1.2,22.0,75,Chennai
2019-08-24,33.1,25.6,1.9,17.2,75,Chennai
2019-08-25,33.1,25.8,0.1,18.2,75,Chennai
2019-08-26,32.5,27.2,1.0,20.6,73,Chennai
2019-08-27,32.9,26.9,0.3,21.3,73,Chennai
2019-08-28,32.6,26.8,0.0,18.6,73,Chennai
2019-08-29,33.8,26.7,3.4,20.5,76,Chennai
2019-08-30,35.0,26.2,2.5,15.6,72,Chennai
2019-08-31,32.8,26.0,0.6,17.2,74,Chennai
2019-09-01,31.0,25.9,3.3,13.6,81,Chennai
2019-09-02,31.2,26.2,2.4,17.9,78,Chennai
2019-09-03,31.9,26.0,0.8,20.2,74,Chennai
2019-09-04,31.0,26.2,2.7,17.0,80,Chennai
2019-09-05,33.7,26.4,0.0,24.0,71,Chennai
2019-09-06,35.2,26.9,2.5,25.6,68,Chennai
2019-09-07,35.6,26.6,0.4,24.5,70,Chennai
2019-09-08,35.4,27.4,0.5,20.0,65,Chennai
2019-09-09,34.7,26.3,5.7,21.3,72,Chennai
2019-09-10,32.4,25.0,12.9,21.2,82,Chennai
2019-09-11,31.8,25.9,4.1,18.0,81,Chennai
2019-09-12,32.7,25.2,7.0,19.2,82,Chennai
2019-09-13,31.7,25.9,2.8,20.2,83,Chennai
2019-09-14,31.8,25.3,3.5,19.4,83,Chennai
2019-09-15,31.7,25.5,2.8,21.1,83,Chennai
2019-09-16,32.1,25.4,21.3,14.8,82,Chennai
2019-09-17,29.0,25.5,6.8,14.8,87,Chennai
2019-09-18,30.0,24.5,27.4,15.0,88,Chennai
2019-09-19,30.1,24.4,31.9,13.1,88,Chennai
2019-09-20,30.5,24.3,10.2,13.7,86,Chennai
2019-09-21,31.1,25.4,4.1,13.5,87,Chennai
2019-09-22,30.7,25.8,8.4,11.3,90,Chennai
2019-09-23,30.2,25.0,2.3,11.6,87,Chennai
2019-09-24,30.1,25.0,4.4,18.5,85,Chennai
2019-09-25,28.9,25.2,11.6,27.7,85,Chennai
2019-09-26,29.5,25.7,2.3,25.1,81,Chennai
2019-09-27,30.0,25.3,0.8,13.3,85,Chennai
2019-09-28,29.6,25.1,0.3,14.0,84,Chennai
2019-09-29,29.2,25.6,3.5,12.8,83,Chennai
2019-09-30,29.0,25.4,3.1,18.5,83,Chennai
2019-10-01,30.2,25.5,0.9,17.4,82,Chennai
2019-10-02,30.9,24.9,1.4,17.1,84,Chennai
2019-10-03,30.4,25.9,0.9,19.3,82,Chennai
2019-10-04,30.5,25.4,1.6,17.1,84,Chennai
2019-10-05,30.0,25.2,1.1,17.9,84,Chennai
2019-10-06,30.3,25.7,1.5,18.2,81,Chennai
2019-10-07,30.9,25.7,1.6,15.1,81,Chennai
2019-10-08,30.6,24.7,2.5,16.3,82,Chennai
2019-10-09,30.3,25.2,0.3,17.9,81,Chennai
2019-10-10,30.7,25.8,0.2,17.6,80,Chennai
2019-10-11,30.3,25.8,0.8,15.3,81,Chennai
2019-10-12,30.2,26.2,1.2,13.8,80,Chennai
2019-10-13,30.6,26.0,1.4,13.6,80,Chennai
2019-10-14,30.4,25.7,3.9,17.5,81,Chennai
2019-10-15,29.9,25.2,17.5,15.6,86,Chennai
2019-10-16,28.3,24.9,10.1,19.1,85,Chennai
2019-10-17,28.6,24.9,12.6,13.0,87,Chennai
2019-10-18,29.2,25.1,7.2,13.9,85,Chennai
2019-10-19,28.6,25.3,5.8,12.8,87,Chennai
2019-10-20,27.9,25.4,15.5,12.6,90,Chennai
2019-10-21,28.6,23.9,20.9,14.1,92,Chennai
2019-10-22,26.3,23.6,17.7,15.8,92,Chennai
2019-10-23,31.1,24.0,3.6,13.3,80,Chennai
2019-10-24,27.6,24.0,17.0,14.9,90,Chennai
2019-10-25,30.4,24.6,1.3,16.7,82,Chennai
2019-10-26,29.7,25.0,9.4,16.1,85,Chennai
2019-10-27,29.7,24.7,0.5,12.7,84,Chennai
2019-10-28,29.0,24.9,7.4,15.1,84,Chennai
2019-10-29,27.6,25.2,21.5,17.8,88,Chennai
2019-10-30,26.9,24.9,33.6,17.7,90,Chennai
2019-10-31,28.3,24.5,7.7,18.4,89,Chennai
2019-11-01,29.6,24.2,2.2,12.6,84,Chennai
2019-11-02,29.4,24.5,1.0,13.0,85,Chennai
2019-11-03,30.0,24.6,1.0,14.8,83,Chennai
2019-11-04,30.3,24.8,0.0,11.9,83,Chennai
2019-11-05,30.8,23.5,0.0,14.0,82,Chennai
2019-11-06,31.1,23.7,0.0,12.6,82,Chennai
2019-11-07,30.3,24.0,0.5,8.8,82,Chennai
2019-11-08,31.6,24.6,0.3,10.5,80,Chennai
2019-11-09,31.5,24.9,1.4,11.8,83,Chennai
2019-11-10,30.4,24.7,1.1,10.8,82,Chennai
2019-11-11,29.9,23.3,0.0,12.1,80,Chennai
2019-11-12,29.9,25.4,0.5,17.2,76,Chennai
2019-11-13,29.6,25.5,2.0,20.0,73,Chennai
2019-11-14,28.2,24.5,12.1,14.8,88,Chennai
2019-11-15,28.1,24.4,8.5,14.2,88,Chennai
2019-11-16,29.0,24.7,4.2,15.1,84,Chennai
2019-11-17,29.1,24.1,5.0,16.9,86,Chennai
2019-11-18,28.7,25.6,4.1,11.5,86,Chennai
2019-11-19,29.0,24.4,1.4,14.4,87,Chennai
2019-11-20,27.8,24.4,20.5,15.6,89,Chennai
2019-11-21,28.7,25.0,7.8,20.1,84,Chennai
2019-11-22,28.7,24.6,6.0,20.8,82,Chennai
2019-11-23,27.6,24.0,6.5,19.5,84,Chennai
2019-11-24,29.2,24.7,0.2,17.0,74,Chennai
2019-11-25,28.5,24.1,10.9,21.4,83,Chennai
2019-11-26,28.7,24.6,3.5,21.0,78,Chennai
2019-11-27,27.8,25.2,4.9,18.8,86,Chennai
2019-11-28,27.8,24.7,10.6,18.3,89,Chennai
2019-11-29,28.8,24.8,4.8,23.1,84,Chennai
2019-11-30,27.1,24.8,24.8,19.5,89,Chennai
2019-12-01,26.3,24.7,43.5,28.8,91,Chennai
2019-12-02,28.3,24.4,10.9,17.6,83,Chennai
2019-12-03,28.6,25.7,0.3,21.4,73,Chennai
2019-12-04,28.6,25.4,1.1,29.2,73,Chennai
2019-12-05,28.2,25.5,0.1,25.0,67,Chennai
2019-12-06,28.0,25.0,0.2,21.4,66,Chennai
2019-12-07,26.9,23.7,7.6,19.9,88,Chennai
2019-12-08,28.5,24.0,2.5,18.1,78,Chennai
2019-12-09,28.3,24.2,0.4,17.4,74,Chennai
2019-12-10,27.7,23.9,0.7,18.0,73,Chennai
2019-12-11,27.9,22.4,0.2,15.9,74,Chennai
2019-12-12,28.5,23.5,0.2,16.9,73,Chennai
2019-12-13,28.3,25.0,3.7,16.1,80,Chennai
2019-12-14,27.5,24.3,5.0,21.6,82,Chennai
2019-12-15,28.4,24.3,1.1,18.2,76,Chennai
2019-12-16,27.3,23.7,4.1,16.4,85,Chennai
2019-12-17,28.3,24.8,0.3,23.7,72,Chennai
2019-12-18,28.4,23.9,1.2,23.2,78,Chennai
2019-12-19,28.2,25.1,0.3,20.2,72,Chennai
2019-12-20,28.2,24.5,0.0,19.6,72,Chennai
2019-12-21,28.3,23.8,0.0,18.4,75,Chennai
2019-12-22,27.9,24.1,0.1,17.4,68,Chennai
2019-12-23,27.9,22.2,0.0,17.4,70,Chennai
2019-12-24,25.8,24.4,8.8,18.4,84,Chennai
2019-12-25,28.1,24.2,1.4,17.9,72,Chennai
2019-12-26,27.7,21.2,0.0,12.7,75,Chennai
2019-12-27,28.0,22.1,0.0,12.4,72,Chennai
2019-12-28,28.4,22.7,0.2,14.8,70,Chennai
2019-12-29,27.8,23.7,1.4,18.9,78,Chennai
2019-12-30,27.0,23.3,2.9,16.9,81,Chennai
2019-12-31,27.0,23.0,4.9,13.9,84,Chennai
2020-01-01,26.9,23.8,6.6,13.7,88,Chennai
2020-01-02,27.3,23.7,2.3,11.6,88,Chennai
2020-01-03,28.7,23.6,1.6,11.8,85,Chennai
2020-01-04,28.8,23.7,0.4,12.8,85,Chennai
2020-01-05,27.6,24.7,5.3,11.6,84,Chennai
2020-01-06,26.9,23.9,4.0,17.9,85,Chennai
2020-01-07,27.9,24.3,2.2,22.0,79,Chennai
2020-01-08,27.8,23.8,0.1,14.7,75,Chennai
2020-01-09,27.5,21.5,0.0,10.5,74,Chennai
2020-01-10,27.9,22.6,0.0,14.6,70,Chennai
2020-01-11,27.6,21.8,0.0,16.1,70,Chennai
2020-01-12,26.8,22.5,2.0,18.1,78,Chennai
2020-01-13,27.6,21.4,0.1,13.4,79,Chennai
2020-01-14,27.2,19.5,0.0,12.7,71,Chennai
2020-01-15,27.9,22.3,0.0,14.8,62,Chennai
2020-01-16,28.0,22.5,0.0,15.6,68,Chennai
2020-01-17,27.5,22.9,2.2,15.8,82,Chennai
2020-01-18,27.8,24.3,10.7,16.2,81,Chennai
2020-01-19,28.5,24.7,0.0,13.0,75,Chennai
2020-01-20,28.5,22.8,0.0,13.5,77,Chennai
2020-01-21,28.4,22.8,0.0,16.3,71,Chennai
2020-01-22,28.3,23.4,0.0,19.7,70,Chennai
2020-01-23,28.3,23.4,0.1,16.8,72,Chennai
2020-01-24,28.2,20.9,0.0,12.8,79,Chennai
2020-01-25,28.0,19.5,0.0,12.9,82,Chennai
2020-01-26,28.1,20.0,0.0,11.6,83,Chennai
2020-01-27,28.4,20.7,0.0,17.6,80,Chennai
2020-01-28,29.0,21.8,0.0,18.7,77,Chennai
2020-01-29,29.1,23.0,0.0,17.9,78,Chennai
2020-01-30,29.2,22.0,0.0,17.1,80,Chennai
2020-01-31,29.0,22.8,0.0,14.8,77,Chennai
2020-02-01,29.3,23.8,0.0,15.6,71,Chennai
2020-02-02,29.0,24.3,0.0,16.9,72,Chennai
2020-02-03,28.6,23.3,0.0,14.7,73,Chennai
2020-02-04,28.7,22.9,1.0,13.7,75,Chennai
2020-02-05,29.0,22.8,0.0,12.0,71,Chennai
2020-02-06,29.0,22.3,0.0,16.1,75,Chennai
2020-02-07,29.0,24.0,0.0,22.2,67,Chennai
2020-02-08,29.2,23.7,0.0,20.5,69,Chennai
2020-02-09,28.3,25.7,0.8,17.1,68,Chennai
2020-02-10,29.2,25.0,0.0,16.9,62,Chennai
2020-02-11,29.0,24.4,0.2,19.1,72,Chennai
2020-02-12,29.2,24.7,0.5,18.7,72,Chennai
2020-02-13,29.7,23.8,0.0,17.3,74,Chennai
2020-02-14,30.6,21.4,0.0,15.5,74,Chennai
2020-02-15,29.8,20.5,0.0,11.9,71,Chennai
2020-02-16,28.7,21.3,0.0,12.4,71,Chennai
2020-02-17,29.1,22.2,0.0,12.1,68,Chennai
2020-02-18,29.1,21.0,0.0,13.8,68,Chennai
2020-02-19,29.0,22.5,0.0,14.2,65,Chennai
2020-02-20,29.5,22.6,0.0,14.8,62,Chennai
2020-02-21,30.0,21.7,0.0,18.8,67,Chennai
2020-02-22,29.8,25.1,0.3,21.1,73,Chennai
2020-02-23,29.5,24.6,0.8,18.0,74,Chennai
2020-02-24,29.8,23.0,0.0,14.1,76,Chennai
2020-02-25,30.2,25.0,0.1,17.1,75,Chennai
2020-02-26,30.0,24.9,0.4,15.8,75,Chennai
2020-02-27,30.0,24.7,0.2,16.6,74,Chennai
2020-02-28,29.7,25.2,0.3,17.4,72,Chennai
2020-02-29,29.6,24.2,0.5,16.3,73,Chennai
2020-03-01,29.7,24.7,0.2,15.1,71,Chennai
2020-03-02,29.5,23.3,0.0,15.6,71,Chennai
2020-03-03,31.0,23.5,0.0,15.7,70,Chennai
2020-03-04,30.9,23.1,0.0,20.2,76,Chennai
2020-03-05,30.5,23.8,0.0,24.7,75,Chennai
2020-03-06,30.0,25.2,0.6,22.5,74,Chennai
2020-03-07,29.6,26.3,0.7,23.8,74,Chennai
2020-03-08,29.8,25.1,0.2,19.4,74,Chennai
2020-03-09,30.4,23.8,0.0,17.1,73,Chennai
2020-03-10,30.5,24.9,0.0,17.9,71,Chennai
2020-03-11,30.2,24.2,0.0,22.6,73,Chennai
2020-03-12,31.0,24.1,0.0,20.0,73,Chennai
2020-03-13,30.7,24.2,0.0,16.9,73,Chennai
2020-03-14,30.9,24.3,0.0,16.4,73,Chennai
2020-03-15,30.7,24.4,0.0,15.2,71,Chennai
2020-03-16,31.2,26.2,0.0,16.0,71,Chennai
2020-03-17,31.4,24.8,0.0,15.3,75,Chennai
2020-03-18,31.5,24.4,0.0,16.3,78,Chennai
2020-03-19,32.3,25.2,0.0,21.6,77,Chennai
2020-03-20,31.6,24.2,0.0,23.2,77,Chennai
2020-03-21,31.7,25.3,0.0,25.4,75,Chennai
2020-03-22,31.5,25.7,0.0,21.0,74,Chennai
2020-03-23,31.3,25.4,0.0,20.0,70,Chennai
2020-03-24,31.2,24.7,0.0,16.5,72,Chennai
2020-03-25,31.4,24.1,0.0,16.8,72,Chennai
2020-03-26,31.6,24.4,0.0,15.7,72,Chennai
2020-03-27,31.8,24.8,0.0,16.5,71,Chennai
2020-03-28,32.1,23.2,0.0,16.5,73,Chennai
2020-03-29,32.4,23.2,0.0,18.9,74,Chennai
2020-03-30,31.5,22.8,0.0,17.3,76,Chennai
2020-03-31,32.0,23.0,0.0,15.8,76,Chennai
2020-04-01,32.7,23.7,0.0,18.2,76,Chennai
2020-04-02,33.1,24.9,0.0,21.0,77,Chennai
2020-04-03,32.4,25.7,0.0,22.0,75,Chennai
2020-04-04,32.1,25.0,0.0,18.6,74,Chennai
2020-04-05,32.3,26.8,1.0,19.7,76,Chennai
2020-04-06,32.8,27.0,1.3,22.5,78,Chennai
2020-04-07,32.4,27.1,0.6,24.6,77,Chennai
2020-04-08,33.2,27.1,0.8,24.9,77,Chennai
2020-04-09,32.1,27.3,1.5,20.0,78,Chennai
2020-04-10,32.6,25.8,0.1,20.2,74,Chennai
2020-04-11,32.1,26.9,0.3,15.7,73,Chennai
2020-04-12,32.3,25.2,0.0,17.8,76,Chennai
2020-04-13,32.3,24.6,0.0,19.3,77,Chennai
2020-04-14,32.4,24.4,0.0,17.2,75,Chennai
2020-04-15,32.4,25.4,0.0,19.3,73,Chennai
2020-04-16,32.8,25.1,0.0,23.6,77,Chennai
2020-04-17,33.2,26.9,0.0,25.3,75,Chennai
2020-04-18,32.8,26.7,0.2,23.2,75,Chennai
2020-04-19,32.8,27.2,0.2,20.5,75,Chennai
2020-04-20,33.0,27.0,0.2,19.9,75,Chennai
2020-04-21,32.8,26.2,0.0,19.0,74,Chennai
2020-04-22,33.4,26.3,0.2,27.1,76,Chennai
2020-04-23,33.5,27.0,0.0,24.5,76,Chennai
2020-04-24,33.6,27.2,0.2,26.9,75,Chennai
2020-04-25,34.6,28.3,0.0,26.3,76,Chennai
2020-04-26,33.6,26.7,0.5,25.7,76,Chennai
2020-04-27,32.9,28.3,2.9,19.4,76,Chennai
2020-04-28,32.8,27.9,0.9,19.2,75,Chennai
2020-04-29,34.2,27.4,0.0,14.8,74,Chennai
2020-04-30,33.1,27.0,0.3,21.4,78,Chennai
2020-05-01,34.0,27.3,0.0,21.0,76,Chennai
2020-05-02,33.7,27.3,0.0,20.9,78,Chennai
2020-05-03,33.8,27.6,0.0,23.2,78,Chennai
2020-05-04,33.5,26.5,0.0,23.7,76,Chennai
2020-05-05,33.6,27.5,0.0,23.5,77,Chennai
2020-05-06,33.4,27.2,0.0,23.7,74,Chennai
2020-05-07,33.8,27.3,0.2,25.0,77,Chennai
2020-05-08,33.9,27.6,0.2,21.2,76,Chennai
2020-05-09,33.8,27.7,0.0,20.5,76,Chennai
2020-05-10,33.5,27.2,0.0,17.3,76,Chennai
2020-05-11,33.4,27.2,0.3,14.8,75,Chennai
2020-05-12,31.2,27.8,1.0,16.5,80,Chennai
2020-05-13,33.3,27.0,0.0,15.8,76,Chennai
2020-05-14,33.3,27.4,0.2,16.7,75,Chennai
2020-05-15,33.9,26.9,0.7,20.0,75,Chennai
2020-05-16,35.5,27.4,0.1,21.9,72,Chennai
2020-05-17,34.9,27.3,0.0,20.1,74,Chennai
2020-05-18,38.7,28.6,0.4,18.5,65,Chennai
2020-05-19,42.0,28.8,0.1,25.1,54,Chennai
2020-05-20,41.6,30.5,0.0,23.8,54,Chennai
2020-05-21,38.9,30.1,0.0,29.7,58,Chennai
2020-05-22,38.2,28.9,0.0,21.2,66,Chennai
2020-05-23,35.4,28.7,0.0,24.4,75,Chennai
2020-05-24,34.3,28.6,0.2,23.4,78,Chennai
2020-05-25,34.1,28.6,0.1,21.7,77,Chennai
2020-05-26,33.9,28.6,1.1,25.3,77,Chennai
2020-05-27,34.7,29.0,0.2,26.4,77,Chennai
2020-05-28,35.5,29.0,0.0,26.9,75,Chennai
2020-05-29,35.8,29.0,0.0,24.2,68,Chennai
2020-05-30,33.5,29.2,0.0,21.6,75,Chennai
2020-05-31,33.9,28.7,0.0,25.7,74,Chennai
2020-06-01,35.0,28.9,0.0,23.0,73,Chennai
2020-06-02,34.6,28.6,0.7,22.8,71,Chennai
2020-06-03,35.8,28.5,0.0,26.1,64,Chennai
2020-06-04,35.8,28.8,0.0,25.1,66,Chennai
2020-06-05,36.3,29.9,0.7,21.9,64,Chennai
2020-06-06,36.5,27.9,2.2,21.7,65,Chennai
2020-06-07,36.8,29.3,0.0,25.2,59,Chennai
2020-06-08,37.1,28.8,0.1,18.0,58,Chennai
2020-06-09,36.9,28.6,0.0,19.1,65,Chennai
2020-06-10,33.6,27.3,0.8,17.7,64,Chennai
2020-06-11,34.9,26.8,1.2,24.5,65,Chennai
2020-06-12,36.3,27.7,0.0,27.8,56,Chennai
2020-06-13,36.1,28.8,0.7,26.8,59,Chennai
2020-06-14,36.9,29.0,0.7,22.1,64,Chennai
2020-06-15,38.4,30.1,1.9,22.0,57,Chennai
2020-06-16,37.1,29.0,0.0,24.0,65,Chennai
2020-06-17,36.9,28.3,0.5,23.8,64,Chennai
2020-06-18,36.7,29.7,0.3,17.2,61,Chennai
2020-06-19,37.2,29.3,0.3,20.7,60,Chennai
2020-06-20,37.0,28.6,0.4,22.1,63,Chennai
2020-06-21,36.7,27.9,0.4,14.6,65,Chennai
2020-06-22,36.3,26.6,7.1,18.2,69,Chennai
2020-06-23,33.5,25.9,8.1,16.5,77,Chennai
2020-06-24,32.6,25.9,2.5,13.2,79,Chennai
2020-06-25,30.8,26.2,1.3,15.8,80,Chennai
2020-06-26,31.3,25.7,3.3,20.6,80,Chennai
2020-06-27,32.8,27.0,2.1,15.3,79,Chennai
2020-06-28,32.4,27.1,2.8,15.6,80,Chennai
2020-06-29,31.4,26.7,5.7,13.7,81,Chennai
2020-06-30,31.7,26.0,10.3,15.9,83,Chennai
2020-07-01,32.8,25.8,7.1,13.6,83,Chennai
2015-01-01,21.3,18.1,22.3,13.2,90,Kolkata
2015-01-02,25.6,19.2,1.7,17.0,84,Kolkata
2015-01-03,27.5,20.8,7.2,8.7,89,Kolkata
2015-01-04,24.2,18.7,0.2,12.2,88,Kolkata
2015-01-05,23.7,15.2,0.0,12.6,79,Kolkata
2015-01-06,23.3,13.9,0.0,10.0,76,Kolkata
2015-01-07,23.2,12.0,0.0,8.9,76,Kolkata
2015-01-08,23.3,12.8,0.0,11.9,75,Kolkata
2015-01-09,23.0,12.0,0.0,14.8,75,Kolkata
2015-01-10,23.6,12.0,0.0,10.5,73,Kolkata
2015-01-11,22.5,11.8,0.0,11.9,76,Kolkata
2015-01-12,23.0,11.0,0.0,11.9,73,Kolkata
2015-01-13,23.3,10.7,0.0,9.4,74,Kolkata
2015-01-14,24.3,12.2,0.0,9.7,75,Kolkata
2015-01-15,24.8,12.8,0.0,9.7,74,Kolkata
2015-01-16,24.8,14.0,0.0,12.4,71,Kolkata
2015-01-17,24.6,14.8,0.0,14.4,66,Kolkata
2015-01-18,23.0,12.1,0.0,11.3,68,Kolkata
2015-01-19,22.6,12.1,0.0,9.7,74,Kolkata
2015-01-20,23.5,12.7,0.0,10.4,74,Kolkata
2015-01-21,24.1,12.5,0.0,10.1,71,Kolkata
2015-01-22,24.8,11.7,0.0,8.7,70,Kolkata
2015-01-23,25.7,11.6,0.0,8.7,69,Kolkata
2015-01-24,26.4,13.5,0.0,10.6,71,Kolkata
2015-01-25,26.3,14.7,0.0,10.6,72,Kolkata
2015-01-26,26.4,14.6,0.0,8.9,71,Kolkata
2015-01-27,27.0,14.9,0.0,8.4,72,Kolkata
2015-01-28,27.6,15.9,0.0,8.4,74,Kolkata
2015-01-29,26.2,16.2,0.0,12.5,75,Kolkata
2015-01-30,22.6,15.3,0.0,13.0,78,Kolkata
2015-01-31,23.6,12.5,0.0,11.3,61,Kolkata
2015-02-01,24.2,10.8,0.0,11.6,63,Kolkata
2015-02-02,25.5,11.5,0.0,9.4,66,Kolkata
2015-02-03,27.7,13.2,0.0,9.3,64,Kolkata
2015-02-04,29.1,15.6,0.0,8.0,64,Kolkata
2015-02-05,28.4,15.2,0.0,10.2,68,Kolkata
2015-02-06,26.2,17.1,0.0,12.4,64,Kolkata
2015-02-07,26.2,13.4,0.0,9.9,60,Kolkata
2015-02-08,27.9,14.0,0.0,8.7,60,Kolkata
2015-02-09,28.4,15.1,0.0,10.8,66,Kolkata
2015-02-10,28.1,16.8,0.0,11.5,65,Kolkata
2015-02-11,27.7,18.4,0.0,11.1,62,Kolkata
2015-02-12,27.6,15.1,0.0,8.4,61,Kolkata
2015-02-13,27.0,16.5,0.0,7.0,74,Kolkata
2015-02-14,27.1,17.3,0.3,9.4,72,Kolkata
2015-02-15,28.9,18.3,2.2,9.5,80,Kolkata
2015-02-16,27.7,18.4,4.1,12.9,84,Kolkata
2015-02-17,28.7,18.7,0.4,8.7,78,Kolkata
2015-02-18,29.1,18.7,5.4,13.0,81,Kolkata
2015-02-19,28.1,19.1,2.9,11.9,83,Kolkata
2015-02-20,29.7,19.4,0.0,8.4,77,Kolkata
2015-02-21,30.4,18.5,0.0,9.5,74,Kolkata
2015-02-22,30.8,20.4,0.1,10.5,75,Kolkata
2015-02-23,31.4,20.2,0.0,11.2,76,Kolkata
2015-02-24,31.7,20.4,0.0,11.9,75,Kolkata
2015-02-25,32.2,21.0,0.0,9.7,72,Kolkata
2015-02-26,33.2,20.9,0.0,16.7,70,Kolkata
2015-02-27,32.9,21.7,0.0,14.6,66,Kolkata
2015-02-28,32.2,20.6,0.0,12.0,72,Kolkata
2015-03-01,32.4,18.9,0.0,9.2,67,Kolkata
2015-03-02,32.0,18.9,0.0,12.5,64,Kolkata
2015-03-03,30.3,19.7,0.0,8.7,63,Kolkata
2015-03-04,27.7,20.9,5.8,14.6,75,Kolkata
2015-03-05,28.7,18.5,0.3,14.3,60,Kolkata
2015-03-06,28.5,15.7,0.0,8.6,59,Kolkata
2015-03-07,29.3,15.8,0.0,9.5,57,Kolkata
2015-03-08,30.8,16.2,0.0,9.4,58,Kolkata
2015-03-09,32.1,17.1,0.0,10.9,58,Kolkata
2015-03-10,33.4,18.8,0.0,9.9,55,Kolkata
2015-03-11,32.5,19.7,0.0,10.9,53,Kolkata
2015-03-12,32.6,17.5,0.0,8.7,52,Kolkata
2015-03-13,33.2,17.9,0.0,9.0,54,Kolkata
2015-03-14,34.3,20.2,0.2,10.6,66,Kolkata
2015-03-15,34.1,22.1,0.0,7.6,60,Kolkata
2015-03-16,31.8,22.2,0.0,14.1,55,Kolkata
2015-03-17,34.8,21.6,0.0,9.6,58,Kolkata
2015-03-18,32.1,23.9,0.0,11.5,58,Kolkata
2015-03-19,32.5,22.9,0.0,13.0,56,Kolkata
2015-03-20,32.8,20.8,0.0,8.7,53,Kolkata
2015-03-21,33.6,20.1,0.0,7.6,55,Kolkata
2015-03-22,34.3,20.8,0.0,9.2,54,Kolkata
2015-03-23,35.6,21.4,0.0,10.8,57,Kolkata
2015-03-24,35.1,23.7,3.3,12.4,70,Kolkata
2015-03-25,33.6,23.5,1.2,13.8,73,Kolkata
2015-03-26,33.0,23.8,1.1,15.2,74,Kolkata
2015-03-27,32.5,23.4,0.0,15.1,72,Kolkata
2015-03-28,31.3,22.5,17.0,17.1,76,Kolkata
2015-03-29,31.8,21.6,12.0,13.7,82,Kolkata
2015-03-30,31.6,23.7,1.3,15.6,79,Kolkata
2015-03-31,30.5,23.4,0.4,13.2,81,Kolkata
2015-04-01,32.8,23.8,1.7,16.6,80,Kolkata
2015-04-02,33.7,25.9,0.3,20.7,76,Kolkata
2015-04-03,35.7,26.1,0.0,13.7,70,Kolkata
2015-04-04,35.3,25.8,0.7,19.8,77,Kolkata
2015-04-05,31.8,22.9,23.6,21.7,83,Kolkata
2015-04-06,30.8,23.3,5.5,14.2,86,Kolkata
2015-04-07,28.7,23.7,18.0,11.9,88,Kolkata
2015-04-08,30.0,24.0,3.5,10.0,85,Kolkata
2015-04-09,33.1,24.5,0.4,12.4,77,Kolkata
2015-04-10,33.8,24.7,0.2,14.8,77,Kolkata
2015-04-11,33.7,25.3,0.4,15.6,78,Kolkata
2015-04-12,31.3,24.4,18.8,10.8,88,Kolkata
2015-04-13,30.0,24.0,0.4,6.0,83,Kolkata
2015-04-14,31.3,24.2,0.0,6.8,79,Kolkata
2015-04-15,32.4,23.9,0.2,8.2,74,Kolkata
2015-04-16,31.9,24.2,0.1,7.5,73,Kolkata
2015-04-17,32.3,24.8,0.5,15.8,74,Kolkata
2015-04-18,33.0,25.3,0.1,21.1,73,Kolkata
2015-04-19,34.6,26.1,0.2,21.1,74,Kolkata
2015-04-20,34.6,26.6,0.0,19.1,73,Kolkata
2015-04-21,36.2,26.6,0.6,20.7,74,Kolkata
2015-04-22,37.1,26.6,1.6,20.9,75,Kolkata
2015-04-23,35.6,26.9,2.6,20.4,76,Kolkata
2015-04-24,30.4,24.3,16.2,26.3,83,Kolkata
2015-04-25,28.4,23.0,23.7,11.3,87,Kolkata
2015-04-26,28.5,21.7,17.8,9.7,90,Kolkata
2015-04-27,30.8,22.0,0.8,10.1,81,Kolkata
2015-04-28,30.7,23.5,13.5,14.2,86,Kolkata
2015-04-29,31.2,24.0,13.1,13.7,88,Kolkata
2015-04-30,32.1,24.8,5.4,16.0,85,Kolkata
2015-05-01,34.0,26.4,0.2,18.5,80,Kolkata
2015-05-02,33.2,26.9,0.0,17.5,80,Kolkata
2015-05-03,33.4,26.3,0.5,19.1,81,Kolkata
2015-05-04,33.1,25.7,0.0,12.3,80,Kolkata
2015-05-05,34.7,25.6,0.0,14.1,79,Kolkata
2015-05-06,34.7,26.5,0.0,15.9,79,Kolkata
2015-05-07,35.6,27.2,0.0,20.3,76,Kolkata
2015-05-08,34.3,26.1,0.0,18.2,77,Kolkata
2015-05-09,33.9,27.2,0.0,14.1,78,Kolkata
2015-05-10,35.2,27.7,0.0,16.3,77,Kolkata
2015-05-11,35.2,27.9,0.3,14.8,77,Kolkata
2015-05-12,35.3,27.7,0.6,12.6,75,Kolkata
2015-05-13,35.6,27.2,0.1,17.6,74,Kolkata
2015-05-14,36.1,28.2,0.1,15.8,72,Kolkata
2015-05-15,35.4,29.0,1.6,15.6,73,Kolkata
2015-05-16,33.6,26.9,7.2,14.4,77,Kolkata
2015-05-17,33.4,26.5,3.7,13.5,77,Kolkata
2015-05-18,34.4,26.1,0.4,13.6,75,Kolkata
2015-05-19,32.9,27.0,0.0,9.4,73,Kolkata
2015-05-20,34.3,27.0,2.4,9.7,80,Kolkata
2015-05-21,37.3,27.9,0.4,15.9,75,Kolkata
2015-05-22,39.4,28.9,0.0,20.2,71,Kolkata
2015-05-23,38.0,29.0,0.0,22.7,74,Kolkata
2015-05-24,38.8,29.5,0.0,25.8,74,Kolkata
2015-05-25,37.4,29.2,0.0,21.6,74,Kolkata
2015-05-26,36.9,28.9,0.0,21.2,73,Kolkata
2015-05-27,36.3,28.8,0.0,18.8,72,Kolkata
2015-05-28,36.8,28.7,0.0,21.3,70,Kolkata
2015-05-29,36.0,28.9,0.0,21.8,70,Kolkata
2015-05-30,36.4,28.8,0.3,20.9,68,Kolkata
2015-05-31,36.5,28.8,0.0,24.5,68,Kolkata
2015-06-01,36.5,28.8,0.0,23.0,68,Kolkata
2015-06-02,36.4,28.9,0.3,19.7,68,Kolkata
2015-06-03,36.4,28.3,0.4,16.0,69,Kolkata
2015-06-04,35.1,28.6,1.3,12.6,71,Kolkata
2015-06-05,36.3,28.4,0.6,17.5,69,Kolkata
2015-06-06,36.8,28.4,0.1,19.1,68,Kolkata
2015-06-07,37.4,28.9,0.4,18.4,67,Kolkata
2015-06-08,38.1,28.8,0.0,20.9,67,Kolkata
2015-06-09,38.1,29.3,0.0,21.0,67,Kolkata
2015-06-10,38.4,29.9,0.0,24.3,70,Kolkata
2015-06-11,37.1,27.9,12.2,26.0,75,Kolkata
2015-06-12,31.7,27.2,10.4,17.3,85,Kolkata
2015-06-13,31.1,27.0,12.5,12.2,83,Kolkata
2015-06-14,32.9,26.3,7.7,13.5,86,Kolkata
2015-06-15,31.5,26.3,8.4,14.8,87,Kolkata
2015-06-16,29.8,26.3,9.0,12.4,87,Kolkata
2015-06-17,32.1,26.3,14.8,14.2,84,Kolkata
2015-06-18,32.3,26.6,1.0,15.6,80,Kolkata
2015-06-19,32.3,26.7,11.9,19.0,83,Kolkata
2015-06-20,29.8,26.6,6.1,24.7,84,Kolkata
2015-06-21,30.0,26.1,10.4,22.7,87,Kolkata
2015-06-22,30.8,26.2,4.4,19.8,86,Kolkata
2015-06-23,30.6,26.5,1.1,17.6,83,Kolkata
2015-06-24,28.7,25.5,17.8,18.9,92,Kolkata
2015-06-25,27.4,25.9,24.4,16.3,94,Kolkata
2015-06-26,28.5,26.3,18.0,16.7,91,Kolkata
2015-06-27,27.9,25.0,21.9,18.0,86,Kolkata
2015-06-28,30.5,26.3,22.1,15.0,91,Kolkata
2015-06-29,30.5,26.0,5.9,15.4,87,Kolkata
2015-06-30,31.3,25.9,17.8,13.8,87,Kolkata
2015-07-01,30.7,25.5,12.2,12.0,91,Kolkata
2015-07-02,31.8,25.7,18.2,8.7,88,Kolkata
2015-07-03,32.7,26.5,4.9,11.1,85,Kolkata
2015-07-04,33.5,27.0,8.2,9.7,86,Kolkata
2015-07-05,31.0,27.2,6.3,8.3,86,Kolkata
2015-07-06,31.5,27.0,0.9,7.4,86,Kolkata
2015-07-07,31.4,26.3,42.9,8.0,90,Kolkata
2015-07-08,29.3,25.9,25.5,5.9,93,Kolkata
2015-07-09,29.1,26.3,26.9,23.4,92,Kolkata
2015-07-10,28.1,26.3,40.8,23.8,92,Kolkata
2015-07-11,31.9,25.3,8.9,19.6,88,Kolkata
2015-07-12,31.7,26.3,0.2,10.6,83,Kolkata
2015-07-13,33.0,27.1,11.8,10.8,86,Kolkata
2015-07-14,32.3,27.0,23.8,12.7,88,Kolkata
2015-07-15,32.1,26.6,26.4,13.0,90,Kolkata
2015-07-16,30.8,26.1,42.6,8.4,91,Kolkata
2015-07-17,28.5,25.8,35.1,8.3,94,Kolkata
2015-07-18,30.4,26.0,53.4,12.1,92,Kolkata
2015-07-19,30.1,26.3,20.4,14.8,90,Kolkata
2015-07-20,28.6,25.4,24.6,10.2,93,Kolkata
2015-07-21,31.0,25.7,10.1,12.6,88,Kolkata
2015-07-22,30.2,25.2,16.5,13.8,91,Kolkata
2015-07-23,30.5,25.4,13.7,22.0,88,Kolkata
2015-07-24,30.1,25.6,24.0,18.6,91,Kolkata
2015-07-25,27.5,25.3,39.7,15.6,94,Kolkata
2015-07-26,29.8,24.5,21.8,17.3,89,Kolkata
2015-07-27,26.1,24.1,21.6,21.3,91,Kolkata
2015-07-28,29.3,24.6,19.4,21.2,88,Kolkata
2015-07-29,28.6,25.3,75.7,23.0,92,Kolkata
2015-07-30,31.3,25.5,100.2,22.7,89,Kolkata
2015-07-31,28.8,24.7,32.1,22.0,93,Kolkata
2015-08-01,26.8,24.3,24.9,20.1,92,Kolkata
2015-08-02,27.5,25.0,30.1,20.9,91,Kolkata
2015-08-03,31.5,25.9,5.2,18.3,85,Kolkata
2015-08-04,32.2,25.6,1.5,15.0,84,Kolkata
2015-08-05,32.9,26.3,5.9,12.1,85,Kolkata
2015-08-06,31.9,26.1,0.8,8.0,81,Kolkata
2015-08-07,31.7,26.2,1.8,10.5,82,Kolkata
2015-08-08,32.0,25.9,0.1,10.0,78,Kolkata
2015-08-09,32.3,26.1,1.0,11.7,81,Kolkata
2015-08-10,31.7,26.8,6.1,13.2,83,Kolkata
2015-08-11,31.6,26.7,4.4,17.2,86,Kolkata
2015-08-12,31.1,26.9,5.4,18.0,85,Kolkata
2015-08-13,31.0,26.5,3.5,16.0,83,Kolkata
2015-08-14,31.8,26.0,6.6,16.2,86,Kolkata
2015-08-15,30.2,26.6,5.2,19.1,88,Kolkata
2015-08-16,29.3,26.3,9.2,16.5,88,Kolkata
2015-08-17,31.7,26.0,13.7,19.1,87,Kolkata
2015-08-18,30.5,26.7,0.3,20.4,85,Kolkata
2015-08-19,31.6,27.0,17.3,20.7,88,Kolkata
2015-08-20,32.1,27.1,1.3,16.0,86,Kolkata
2015-08-21,32.8,26.4,8.0,11.1,86,Kolkata
2015-08-22,32.6,26.1,0.7,10.1,84,Kolkata
2015-08-23,31.9,26.3,13.9,9.8,87,Kolkata
2015-08-24,32.2,26.4,9.0,9.4,87,Kolkata
2015-08-25,31.2,26.0,18.5,9.2,90,Kolkata
2015-08-26,31.6,25.8,9.7,13.6,83,Kolkata
2015-08-27,31.2,26.4,2.2,18.4,84,Kolkata
2015-08-28,31.0,26.3,10.1,18.2,87,Kolkata
2015-08-29,31.3,26.2,8.8,17.0,87,Kolkata
2015-08-30,31.4,26.1,19.0,16.7,88,Kolkata
2015-08-31,31.1,25.6,24.5,11.9,91,Kolkata
2015-09-01,27.9,26.2,23.6,11.6,94,Kolkata
2015-09-02,31.9,26.2,3.7,13.4,86,Kolkata
2015-09-03,31.1,26.5,1.0,11.9,87,Kolkata
2015-09-04,32.3,26.7,0.9,10.3,86,Kolkata
2015-09-05,32.8,26.4,5.4,8.6,87,Kolkata
2015-09-06,33.2,26.3,0.0,10.9,82,Kolkata
2015-09-07,33.3,26.5,0.0,11.5,79,Kolkata
2015-09-08,33.8,26.5,0.0,8.8,77,Kolkata
2015-09-09,34.0,26.4,0.0,7.3,76,Kolkata
2015-09-10,31.7,27.0,2.9,9.5,84,Kolkata
2015-09-11,31.2,25.7,3.8,14.1,85,Kolkata
2015-09-12,32.0,26.0,3.8,13.3,84,Kolkata
2015-09-13,31.3,26.0,12.0,10.4,87,Kolkata
2015-09-14,30.8,26.5,4.1,17.5,86,Kolkata
2015-09-15,29.6,25.8,11.5,20.9,88,Kolkata
2015-09-16,30.9,26.0,11.6,15.3,89,Kolkata
2015-09-17,31.9,26.1,2.1,12.8,85,Kolkata
2015-09-18,32.4,25.9,6.0,6.8,86,Kolkata
2015-09-19,29.9,26.0,20.8,14.5,90,Kolkata
2015-09-20,28.9,25.3,11.3,18.3,90,Kolkata
2015-09-21,29.9,25.4,7.8,19.7,89,Kolkata
2015-09-22,30.6,26.5,13.5,20.4,86,Kolkata
2015-09-23,29.1,25.7,25.8,13.6,92,Kolkata
2015-09-24,30.9,26.2,7.9,10.8,91,Kolkata
2015-09-25,33.0,26.1,0.0,9.3,80,Kolkata
2015-09-26,32.3,25.6,2.1,7.5,84,Kolkata
2015-09-27,32.0,25.4,0.4,6.7,83,Kolkata
2015-09-28,31.7,25.4,0.0,5.6,80,Kolkata
2015-09-29,31.9,24.7,0.0,6.4,80,Kolkata
2015-09-30,32.6,25.6,0.0,6.9,80,Kolkata
2015-10-01,32.8,26.1,0.5,7.2,82,Kolkata
2015-10-02,33.0,26.1,2.2,9.8,83,Kolkata
2015-10-03,33.1,26.1,0.6,8.2,84,Kolkata
2015-10-04,32.8,25.6,0.4,5.7,84,Kolkata
2015-10-05,32.1,25.4,0.0,10.2,80,Kolkata
2015-10-06,32.3,26.0,5.2,9.0,84,Kolkata
2015-10-07,29.4,25.7,3.9,12.1,88,Kolkata
2015-10-08,29.3,25.0,3.8,13.7,88,Kolkata
2015-10-09,31.5,24.2,0.8,10.2,84,Kolkata
2015-10-10,32.9,25.0,0.0,8.7,80,Kolkata
2015-10-11,31.9,24.0,0.0,7.7,82,Kolkata
2015-10-12,31.0,23.3,0.2,8.4,85,Kolkata
2015-10-13,28.9,23.5,1.5,8.6,86,Kolkata
2015-10-14,29.4,23.0,8.0,9.4,86,Kolkata
2015-10-15,28.0,22.9,2.5,10.3,88,Kolkata
2015-10-16,29.8,23.2,1.3,5.0,86,Kolkata
2015-10-17,30.3,24.2,0.5,4.7,82,Kolkata
2015-10-18,31.2,24.0,0.2,7.2,80,Kolkata
2015-10-19,30.6,24.6,0.1,7.2,79,Kolkata
2015-10-20,30.7,23.4,0.4,6.9,82,Kolkata
2015-10-21,31.1,23.6,0.7,6.8,83,Kolkata
2015-10-22,31.7,23.8,0.1,6.9,81,Kolkata
2015-10-23,32.4,23.5,0.0,8.1,76,Kolkata
2015-10-24,32.0,22.7,0.0,9.1,70,Kolkata
2015-10-25,31.0,20.7,0.0,8.7,73,Kolkata
2015-10-26,30.3,19.9,0.0,7.9,71,Kolkata
2015-10-27,30.4,20.7,0.0,8.1,72,Kolkata
2015-10-28,30.0,22.2,0.0,7.7,74,Kolkata
2015-10-29,30.0,22.6,0.0,8.5,74,Kolkata
2015-10-30,28.7,21.5,0.6,10.2,77,Kolkata
2015-10-31,27.1,22.1,5.3,13.4,87,Kolkata
2015-11-01,27.9,21.4,0.1,16.3,82,Kolkata
2015-11-02,28.0,22.1,0.0,9.7,80,Kolkata
2015-11-03,29.0,20.8,0.0,10.0,81,Kolkata
2015-11-04,30.0,21.6,0.0,6.9,78,Kolkata
2015-11-05,30.4,21.2,0.1,6.5,78,Kolkata
2015-11-06,31.1,21.9,0.0,7.1,74,Kolkata
2015-11-07,30.5,20.8,0.2,7.9,75,Kolkata
2015-11-08,30.6,20.8,0.0,10.7,71,Kolkata
2015-11-09,29.8,19.1,0.0,10.5,70,Kolkata
2015-11-10,28.7,19.6,0.0,8.3,71,Kolkata
2015-11-11,29.8,19.2,0.0,9.5,70,Kolkata
2015-11-12,30.4,19.9,0.0,10.9,67,Kolkata
2015-11-13,30.6,20.0,0.0,9.4,66,Kolkata
2015-11-14,30.6,20.9,0.0,7.1,67,Kolkata
2015-11-15,30.7,20.4,0.0,7.6,69,Kolkata
2015-11-16,30.5,19.8,0.0,7.4,72,Kolkata
2015-11-17,28.6,21.4,0.1,10.3,82,Kolkata
2015-11-18,28.9,21.3,0.0,8.5,73,Kolkata
2015-11-19,29.2,18.9,0.0,13.6,74,Kolkata
2015-11-20,29.6,18.4,0.0,12.7,72,Kolkata
2015-11-21,29.4,18.2,0.0,9.1,69,Kolkata
2015-11-22,29.1,17.7,0.0,10.4,68,Kolkata
2015-11-23,28.9,18.3,0.0,10.5,67,Kolkata
2015-11-24,29.0,19.4,0.0,9.3,67,Kolkata
2015-11-25,29.1,19.3,0.0,8.0,67,Kolkata
2015-11-26,28.9,19.0,0.0,12.1,66,Kolkata
2015-11-27,28.7,19.6,0.0,7.2,65,Kolkata
2015-11-28,28.8,19.1,0.0,6.4,73,Kolkata
2015-11-29,29.6,20.7,0.0,7.3,70,Kolkata
2015-11-30,29.9,20.6,0.0,7.6,71,Kolkata
2015-12-01,30.1,22.3,0.0,9.4,73,Kolkata
2015-12-02,28.8,22.1,1.5,8.4,80,Kolkata
2015-12-03,28.8,20.0,7.3,7.8,83,Kolkata
2015-12-04,27.8,19.3,0.0,8.2,80,Kolkata
2015-12-05,27.6,18.4,0.1,7.1,75,Kolkata
2015-12-06,25.9,20.6,0.2,7.2,75,Kolkata
2015-12-07,26.9,18.3,0.2,8.1,78,Kolkata
2015-12-08,27.0,17.7,0.0,11.3,70,Kolkata
2015-12-09,27.5,16.7,0.0,10.2,70,Kolkata
2015-12-10,27.6,17.2,0.0,7.6,73,Kolkata
2015-12-11,27.6,19.0,0.1,8.3,79,Kolkata
2015-12-12,29.3,19.1,0.0,13.0,78,Kolkata
2015-12-13,27.4,20.8,1.7,7.6,84,Kolkata
2015-12-14,25.9,19.6,0.2,10.7,80,Kolkata
2015-12-15,25.8,18.9,0.0,12.1,68,Kolkata
2015-12-16,24.7,15.6,0.0,11.3,62,Kolkata
2015-12-17,24.6,12.9,0.0,8.7,65,Kolkata
2015-12-18,20.4,16.0,10.6,6.6,86,Kolkata
2015-12-19,23.5,14.8,0.0,10.0,78,Kolkata
2015-12-20,23.5,11.2,0.0,8.8,69,Kolkata
2015-12-21,24.0,13.3,0.0,9.0,68,Kolkata
2015-12-22,23.8,15.7,0.0,7.3,71,Kolkata
2015-12-23,25.4,16.8,0.0,6.6,67,Kolkata
2015-12-24,24.5,18.6,0.0,6.7,69,Kolkata
2015-12-25,22.4,14.6,0.0,15.1,66,Kolkata
2015-12-26,23.2,12.6,0.0,13.9,59,Kolkata
2015-12-27,23.5,11.6,0.0,10.5,58,Kolkata
2015-12-28,24.2,11.3,0.0,10.7,63,Kolkata
2015-12-29,25.1,14.3,0.0,8.4,65,Kolkata
2015-12-30,25.6,14.8,0.0,8.7,67,Kolkata
2015-12-31,25.9,15.0,0.0,9.1,71,Kolkata
2016-01-01,26.3,14.0,0.0,7.9,72,Kolkata
2016-01-02,26.2,14.5,0.0,10.7,71,Kolkata
2016-01-03,25.8,14.4,0.0,6.6,72,Kolkata
2016-01-04,25.5,14.5,0.0,9.3,71,Kolkata
2016-01-05,25.0,13.9,0.0,9.1,70,Kolkata
2016-01-06,25.8,15.5,0.0,8.7,70,Kolkata
2016-01-07,26.0,15.5,0.0,7.6,72,Kolkata
2016-01-08,27.9,15.7,0.0,9.4,76,Kolkata
2016-01-09,27.8,17.2,0.0,10.3,75,Kolkata
2016-01-10,26.6,16.7,0.0,12.1,61,Kolkata
2016-01-11,25.2,13.0,0.0,9.4,66,Kolkata
2016-01-12,25.1,13.1,0.0,7.6,68,Kolkata
2016-01-13,24.9,13.7,0.0,9.2,69,Kolkata
2016-01-14,25.8,15.4,0.0,9.0,68,Kolkata
2016-01-15,27.1,15.7,0.0,9.4,71,Kolkata
2016-01-16,27.1,16.2,0.0,9.1,69,Kolkata
2016-01-17,26.5,17.4,0.0,11.0,67,Kolkata
2016-01-18,26.4,16.3,0.0,7.1,65,Kolkata
2016-01-19,26.9,17.9,0.2,7.6,72,Kolkata
2016-01-20,26.3,17.8,11.4,12.3,88,Kolkata
2016-01-21,23.0,15.2,0.7,15.6,73,Kolkata
2016-01-22,22.2,12.1,0.0,13.4,69,Kolkata
2016-01-23,21.8,11.4,0.0,13.2,69,Kolkata
2016-01-24,22.0,9.6,0.0,12.4,71,Kolkata
2016-01-25,22.9,10.0,0.0,9.3,71,Kolkata
2016-01-26,23.9,12.0,0.0,7.3,69,Kolkata
2016-01-27,23.0,13.1,1.0,8.1,81,Kolkata
2016-01-28,24.9,16.7,3.4,9.1,80,Kolkata
2016-01-29,25.4,13.6,0.0,11.0,67,Kolkata
2016-01-30,26.5,14.2,0.0,8.3,69,Kolkata
2016-01-31,28.2,16.0,0.0,8.1,78,Kolkata
2016-02-01,28.9,17.4,0.0,7.2,73,Kolkata
2016-02-02,27.7,17.7,0.0,7.3,79,Kolkata
2016-02-03,26.6,18.7,0.4,7.9,80,Kolkata
2016-02-04,26.0,18.2,0.0,12.5,61,Kolkata
2016-02-05,26.5,15.2,0.0,8.4,61,Kolkata
2016-02-06,26.9,14.1,0.0,7.3,66,Kolkata
2016-02-07,27.7,15.8,0.0,7.4,67,Kolkata
2016-02-08,28.2,16.6,0.0,15.2,74,Kolkata
2016-02-09,27.5,19.7,1.6,7.9,75,Kolkata
2016-02-10,28.2,16.8,0.0,7.9,68,Kolkata
2016-02-11,29.8,18.7,0.5,13.7,78,Kolkata
2016-02-12,29.9,21.6,0.4,14.2,76,Kolkata
2016-02-13,29.5,20.8,0.7,11.1,81,Kolkata
2016-02-14,29.0,21.3,0.1,8.9,82,Kolkata
2016-02-15,29.7,20.6,0.1,6.8,79,Kolkata
2016-02-16,31.1,21.9,0.4,6.5,76,Kolkata
2016-02-17,32.0,21.6,0.0,7.7,73,Kolkata
2016-02-18,33.3,21.4,0.0,12.1,68,Kolkata
2016-02-19,33.9,22.6,0.0,10.7,62,Kolkata
2016-02-20,35.0,22.3,0.0,10.3,59,Kolkata
2016-02-21,35.4,23.0,0.0,13.1,60,Kolkata
2016-02-22,32.5,23.2,0.0,12.3,61,Kolkata
2016-02-23,31.6,23.3,0.7,9.4,75,Kolkata
2016-02-24,24.9,21.5,50.2,9.1,91,Kolkata
2016-02-25,26.6,20.9,44.7,10.5,87,Kolkata
2016-02-26,27.7,21.7,8.5,9.4,89,Kolkata
2016-02-27,27.8,21.2,4.0,7.6,82,Kolkata
2016-02-28,28.6,20.6,0.0,5.0,83,Kolkata
2016-02-29,28.8,21.6,0.9,6.0,83,Kolkata
2016-03-01,30.0,20.6,0.3,7.2,78,Kolkata
2016-03-02,30.0,21.5,0.8,9.2,82,Kolkata
2016-03-03,30.5,21.1,0.0,11.5,82,Kolkata
2016-03-04,32.1,21.7,0.0,11.5,76,Kolkata
2016-03-05,32.4,21.5,0.0,9.6,78,Kolkata
2016-03-06,32.1,23.1,1.0,8.0,78,Kolkata
2016-03-07,31.7,21.6,0.0,8.4,72,Kolkata
2016-03-08,31.7,23.3,0.0,11.1,72,Kolkata
2016-03-09,32.7,22.5,0.0,12.6,70,Kolkata
2016-03-10,32.5,23.7,0.0,9.9,76,Kolkata
2016-03-11,32.9,23.9,0.2,9.7,76,Kolkata
2016-03-12,33.4,23.8,0.0,11.7,72,Kolkata
2016-03-13,32.5,23.1,0.0,20.0,67,Kolkata
2016-03-14,30.9,21.2,0.0,11.1,67,Kolkata
2016-03-15,31.9,21.2,0.0,9.7,67,Kolkata
2016-03-16,31.8,23.7,0.8,9.3,69,Kolkata
2016-03-17,32.2,22.5,0.0,10.3,60,Kolkata
2016-03-18,33.0,22.7,0.2,13.9,77,Kolkata
2016-03-19,32.3,24.9,13.3,15.8,83,Kolkata
2016-03-20,32.6,25.3,0.8,11.4,82,Kolkata
2016-03-21,34.5,25.6,0.2,10.9,74,Kolkata
2016-03-22,34.0,24.1,0.0,11.2,67,Kolkata
2016-03-23,33.4,23.1,0.0,8.9,67,Kolkata
2016-03-24,33.6,20.3,0.0,8.6,65,Kolkata
2016-03-25,34.1,23.3,0.0,12.6,68,Kolkata
2016-03-26,34.4,24.1,0.0,14.9,71,Kolkata
2016-03-27,33.8,25.0,0.6,23.1,75,Kolkata
2016-03-28,34.4,25.9,0.6,21.9,65,Kolkata
2016-03-29,34.3,25.0,0.0,17.3,72,Kolkata
2016-03-30,33.3,26.0,0.6,20.1,74,Kolkata
2016-03-31,33.2,21.8,1.6,14.8,76,Kolkata
2016-04-01,32.4,24.5,3.2,15.6,79,Kolkata
2016-04-02,33.5,24.1,3.5,17.3,82,Kolkata
2016-04-03,33.9,26.4,0.1,19.4,77,Kolkata
2016-04-04,35.4,26.5,5.1,16.5,76,Kolkata
2016-04-05,35.4,26.3,0.0,19.9,78,Kolkata
2016-04-06,37.8,25.6,2.1,14.8,56,Kolkata
2016-04-07,37.9,25.2,0.0,13.8,61,Kolkata
2016-04-08,36.4,26.7,0.8,14.4,67,Kolkata
2016-04-09,37.9,26.5,0.7,14.0,65,Kolkata
2016-04-10,38.8,26.5,0.0,13.8,59,Kolkata
2016-04-11,40.2,26.8,0.4,13.7,53,Kolkata
2016-04-12,39.7,27.2,0.0,14.2,52,Kolkata
2016-04-13,38.8,25.7,0.0,17.6,55,Kolkata
2016-04-14,39.5,26.5,0.0,21.0,66,Kolkata
2016-04-15,40.3,26.9,0.0,19.1,65,Kolkata
2016-04-16,36.9,27.4,0.0,24.3,73,Kolkata
2016-04-17,38.2,27.3,0.0,20.1,70,Kolkata
2016-04-18,37.1,27.8,0.0,19.9,68,Kolkata
2016-04-19,39.2,28.0,0.0,20.9,62,Kolkata
2016-04-20,38.0,27.7,0.0,20.4,65,Kolkata
2016-04-21,38.1,27.6,0.0,22.7,69,Kolkata
2016-04-22,38.9,27.9,0.0,19.6,67,Kolkata
2016-04-23,39.4,28.0,0.0,18.7,65,Kolkata
2016-04-24,39.8,27.9,0.0,19.1,55,Kolkata
2016-04-25,37.3,27.9,0.0,18.8,72,Kolkata
2016-04-26,36.7,28.0,0.0,19.3,72,Kolkata
2016-04-27,38.0,28.0,0.0,17.0,70,Kolkata
2016-04-28,38.9,27.8,0.0,16.7,70,Kolkata
2016-04-29,39.4,27.7,1.2,16.2,68,Kolkata
2016-04-30,38.8,28.0,0.0,14.8,62,Kolkata
2016-05-01,39.4,27.2,1.4,19.2,62,Kolkata
2016-05-02,38.1,24.4,23.2,14.5,74,Kolkata
2016-05-03,34.6,25.5,7.8,16.1,78,Kolkata
2016-05-04,34.4,26.9,2.9,13.6,79,Kolkata
2016-05-05,34.6,26.9,1.9,13.0,77,Kolkata
2016-05-06,35.3,25.4,0.8,12.6,75,Kolkata
2016-05-07,34.8,26.6,10.2,15.8,76,Kolkata
2016-05-08,34.4,25.7,1.4,14.0,78,Kolkata
2016-05-09,33.6,26.6,2.8,11.7,79,Kolkata
2016-05-10,34.0,27.2,3.3,10.7,79,Kolkata
2016-05-11,34.9,26.5,0.3,11.6,74,Kolkata
2016-05-12,35.5,27.4,6.8,17.9,75,Kolkata
2016-05-13,36.2,26.6,6.0,20.1,78,Kolkata
2016-05-14,35.5,28.2,0.0,24.4,74,Kolkata
2016-05-15,35.5,28.0,0.0,24.2,72,Kolkata
2016-05-16,35.5,28.7,0.2,26.3,71,Kolkata
2016-05-17,35.3,28.6,0.0,25.7,71,Kolkata
2016-05-18,35.6,28.0,0.8,22.5,71,Kolkata
2016-05-19,30.7,26.0,8.6,18.4,86,Kolkata
2016-05-20,27.7,25.5,24.0,16.6,94,Kolkata
2016-05-21,29.3,24.5,63.6,25.4,89,Kolkata
2016-05-22,34.1,25.0,0.0,11.8,81,Kolkata
2016-05-23,34.4,27.5,2.1,12.3,84,Kolkata
2016-05-24,33.8,27.1,3.3,8.4,84,Kolkata
2016-05-25,35.5,27.0,1.5,14.5,83,Kolkata
2016-05-26,35.0,27.3,7.1,9.9,84,Kolkata
2016-05-27,34.5,27.2,0.0,16.6,81,Kolkata
2016-05-28,33.8,27.4,5.6,8.7,83,Kolkata
2016-05-29,34.4,27.2,0.7,7.7,81,Kolkata
2016-05-30,34.3,26.9,3.4,11.6,79,Kolkata
2016-05-31,34.4,27.6,4.1,13.2,81,Kolkata
2016-06-01,33.2,27.7,0.9,11.9,82,Kolkata
2016-06-02,33.3,26.7,1.8,11.3,82,Kolkata
2016-06-03,32.9,26.8,1.7,15.5,80,Kolkata
2016-06-04,32.6,26.7,2.1,14.6,81,Kolkata
2016-06-05,32.1,26.6,2.6,12.8,82,Kolkata
2016-06-06,30.6,26.4,11.5,11.6,87,Kolkata
2016-06-07,31.8,25.7,8.5,15.2,86,Kolkata
2016-06-08,31.8,26.3,3.2,11.4,83,Kolkata
2016-06-09,31.4,26.5,1.5,9.7,84,Kolkata
2016-06-10,33.9,27.1,12.9,10.4,82,Kolkata
2016-06-11,37.3,28.8,1.8,18.9,76,Kolkata
2016-06-12,35.4,29.4,0.0,17.4,79,Kolkata
2016-06-13,33.3,27.7,14.2,11.5,87,Kolkata
2016-06-14,34.5,27.1,6.4,11.0,82,Kolkata
2016-06-15,33.6,26.8,22.3,17.8,83,Kolkata
2016-06-16,32.7,26.9,8.1,10.0,82,Kolkata
2016-06-17,31.9,26.4,8.8,13.8,84,Kolkata
2016-06-18,30.8,26.0,5.2,17.9,85,Kolkata
2016-06-19,31.3,26.1,5.8,18.1,84,Kolkata
2016-06-20,32.1,26.8,1.2,18.7,80,Kolkata
2016-06-21,32.6,27.0,0.8,14.1,81,Kolkata
2016-06-22,32.5,27.3,1.2,14.2,79,Kolkata
2016-06-23,31.6,27.6,0.6,14.1,80,Kolkata
2016-06-24,31.3,27.2,12.5,13.1,84,Kolkata
2016-06-25,32.2,26.8,1.0,13.2,78,Kolkata
2016-06-26,32.9,26.6,14.7,12.5,85,Kolkata
2016-06-27,31.7,26.8,9.7,16.2,84,Kolkata
2016-06-28,32.1,26.8,2.2,18.9,82,Kolkata
2016-06-29,32.9,27.2,1.9,18.3,80,Kolkata
2016-06-30,32.7,27.1,2.4,17.0,81,Kolkata
2016-07-01,31.2,27.1,4.8,14.8,85,Kolkata
2016-07-02,29.8,26.2,7.3,16.2,89,Kolkata
2016-07-03,29.3,26.2,10.6,20.6,91,Kolkata
2016-07-04,29.8,26.5,30.8,19.2,90,Kolkata
2016-07-05,29.6,26.4,30.6,18.9,92,Kolkata
2016-07-06,30.2,26.5,6.6,13.0,91,Kolkata
2016-07-07,31.9,26.6,5.2,10.8,86,Kolkata
2016-07-08,31.7,26.4,11.1,17.1,86,Kolkata
2016-07-09,30.4,26.0,1.1,15.5,85,Kolkata
2016-07-10,30.6,26.1,1.8,16.2,83,Kolkata
2016-07-11,31.0,26.2,16.1,16.8,86,Kolkata
2016-07-12,30.4,26.0,6.2,15.9,87,Kolkata
2016-07-13,31.3,26.9,2.2,13.4,81,Kolkata
2016-07-14,31.1,27.4,10.5,14.1,85,Kolkata
2016-07-15,30.7,26.3,31.0,15.0,90,Kolkata
2016-07-16,29.6,26.8,5.1,21.5,89,Kolkata
2016-07-17,29.1,26.7,3.3,16.5,90,Kolkata
2016-07-18,30.2,26.9,1.1,16.3,86,Kolkata
2016-07-19,31.6,26.2,6.6,11.7,85,Kolkata
2016-07-20,31.6,27.1,12.1,11.5,86,Kolkata
2016-07-21,31.7,26.9,0.8,16.8,86,Kolkata
2016-07-22,29.6,26.5,10.3,18.5,87,Kolkata
2016-07-23,29.5,25.6,10.7,18.5,88,Kolkata
2016-07-24,30.5,25.9,6.2,16.3,87,Kolkata
2016-07-25,28.5,25.7,15.8,16.0,92,Kolkata
2016-07-26,28.3,24.8,6.9,16.0,92,Kolkata
2016-07-27,30.7,24.5,6.7,13.7,87,Kolkata
2016-07-28,32.0,25.7,0.0,10.8,80,Kolkata
2016-07-29,32.0,26.3,5.1,8.6,86,Kolkata
2016-07-30,31.6,26.4,18.5,9.3,89,Kolkata
2016-07-31,32.3,25.4,7.6,8.1,84,Kolkata
2016-08-01,29.4,25.1,11.5,11.6,88,Kolkata
2016-08-02,28.2,25.3,7.9,13.7,91,Kolkata
2016-08-03,30.1,25.4,7.1,17.9,87,Kolkata
2016-08-04,30.6,25.3,3.2,19.1,85,Kolkata
2016-08-05,31.0,25.9,8.3,18.5,86,Kolkata
2016-08-06,27.5,25.8,36.6,15.3,94,Kolkata
2016-08-07,29.4,25.1,9.5,12.4,92,Kolkata
2016-08-08,27.7,25.5,57.0,9.1,94,Kolkata
2016-08-09,27.8,25.5,15.9,17.8,94,Kolkata
2016-08-10,26.4,25.1,17.0,17.6,95,Kolkata
2016-08-11,30.4,25.3,11.1,21.7,88,Kolkata
2016-08-12,31.0,25.8,6.5,15.5,85,Kolkata
2016-08-13,32.4,26.6,3.6,16.2,82,Kolkata
2016-08-14,32.2,26.9,12.5,11.2,86,Kolkata
2016-08-15,32.1,26.2,13.4,9.4,88,Kolkata
2016-08-16,32.0,26.3,2.5,13.9,86,Kolkata
2016-08-17,27.1,25.8,14.4,21.5,93,Kolkata
2016-08-18,30.7,26.0,22.9,20.8,86,Kolkata
2016-08-19,31.2,26.7,2.2,12.0,83,Kolkata
2016-08-20,33.3,26.1,0.3,10.0,82,Kolkata
2016-08-21,29.6,26.7,54.5,24.5,88,Kolkata
2016-08-22,27.6,25.3,79.6,24.0,92,Kolkata
2016-08-23,31.8,24.7,5.0,9.3,86,Kolkata
2016-08-24,32.2,25.6,0.5,6.9,82,Kolkata
2016-08-25,32.8,26.1,5.5,9.8,85,Kolkata
2016-08-26,32.3,26.0,0.8,13.2,83,Kolkata
2016-08-27,31.9,25.5,2.9,11.4,82,Kolkata
2016-08-28,31.7,26.1,1.6,8.1,83,Kolkata
2016-08-29,32.4,26.6,7.5,8.4,85,Kolkata
2016-08-30,32.8,26.5,0.2,12.2,83,Kolkata
2016-08-31,29.4,26.8,19.2,15.2,89,Kolkata
2016-09-01,31.3,26.1,7.4,15.5,89,Kolkata
2016-09-02,30.7,26.8,6.0,14.8,87,Kolkata
2016-09-03,30.6,25.8,32.2,9.4,89,Kolkata
2016-09-04,31.2,26.0,13.2,7.9,89,Kolkata
2016-09-05,31.3,26.1,7.9,11.5,90,Kolkata
2016-09-06,28.4,26.0,2.1,15.0,90,Kolkata
2016-09-07,30.3,25.6,3.0,13.8,85,Kolkata
2016-09-08,31.3,26.0,8.9,17.0,86,Kolkata
2016-09-09,31.3,25.7,0.9,14.5,85,Kolkata
2016-09-10,31.0,26.1,0.2,13.8,85,Kolkata
2016-09-11,29.9,25.7,11.7,10.2,88,Kolkata
2016-09-12,29.3,25.6,16.1,11.3,91,Kolkata
2016-09-13,28.6,25.7,7.8,9.2,92,Kolkata
2016-09-14,30.8,25.8,1.6,11.8,86,Kolkata
2016-09-15,31.4,25.8,0.5,10.6,83,Kolkata
2016-09-16,31.8,25.8,3.7,11.8,86,Kolkata
2016-09-17,31.0,26.1,13.4,11.2,90,Kolkata
2016-09-18,31.3,25.7,1.7,10.2,86,Kolkata
2016-09-19,32.0,25.6,0.9,10.6,84,Kolkata
2016-09-20,32.1,26.5,0.8,9.7,84,Kolkata
2016-09-21,30.1,25.7,11.6,13.9,88,Kolkata
2016-09-22,31.4,25.2,9.5,12.3,87,Kolkata
2016-09-23,30.7,25.2,10.4,15.8,88,Kolkata
2016-09-24,29.7,25.5,7.4,14.7,89,Kolkata
2016-09-25,29.1,25.6,10.3,13.4,90,Kolkata
2016-09-26,30.5,25.5,4.6,10.9,89,Kolkata
2016-09-27,30.7,25.3,8.8,11.7,90,Kolkata
2016-09-28,29.7,25.0,16.1,8.5,91,Kolkata
2016-09-29,31.2,25.5,8.5,11.9,88,Kolkata
2016-09-30,31.3,25.0,0.7,10.2,87,Kolkata
2016-10-01,31.5,25.9,2.4,11.8,87,Kolkata
2016-10-02,31.3,25.3,2.1,9.7,85,Kolkata
2016-10-03,31.9,25.8,0.0,6.9,82,Kolkata
2016-10-04,32.4,25.8,0.3,6.9,82,Kolkata
2016-10-05,31.6,25.7,13.0,7.7,88,Kolkata
2016-10-06,30.6,24.7,14.8,12.6,88,Kolkata
2016-10-07,30.2,25.5,1.6,12.3,88,Kolkata
2016-10-08,30.2,25.6,8.9,10.7,89,Kolkata
2016-10-09,30.9,25.3,12.5,12.1,89,Kolkata
2016-10-10,29.4,25.1,10.4,11.0,92,Kolkata
2016-10-11,29.8,24.7,8.5,9.2,91,Kolkata
2016-10-12,30.9,24.5,0.0,13.0,85,Kolkata
2016-10-13,31.5,22.2,0.0,8.7,75,Kolkata
2016-10-14,31.1,21.7,0.0,9.9,74,Kolkata
2016-10-15,30.5,20.9,0.0,10.5,77,Kolkata
2016-10-16,31.0,21.8,0.0,10.1,78,Kolkata
2016-10-17,31.0,22.3,0.0,9.7,76,Kolkata
2016-10-18,31.5,23.2,0.0,9.5,78,Kolkata
2016-10-19,31.2,23.7,0.1,9.1,80,Kolkata
2016-10-20,31.0,22.5,0.0,10.5,74,Kolkata
2016-10-21,30.8,21.4,0.0,9.8,75,Kolkata
2016-10-22,30.4,20.9,0.0,8.5,77,Kolkata
2016-10-23,30.6,21.3,0.0,10.4,78,Kolkata
2016-10-24,30.5,20.9,0.0,11.6,77,Kolkata
2016-10-25,30.6,21.6,0.0,9.7,78,Kolkata
2016-10-26,30.9,22.2,4.0,11.3,83,Kolkata
2016-10-27,28.3,23.6,10.9,8.2,88,Kolkata
2016-10-28,29.3,23.3,0.5,8.9,87,Kolkata
2016-10-29,29.6,23.1,0.6,11.2,86,Kolkata
2016-10-30,29.5,23.2,0.3,13.0,83,Kolkata
2016-10-31,29.8,23.3,0.9,9.7,85,Kolkata
2016-11-01,30.5,22.8,1.0,7.0,83,Kolkata
2016-11-02,30.8,23.1,0.2,10.2,80,Kolkata
2016-11-03,30.7,23.9,3.0,9.1,84,Kolkata
2016-11-04,26.3,23.1,11.2,7.8,93,Kolkata
2016-11-05,23.8,21.5,14.8,20.1,89,Kolkata
2016-11-06,27.8,19.9,0.0,21.3,78,Kolkata
2016-11-07,28.3,21.4,0.0,14.3,69,Kolkata
2016-11-08,28.1,19.2,0.0,9.2,71,Kolkata
2016-11-09,28.1,16.7,0.0,9.2,71,Kolkata
2016-11-10,27.5,17.5,0.0,8.6,71,Kolkata
2016-11-11,27.9,20.2,0.0,7.0,73,Kolkata
2016-11-12,28.5,20.9,0.0,7.3,72,Kolkata
2016-11-13,28.8,19.4,0.0,8.7,74,Kolkata
2016-11-14,28.7,20.0,0.0,10.1,73,Kolkata
2016-11-15,28.2,18.6,0.0,10.5,74,Kolkata
2016-11-16,27.8,17.3,0.0,14.4,69,Kolkata
2016-11-17,27.4,15.0,0.0,12.4,69,Kolkata
2016-11-18,27.3,14.9,0.0,11.3,71,Kolkata
2016-11-19,27.3,15.0,0.0,8.5,70,Kolkata
2016-11-20,27.7,15.4,0.0,7.9,73,Kolkata
2016-11-21,27.5,15.5,0.0,8.9,72,Kolkata
2016-11-22,27.7,15.9,0.0,8.7,72,Kolkata
2016-11-23,27.9,17.0,0.0,7.2,72,Kolkata
2016-11-24,27.9,17.1,0.0,7.1,72,Kolkata
2016-11-25,27.7,15.9,0.0,11.2,72,Kolkata
2016-11-26,28.0,17.0,0.0,8.4,72,Kolkata
2016-11-27,27.9,16.8,0.0,8.4,75,Kolkata
2016-11-28,27.6,18.2,0.0,7.3,74,Kolkata
2016-11-29,27.8,19.6,0.0,6.8,76,Kolkata
2016-11-30,28.3,20.0,0.0,8.1,77,Kolkata
2016-12-01,28.5,19.5,0.0,8.3,77,Kolkata
2016-12-02,28.8,18.7,0.0,8.9,75,Kolkata
2016-12-03,28.8,18.3,0.0,13.3,72,Kolkata
2016-12-04,28.4,18.3,0.0,15.1,71,Kolkata
2016-12-05,27.6,17.1,0.0,14.5,72,Kolkata
2016-12-06,27.9,16.8,0.0,13.4,75,Kolkata
2016-12-07,27.9,16.2,0.0,11.0,74,Kolkata
2016-12-08,27.5,16.3,0.0,12.6,71,Kolkata
2016-12-09,26.4,16.0,0.0,13.0,73,Kolkata
2016-12-10,25.9,14.6,0.0,13.4,73,Kolkata
2016-12-11,26.0,14.4,0.0,11.3,72,Kolkata
2016-12-12,26.1,13.9,0.0,11.7,71,Kolkata
2016-12-13,26.1,14.2,0.0,14.1,73,Kolkata
2016-12-14,25.3,13.7,0.0,15.2,71,Kolkata
2016-12-15,25.5,13.6,0.0,17.9,67,Kolkata
2016-12-16,25.0,12.6,0.0,10.9,69,Kolkata
2016-12-17,25.6,16.9,0.0,9.5,65,Kolkata
2016-12-18,25.7,15.3,0.0,9.0,68,Kolkata
2016-12-19,26.1,13.5,0.0,9.0,70,Kolkata
2016-12-20,26.0,13.8,0.0,8.4,69,Kolkata
2016-12-21,25.8,12.7,0.0,10.7,67,Kolkata
2016-12-22,24.7,13.4,0.0,8.9,69,Kolkata
2016-12-23,25.0,17.7,0.0,8.4,68,Kolkata
2016-12-24,26.5,16.8,0.0,8.1,69,Kolkata
2016-12-25,26.8,18.1,0.0,8.0,73,Kolkata
2016-12-26,28.2,16.4,0.0,9.0,75,Kolkata
2016-12-27,26.6,17.3,0.0,15.5,73,Kolkata
2016-12-28,25.2,15.1,0.0,11.6,73,Kolkata
2016-12-29,25.2,14.8,0.0,9.1,74,Kolkata
2016-12-30,25.5,14.0,0.0,9.2,73,Kolkata
2016-12-31,26.3,14.2,0.0,8.1,72,Kolkata
2017-01-01,25.6,15.3,0.0,7.4,78,Kolkata
2017-01-02,26.3,16.0,0.0,8.9,78,Kolkata
2017-01-03,26.2,16.3,0.5,14.8,74,Kolkata
2017-01-04,25.5,15.3,0.0,9.9,74,Kolkata
2017-01-05,25.2,14.7,0.0,13.0,75,Kolkata
2017-01-06,25.4,13.6,0.0,14.2,74,Kolkata
2017-01-07,25.6,12.4,0.0,10.5,75,Kolkata
2017-01-08,26.7,13.1,0.0,9.7,72,Kolkata
2017-01-09,26.9,14.4,0.0,9.7,74,Kolkata
2017-01-10,25.1,14.7,0.2,16.9,73,Kolkata
2017-01-11,25.2,15.4,0.0,10.5,68,Kolkata
2017-01-12,23.7,15.3,0.0,13.7,62,Kolkata
2017-01-13,22.7,12.4,0.0,11.3,63,Kolkata
2017-01-14,22.0,10.4,0.0,15.8,58,Kolkata
2017-01-15,23.1,10.1,0.0,11.4,60,Kolkata
2017-01-16,24.5,10.1,0.0,10.7,61,Kolkata
2017-01-17,26.7,11.7,0.0,10.5,65,Kolkata
2017-01-18,26.5,13.6,0.0,14.8,68,Kolkata
2017-01-19,26.6,14.7,0.0,16.4,64,Kolkata
2017-01-20,27.0,14.0,0.0,13.0,59,Kolkata
2017-01-21,26.3,12.8,0.0,14.8,59,Kolkata
2017-01-22,26.4,11.4,0.0,11.8,57,Kolkata
2017-01-23,27.2,13.1,0.0,12.2,59,Kolkata
2017-01-24,27.5,14.5,0.0,15.0,66,Kolkata
2017-01-25,27.7,14.3,0.0,9.9,70,Kolkata
2017-01-26,28.4,15.2,0.0,8.9,70,Kolkata
2017-01-27,26.2,17.7,0.0,10.7,76,Kolkata
2017-01-28,28.0,16.0,0.0,15.5,70,Kolkata
2017-01-29,25.6,14.8,0.0,11.5,64,Kolkata
2017-01-30,26.5,14.3,0.0,10.5,66,Kolkata
2017-01-31,26.7,14.5,0.0,8.8,73,Kolkata
2017-02-01,27.1,15.1,0.0,9.8,72,Kolkata
2017-02-02,27.3,15.4,0.0,10.1,71,Kolkata
2017-02-03,25.7,14.6,0.0,14.5,68,Kolkata
2017-02-04,26.8,15.3,0.0,10.5,72,Kolkata
2017-02-05,28.1,15.6,0.0,9.7,67,Kolkata
2017-02-06,29.0,16.4,0.0,8.2,64,Kolkata
2017-02-07,29.5,17.4,0.0,12.6,67,Kolkata
2017-02-08,28.2,16.1,0.0,9.9,56,Kolkata
2017-02-09,28.7,14.2,0.0,9.8,58,Kolkata
2017-02-10,30.0,16.2,0.0,8.7,73,Kolkata
2017-02-11,29.7,17.8,0.0,9.0,69,Kolkata
2017-02-12,29.6,18.1,0.0,8.6,66,Kolkata
2017-02-13,29.8,18.2,0.1,8.7,65,Kolkata
2017-02-14,30.4,18.3,0.0,9.1,68,Kolkata
2017-02-15,29.8,19.5,0.0,12.3,66,Kolkata
2017-02-16,29.4,17.1,0.0,9.2,63,Kolkata
2017-02-17,30.3,17.7,0.0,11.2,65,Kolkata
2017-02-18,30.0,19.2,0.0,11.4,67,Kolkata
2017-02-19,29.0,20.8,0.1,11.4,74,Kolkata
2017-02-20,31.2,22.3,0.0,15.8,75,Kolkata
2017-02-21,32.3,22.4,0.0,21.6,75,Kolkata
2017-02-22,32.4,23.2,0.0,22.2,76,Kolkata
2017-02-23,31.0,21.7,0.1,11.9,61,Kolkata
2017-02-24,29.4,17.6,0.0,11.1,47,Kolkata
2017-02-25,28.6,16.8,0.0,11.3,46,Kolkata
2017-02-26,29.6,15.4,0.0,12.4,53,Kolkata
2017-02-27,31.4,17.3,0.0,12.0,66,Kolkata
2017-02-28,31.0,18.1,0.0,9.4,60,Kolkata
2017-03-01,31.7,17.9,0.0,9.9,59,Kolkata
2017-03-02,34.3,19.3,0.0,19.3,64,Kolkata
2017-03-03,35.1,22.7,0.0,17.2,53,Kolkata
2017-03-04,33.0,21.9,0.0,14.7,67,Kolkata
2017-03-05,32.6,22.1,1.7,16.6,76,Kolkata
2017-03-06,32.0,22.0,1.9,11.8,65,Kolkata
2017-03-07,31.6,20.6,0.1,20.9,68,Kolkata
2017-03-08,27.8,20.2,2.0,14.2,84,Kolkata
2017-03-09,28.0,19.3,5.9,10.9,86,Kolkata
2017-03-10,29.4,21.6,18.3,20.8,85,Kolkata
2017-03-11,28.9,22.1,6.8,21.4,86,Kolkata
2017-03-12,28.3,20.0,0.7,13.1,75,Kolkata
2017-03-13,27.7,19.1,0.0,12.7,59,Kolkata
2017-03-14,28.2,17.2,0.0,10.5,62,Kolkata
2017-03-15,29.9,17.1,0.0,10.4,62,Kolkata
2017-03-16,30.3,17.1,0.0,12.4,61,Kolkata
2017-03-17,31.7,20.3,0.0,15.4,72,Kolkata
2017-03-18,32.8,23.0,0.8,19.5,72,Kolkata
2017-03-19,31.1,20.5,18.4,15.5,77,Kolkata
2017-03-20,27.7,20.2,9.0,17.8,76,Kolkata
2017-03-21,30.1,18.6,0.0,13.5,72,Kolkata
2017-03-22,32.3,19.7,0.1,14.6,74,Kolkata
2017-03-23,32.6,22.6,0.0,16.0,75,Kolkata
2017-03-24,35.0,22.4,0.1,16.7,74,Kolkata
2017-03-25,35.3,25.1,0.0,19.8,74,Kolkata
2017-03-26,33.2,24.7,0.6,20.4,78,Kolkata
2017-03-27,35.9,24.4,0.0,17.3,72,Kolkata
2017-03-28,34.5,24.6,1.0,19.1,75,Kolkata
2017-03-29,35.4,25.2,0.0,18.8,71,Kolkata
2017-03-30,35.3,25.4,0.0,26.2,74,Kolkata
2017-03-31,36.6,25.3,0.0,23.8,75,Kolkata
2017-04-01,35.3,25.6,0.0,24.0,74,Kolkata
2017-04-02,35.1,25.6,0.0,25.6,75,Kolkata
2017-04-03,36.3,26.0,0.1,24.2,67,Kolkata
2017-04-04,36.7,25.8,0.0,25.4,73,Kolkata
2017-04-05,32.1,26.3,2.9,27.0,77,Kolkata
2017-04-06,33.2,26.8,0.6,18.1,77,Kolkata
2017-04-07,33.7,26.9,0.3,18.4,76,Kolkata
2017-04-08,36.2,26.8,0.0,20.5,74,Kolkata
2017-04-09,36.0,26.5,0.0,15.6,76,Kolkata
2017-04-10,35.4,26.1,0.0,17.0,71,Kolkata
2017-04-11,36.7,25.0,0.1,15.6,55,Kolkata
2017-04-12,36.9,24.9,0.0,17.4,67,Kolkata
2017-04-13,35.5,24.4,0.0,20.4,68,Kolkata
2017-04-14,35.5,24.1,0.0,25.6,65,Kolkata
2017-04-15,34.1,24.7,0.5,28.0,68,Kolkata
2017-04-16,34.8,25.3,1.0,17.3,69,Kolkata
2017-04-17,34.8,24.3,1.9,17.6,68,Kolkata
2017-04-18,34.8,25.6,0.2,22.5,70,Kolkata
2017-04-19,36.0,27.4,34.8,29.5,74,Kolkata
2017-04-20,33.4,27.3,4.7,31.3,74,Kolkata
2017-04-21,34.9,27.7,5.2,28.5,75,Kolkata
2017-04-22,35.2,27.6,6.4,33.8,76,Kolkata
2017-04-23,34.6,27.5,2.4,26.4,78,Kolkata
2017-04-24,35.6,27.6,0.6,26.9,77,Kolkata
2017-04-25,36.6,26.9,0.0,24.4,73,Kolkata
2017-04-26,38.5,25.9,5.0,16.4,69,Kolkata
2017-04-27,36.0,26.5,1.7,20.8,75,Kolkata
2017-04-28,37.7,27.1,3.5,17.8,75,Kolkata
2017-04-29,36.1,26.4,0.0,19.1,73,Kolkata
2017-04-30,35.9,27.4,0.0,23.3,71,Kolkata
2017-05-01,33.8,23.6,14.6,21.0,78,Kolkata
2017-05-02,32.9,23.5,0.0,16.6,76,Kolkata
2017-05-03,35.0,25.8,0.0,16.9,73,Kolkata
2017-05-04,35.9,26.2,0.0,16.9,74,Kolkata
2017-05-05,36.0,26.5,2.0,20.4,76,Kolkata
2017-05-06,35.9,26.7,6.4,22.8,74,Kolkata
2017-05-07,36.5,27.1,0.0,20.0,71,Kolkata
2017-05-08,36.3,27.2,0.0,22.4,72,Kolkata
2017-05-09,34.7,25.1,8.2,21.9,80,Kolkata
2017-05-10,34.1,27.0,0.0,13.8,73,Kolkata
2017-05-11,36.1,27.2,0.3,17.7,71,Kolkata
2017-05-12,36.5,27.3,0.0,16.6,67,Kolkata
2017-05-13,38.1,27.7,0.0,20.8,69,Kolkata
2017-05-14,38.0,28.0,0.0,19.7,69,Kolkata
2017-05-15,38.1,28.9,0.7,23.8,71,Kolkata
2017-05-16,35.4,28.0,0.5,20.0,72,Kolkata
2017-05-17,35.1,28.4,11.9,19.5,78,Kolkata
2017-05-18,37.5,27.6,0.2,16.4,74,Kolkata
2017-05-19,38.4,28.4,1.3,15.9,68,Kolkata
2017-05-20,37.6,28.2,0.4,21.7,72,Kolkata
2017-05-21,38.5,28.6,0.0,22.2,70,Kolkata
2017-05-22,38.4,28.7,0.0,21.6,69,Kolkata
2017-05-23,38.0,29.1,0.1,19.3,69,Kolkata
2017-05-24,36.9,29.1,0.8,22.3,70,Kolkata
2017-05-25,36.4,28.9,0.0,21.1,69,Kolkata
2017-05-26,37.6,28.3,0.5,20.9,65,Kolkata
2017-05-27,36.0,26.7,1.0,14.9,69,Kolkata
2017-05-28,34.6,27.4,8.8,12.1,74,Kolkata
2017-05-29,35.0,27.2,1.0,13.6,73,Kolkata
2017-05-30,32.6,27.3,1.8,14.7,73,Kolkata
2017-05-31,37.8,28.4,0.0,22.5,72,Kolkata
2017-06-01,35.1,29.9,2.3,25.1,75,Kolkata
2017-06-02,34.0,28.9,3.4,23.5,75,Kolkata
2017-06-03,36.7,29.3,0.4,26.5,73,Kolkata
2017-06-04,37.3,29.5,0.0,25.3,73,Kolkata
2017-06-05,36.9,29.9,0.1,27.0,70,Kolkata
2017-06-06,37.5,28.6,0.1,15.3,72,Kolkata
2017-06-07,35.8,28.0,0.4,14.0,73,Kolkata
2017-06-08,34.0,27.2,7.5,13.8,77,Kolkata
2017-06-09,33.1,27.7,4.8,15.2,76,Kolkata
2017-06-10,34.0,27.6,6.1,16.3,76,Kolkata
2017-06-11,31.1,27.0,12.3,18.4,85,Kolkata
2017-06-12,31.5,26.0,32.5,21.0,86,Kolkata
2017-06-13,33.6,27.2,0.3,19.9,80,Kolkata
2017-06-14,33.0,28.8,2.4,21.6,80,Kolkata
2017-06-15,33.1,27.7,2.9,17.0,80,Kolkata
2017-06-16,32.5,26.0,24.1,12.1,86,Kolkata
2017-06-17,32.4,28.1,10.3,15.9,83,Kolkata
2017-06-18,33.9,28.8,5.8,21.2,79,Kolkata
2017-06-19,35.9,28.2,19.4,22.2,78,Kolkata
2017-06-20,29.0,26.1,12.1,17.4,91,Kolkata
2017-06-21,31.6,26.6,20.0,10.7,87,Kolkata
2017-06-22,32.2,26.9,3.1,10.6,82,Kolkata
2017-06-23,31.3,26.6,26.7,13.6,88,Kolkata
2017-06-24,32.1,26.1,8.0,12.0,85,Kolkata
2017-06-25,30.7,26.4,4.4,19.6,85,Kolkata
2017-06-26,31.4,26.2,4.4,17.7,84,Kolkata
2017-06-27,31.9,26.6,1.8,21.1,81,Kolkata
2017-06-28,30.6,26.6,14.1,18.9,84,Kolkata
2017-06-29,31.6,26.6,6.7,16.3,84,Kolkata
2017-06-30,32.0,26.5,9.9,17.7,87,Kolkata
2017-07-01,31.3,26.2,21.0,17.6,87,Kolkata
2017-07-02,31.2,26.0,30.7,14.3,88,Kolkata
2017-07-03,31.2,26.6,18.5,16.8,88,Kolkata
2017-07-04,32.0,27.0,15.5,16.1,84,Kolkata
2017-07-05,31.1,27.2,18.5,14.5,86,Kolkata
2017-07-06,32.4,26.6,7.8,10.1,88,Kolkata
2017-07-07,31.6,27.1,9.2,14.4,88,Kolkata
2017-07-08,31.5,26.1,13.6,18.7,85,Kolkata
2017-07-09,31.4,26.9,13.4,18.4,83,Kolkata
2017-07-10,29.7,26.1,14.9,19.8,87,Kolkata
2017-07-11,30.6,24.7,27.1,12.0,90,Kolkata
2017-07-12,29.4,25.5,9.2,11.8,90,Kolkata
2017-07-13,29.7,25.1,14.2,15.3,89,Kolkata
2017-07-14,31.1,25.2,4.8,13.8,85,Kolkata
2017-07-15,31.6,25.9,3.4,15.5,85,Kolkata
2017-07-16,31.4,25.6,5.1,17.8,83,Kolkata
2017-07-17,31.3,27.0,2.0,26.4,82,Kolkata
2017-07-18,32.0,27.2,2.1,23.5,81,Kolkata
2017-07-19,29.3,26.2,15.9,20.4,89,Kolkata
2017-07-20,29.7,25.5,11.1,24.9,88,Kolkata
2017-07-21,30.0,25.5,20.8,14.2,90,Kolkata
2017-07-22,27.1,25.4,132.3,22.0,95,Kolkata
2017-07-23,26.9,25.1,112.0,31.6,94,Kolkata
2017-07-24,27.1,25.6,72.1,28.4,91,Kolkata
2017-07-25,27.9,25.8,24.4,23.6,91,Kolkata
2017-07-26,29.4,26.5,32.8,15.2,90,Kolkata
2017-07-27,31.4,26.4,7.7,14.3,89,Kolkata
2017-07-28,31.5,26.1,4.8,13.3,87,Kolkata
2017-07-29,31.5,26.8,6.2,11.5,86,Kolkata
2017-07-30,32.7,26.9,3.1,10.2,86,Kolkata
2017-07-31,32.3,25.4,6.1,13.1,85,Kolkata
2017-08-01,32.0,26.7,1.7,13.0,86,Kolkata
2017-08-02,31.9,27.6,8.0,11.4,88,Kolkata
2017-08-03,32.0,27.3,27.3,15.8,88,Kolkata
2017-08-04,31.8,26.7,37.0,9.7,90,Kolkata
2017-08-05,31.1,26.1,14.9,12.7,89,Kolkata
2017-08-06,30.9,26.2,8.0,21.1,86,Kolkata
2017-08-07,29.4,26.4,3.9,18.4,87,Kolkata
2017-08-08,31.2,26.1,1.8,16.6,83,Kolkata
2017-08-09,31.9,26.5,0.6,22.7,83,Kolkata
2017-08-10,31.0,27.5,9.8,17.9,83,Kolkata
2017-08-11,30.8,27.4,13.6,19.6,83,Kolkata
2017-08-12,30.1,27.0,26.4,17.1,90,Kolkata
2017-08-13,30.3,26.5,11.4,15.7,89,Kolkata
2017-08-14,31.2,26.3,18.2,12.0,91,Kolkata
2017-08-15,31.0,26.1,10.0,11.3,88,Kolkata
2017-08-16,30.7,26.7,9.8,11.3,87,Kolkata
2017-08-17,30.8,26.7,20.6,14.1,86,Kolkata
2017-08-18,31.2,26.2,1.2,21.8,82,Kolkata
2017-08-19,30.0,26.1,15.1,21.6,87,Kolkata
2017-08-20,31.8,25.3,7.1,13.8,85,Kolkata
2017-08-21,31.7,25.7,8.1,11.9,87,Kolkata
2017-08-22,31.8,26.1,1.2,14.0,85,Kolkata
2017-08-23,30.9,26.3,14.5,13.3,88,Kolkata
2017-08-24,30.5,25.7,13.4,12.8,86,Kolkata
2017-08-25,32.0,25.7,7.1,13.0,84,Kolkata
2017-08-26,31.5,26.0,3.5,15.9,85,Kolkata
2017-08-27,30.3,26.2,11.3,19.6,88,Kolkata
2017-08-28,29.7,25.6,4.3,23.3,86,Kolkata
2017-08-29,29.6,25.6,11.1,17.4,87,Kolkata
2017-08-30,30.7,25.5,6.3,13.7,86,Kolkata
2017-08-31,31.2,26.8,8.8,14.3,87,Kolkata
2017-09-01,29.5,25.9,30.7,14.1,91,Kolkata
2017-09-02,30.6,25.6,17.7,13.4,89,Kolkata
2017-09-03,32.1,26.4,0.0,11.3,86,Kolkata
2017-09-04,33.3,26.7,1.9,8.9,84,Kolkata
2017-09-05,33.3,27.5,1.2,11.0,84,Kolkata
2017-09-06,32.8,27.4,2.2,13.3,85,Kolkata
2017-09-07,32.6,27.0,2.2,17.5,83,Kolkata
2017-09-08,32.1,27.1,1.5,15.9,83,Kolkata
2017-09-09,31.6,27.4,10.2,15.3,85,Kolkata
2017-09-10,30.8,27.3,10.4,21.5,85,Kolkata
2017-09-11,30.6,26.7,15.4,16.4,87,Kolkata
2017-09-12,30.6,26.5,6.8,11.9,89,Kolkata
2017-09-13,31.7,25.6,2.8,13.2,85,Kolkata
2017-09-14,32.1,26.5,0.6,13.0,84,Kolkata
2017-09-15,31.8,26.2,1.4,8.1,85,Kolkata
2017-09-16,32.6,26.5,5.7,14.0,85,Kolkata
2017-09-17,31.7,26.1,15.7,9.1,87,Kolkata
2017-09-18,30.0,25.5,33.8,12.1,90,Kolkata
2017-09-19,29.8,25.2,16.6,12.1,91,Kolkata
2017-09-20,29.7,25.4,11.1,19.3,90,Kolkata
2017-09-21,31.2,25.3,11.2,18.1,85,Kolkata
2017-09-22,30.8,25.8,11.3,14.3,85,Kolkata
2017-09-23,32.7,26.7,0.4,12.9,82,Kolkata
2017-09-24,33.7,26.7,0.0,10.9,82,Kolkata
2017-09-25,32.8,27.1,4.3,13.4,85,Kolkata
2017-09-26,32.2,27.2,5.7,10.7,85,Kolkata
2017-09-27,30.1,26.8,12.1,9.7,89,Kolkata
2017-09-28,31.1,26.1,10.6,10.6,89,Kolkata
2017-09-29,29.9,25.9,8.3,12.7,90,Kolkata
2017-09-30,29.4,25.2,10.2,14.9,90,Kolkata
2017-10-01,30.1,25.1,15.8,13.3,90,Kolkata
2017-10-02,31.7,24.5,24.3,13.1,90,Kolkata
2017-10-03,30.5,25.3,10.2,9.7,89,Kolkata
2017-10-04,32.1,25.0,3.4,11.8,86,Kolkata
2017-10-05,32.2,25.9,8.0,10.9,87,Kolkata
2017-10-06,31.4,25.2,4.2,14.3,87,Kolkata
2017-10-07,29.3,25.2,24.6,13.0,91,Kolkata
2017-10-08,26.7,24.9,14.1,17.1,93,Kolkata
2017-10-09,25.4,24.7,53.9,32.3,95,Kolkata
2017-10-10,29.0,25.0,7.0,20.1,89,Kolkata
2017-10-11,30.8,25.0,0.8,15.5,89,Kolkata
2017-10-12,31.7,24.9,0.4,12.3,88,Kolkata
2017-10-13,31.5,26.2,0.4,14.7,85,Kolkata
2017-10-14,31.4,26.4,9.3,11.8,85,Kolkata
2017-10-15,32.5,25.3,0.8,7.2,85,Kolkata
2017-10-16,33.0,24.3,0.0,8.0,79,Kolkata
2017-10-17,32.1,23.9,0.0,10.3,79,Kolkata
2017-10-18,31.1,25.6,14.8,14.3,86,Kolkata
2017-10-19,28.0,25.3,25.8,23.2,91,Kolkata
2017-10-20,26.5,25.3,102.6,33.0,94,Kolkata
2017-10-21,27.4,23.6,15.5,32.4,85,Kolkata
2017-10-22,30.1,21.2,0.0,12.3,81,Kolkata
2017-10-23,31.9,23.1,0.4,12.4,85,Kolkata
2017-10-24,31.7,25.4,2.0,14.6,85,Kolkata
2017-10-25,30.7,23.9,3.5,9.4,87,Kolkata
2017-10-26,30.5,23.0,1.1,9.4,84,Kolkata
2017-10-27,30.0,22.2,0.0,7.4,79,Kolkata
2017-10-28,29.5,21.5,0.3,8.6,81,Kolkata
2017-10-29,29.6,21.7,0.0,7.3,81,Kolkata
2017-10-30,28.5,22.1,0.1,6.8,84,Kolkata
2017-10-31,27.4,21.0,0.1,7.4,84,Kolkata
2017-11-01,27.5,20.3,0.0,10.5,81,Kolkata
2017-11-02,28.3,19.2,0.0,9.7,80,Kolkata
2017-11-03,28.9,19.3,0.0,9.9,80,Kolkata
2017-11-04,29.1,20.5,0.0,11.7,81,Kolkata
2017-11-05,30.2,22.4,0.7,8.0,83,Kolkata
2017-11-06,30.6,21.8,0.0,12.1,78,Kolkata
2017-11-07,30.0,20.7,0.0,13.3,76,Kolkata
2017-11-08,29.8,20.1,0.0,11.2,78,Kolkata
2017-11-09,29.4,19.6,0.0,11.6,75,Kolkata
2017-11-10,29.1,19.9,0.0,11.3,75,Kolkata
2017-11-11,29.6,19.3,0.0,8.9,73,Kolkata
2017-11-12,29.5,19.3,0.0,9.9,72,Kolkata
2017-11-13,29.0,20.5,0.0,10.1,69,Kolkata
2017-11-14,29.4,20.7,0.2,12.5,72,Kolkata
2017-11-15,23.4,21.7,24.0,13.7,90,Kolkata
2017-11-16,23.8,20.9,10.3,13.3,90,Kolkata
2017-11-17,25.9,20.6,41.1,13.0,91,Kolkata
2017-11-18,28.8,21.8,2.2,8.4,87,Kolkata
2017-11-19,28.8,22.0,0.4,7.9,87,Kolkata
2017-11-20,29.5,20.7,0.0,8.3,81,Kolkata
2017-11-21,28.0,17.9,0.0,10.7,70,Kolkata
2017-11-22,25.4,15.3,0.0,10.9,68,Kolkata
2017-11-23,24.6,13.9,0.0,11.1,70,Kolkata
2017-11-24,25.3,14.7,0.0,10.2,74,Kolkata
2017-11-25,25.5,14.3,0.0,8.8,72,Kolkata
2017-11-26,25.7,13.4,0.0,10.5,76,Kolkata
2017-11-27,26.5,13.7,0.0,9.7,77,Kolkata
2017-11-28,26.5,14.0,0.0,10.1,74,Kolkata
2017-11-29,26.3,13.6,0.0,9.1,73,Kolkata
2017-11-30,25.7,13.6,0.0,10.7,72,Kolkata
2017-12-01,25.8,14.3,0.0,10.8,77,Kolkata
2017-12-02,26.4,15.0,0.0,10.0,75,Kolkata
2017-12-03,26.1,14.1,0.0,9.3,71,Kolkata
2017-12-04,26.0,15.4,0.0,9.4,73,Kolkata
2017-12-05,26.3,14.1,0.0,9.5,76,Kolkata
2017-12-06,26.0,15.1,0.0,8.9,74,Kolkata
2017-12-07,26.6,15.3,0.2,9.0,75,Kolkata
2017-12-08,22.6,19.0,4.0,11.4,83,Kolkata
2017-12-09,21.5,19.3,77.6,17.9,94,Kolkata
2017-12-10,24.6,20.9,7.4,14.9,92,Kolkata
2017-12-11,26.3,20.3,0.2,11.0,86,Kolkata
2017-12-12,27.9,18.1,0.0,9.0,85,Kolkata
2017-12-13,28.2,18.4,0.0,6.2,82,Kolkata
2017-12-14,27.9,17.0,0.0,8.3,78,Kolkata
2017-12-15,26.7,17.1,0.0,9.0,74,Kolkata
2017-12-16,25.5,15.8,0.0,12.2,74,Kolkata
2017-12-17,24.2,13.6,0.0,11.0,72,Kolkata
2017-12-18,23.8,13.8,0.0,10.1,77,Kolkata
2017-12-19,23.2,14.1,0.0,9.5,82,Kolkata
2017-12-20,23.3,13.8,0.0,9.0,80,Kolkata
2017-12-21,24.0,14.1,0.0,9.2,80,Kolkata
2017-12-22,24.5,15.3,0.0,9.6,81,Kolkata
2017-12-23,25.3,14.5,0.0,9.4,81,Kolkata
2017-12-24,25.0,14.2,0.0,10.1,80,Kolkata
2017-12-25,24.9,13.0,0.0,11.0,77,Kolkata
2017-12-26,24.1,14.4,0.0,13.1,73,Kolkata
2017-12-27,24.9,13.2,0.0,12.6,78,Kolkata
2017-12-28,25.4,13.9,0.0,10.5,81,Kolkata
2017-12-29,25.5,13.6,0.0,11.2,82,Kolkata
2017-12-30,25.3,13.4,0.0,10.1,78,Kolkata
2017-12-31,25.5,13.8,0.0,9.3,77,Kolkata
2018-01-01,24.7,14.0,0.0,10.6,79,Kolkata
2018-01-02,24.0,14.4,0.0,12.0,78,Kolkata
2018-01-03,23.3,12.7,0.0,12.8,68,Kolkata
2018-01-04,21.9,10.5,0.0,12.9,73,Kolkata
2018-01-05,22.2,11.2,0.0,11.4,74,Kolkata
2018-01-06,21.7,10.5,0.0,10.0,71,Kolkata
2018-01-07,21.7,9.8,0.0,11.3,72,Kolkata
2018-01-08,21.5,9.2,0.0,10.7,71,Kolkata
2018-01-09,21.9,9.8,0.0,14.3,72,Kolkata
2018-01-10,22.0,9.5,0.0,12.9,73,Kolkata
2018-01-11,21.8,9.0,0.0,11.1,74,Kolkata
2018-01-12,22.7,10.3,0.0,9.5,77,Kolkata
2018-01-13,22.7,10.2,0.0,8.7,74,Kolkata
2018-01-14,21.9,11.0,0.0,10.6,79,Kolkata
2018-01-15,22.6,9.9,0.0,10.7,74,Kolkata
2018-01-16,23.1,10.0,0.0,11.6,74,Kolkata
2018-01-17,23.4,10.4,0.0,10.7,75,Kolkata
2018-01-18,24.1,11.0,0.0,11.2,70,Kolkata
2018-01-19,23.9,11.0,0.0,11.2,71,Kolkata
2018-01-20,24.7,10.3,0.0,10.5,70,Kolkata
2018-01-21,24.8,11.7,0.0,12.4,71,Kolkata
2018-01-22,24.6,11.2,0.0,10.8,67,Kolkata
2018-01-23,25.3,10.2,0.0,9.4,67,Kolkata
2018-01-24,27.7,12.5,0.0,12.6,76,Kolkata
2018-01-25,26.1,15.1,0.0,9.6,69,Kolkata
2018-01-26,25.2,13.7,0.0,9.4,62,Kolkata
2018-01-27,24.3,13.5,0.0,12.0,68,Kolkata
2018-01-28,25.3,11.9,0.0,10.9,66,Kolkata
2018-01-29,25.9,11.7,0.0,10.5,64,Kolkata
2018-01-30,26.0,11.6,0.0,11.0,66,Kolkata
2018-01-31,27.1,12.7,0.0,13.0,65,Kolkata
2018-02-01,25.8,13.6,0.0,14.0,67,Kolkata
2018-02-02,27.3,13.6,0.0,8.5,63,Kolkata
2018-02-03,29.3,15.2,0.0,9.8,65,Kolkata
2018-02-04,30.4,17.7,0.0,12.9,72,Kolkata
2018-02-05,29.5,17.9,0.0,9.7,76,Kolkata
2018-02-06,29.7,17.6,0.0,9.0,69,Kolkata
2018-02-07,30.3,16.5,0.0,11.5,64,Kolkata
2018-02-08,28.6,19.2,0.0,9.4,58,Kolkata
2018-02-09,29.6,17.6,0.1,10.1,76,Kolkata
2018-02-10,29.3,19.8,0.0,11.2,64,Kolkata
2018-02-11,28.5,17.6,0.0,11.2,54,Kolkata
2018-02-12,29.6,16.0,0.0,12.3,54,Kolkata
2018-02-13,29.7,16.9,0.0,11.7,59,Kolkata
2018-02-14,28.9,18.0,0.0,16.5,58,Kolkata
2018-02-15,28.7,17.0,0.0,11.3,56,Kolkata
2018-02-16,28.5,14.8,0.0,11.5,56,Kolkata
2018-02-17,28.9,15.6,0.0,9.6,57,Kolkata
2018-02-18,30.3,16.1,0.0,13.3,65,Kolkata
2018-02-19,30.5,16.9,0.0,15.9,73,Kolkata
2018-02-20,31.2,18.4,0.0,10.4,69,Kolkata
2018-02-21,30.8,19.1,0.0,8.7,73,Kolkata
2018-02-22,31.5,18.8,0.0,10.1,67,Kolkata
2018-02-23,33.1,19.0,0.0,17.5,65,Kolkata
2018-02-24,34.3,20.8,0.0,12.4,61,Kolkata
2018-02-25,34.6,21.6,0.0,10.0,54,Kolkata
2018-02-26,32.7,20.1,1.0,19.4,61,Kolkata
2018-02-27,32.2,21.0,0.0,8.7,71,Kolkata
2018-02-28,32.2,20.4,0.0,8.9,71,Kolkata
2018-03-01,32.8,20.1,0.0,9.3,69,Kolkata
2018-03-02,33.5,20.8,0.0,13.8,70,Kolkata
2018-03-03,35.0,21.5,0.0,14.1,68,Kolkata
2018-03-04,35.2,21.0,0.0,13.3,67,Kolkata
2018-03-05,34.4,21.7,0.9,16.7,62,Kolkata
2018-03-06,33.3,23.0,0.4,15.5,50,Kolkata
2018-03-07,32.3,20.1,0.0,10.5,51,Kolkata
2018-03-08,32.2,17.4,0.0,10.4,49,Kolkata
2018-03-09,32.8,18.2,0.0,9.7,56,Kolkata
2018-03-10,33.2,19.4,0.0,11.7,55,Kolkata
2018-03-11,34.5,19.1,0.0,12.9,54,Kolkata
2018-03-12,34.5,22.4,1.3,17.1,69,Kolkata
2018-03-13,35.1,22.3,0.2,14.3,64,Kolkata
2018-03-14,35.1,21.4,0.0,12.1,61,Kolkata
2018-03-15,35.3,21.0,0.0,12.6,69,Kolkata
2018-03-16,29.7,23.4,0.0,17.6,73,Kolkata
2018-03-17,32.7,23.5,0.5,15.4,59,Kolkata
2018-03-18,33.4,21.9,0.0,13.4,66,Kolkata
2018-03-19,34.7,20.5,0.0,9.9,58,Kolkata
2018-03-20,34.6,19.8,0.0,12.6,69,Kolkata
2018-03-21,35.2,22.3,0.0,10.8,67,Kolkata
2018-03-22,34.7,23.1,1.4,15.1,72,Kolkata
2018-03-23,34.2,24.5,2.9,14.5,79,Kolkata
2018-03-24,32.7,24.0,4.1,15.3,82,Kolkata
2018-03-25,33.8,24.2,0.7,17.4,77,Kolkata
2018-03-26,34.2,23.7,0.5,15.2,82,Kolkata
2018-03-27,35.1,24.6,0.0,13.2,70,Kolkata
2018-03-28,34.5,24.6,0.0,16.9,74,Kolkata
2018-03-29,34.3,25.3,0.0,20.2,73,Kolkata
2018-03-30,34.6,25.7,0.3,19.8,74,Kolkata
2018-03-31,32.1,22.3,0.9,18.5,79,Kolkata
2018-04-01,33.0,22.2,4.5,23.2,75,Kolkata
2018-04-02,30.5,20.6,0.0,14.8,74,Kolkata
2018-04-03,31.7,21.2,0.0,10.8,75,Kolkata
2018-04-04,31.4,22.2,0.6,16.8,76,Kolkata
2018-04-05,31.4,23.9,1.2,18.4,76,Kolkata
2018-04-06,32.3,24.1,0.6,16.9,75,Kolkata
2018-04-07,30.4,23.6,15.9,13.3,85,Kolkata
2018-04-08,32.7,22.7,0.6,16.2,73,Kolkata
2018-04-09,31.3,23.4,12.0,16.1,82,Kolkata
2018-04-10,32.4,23.1,16.5,18.1,78,Kolkata
2018-04-11,33.1,25.0,1.7,16.6,77,Kolkata
2018-04-12,33.9,24.0,0.7,15.0,77,Kolkata
2018-04-13,33.4,24.4,4.5,15.3,76,Kolkata
2018-04-14,36.1,25.4,0.1,18.1,74,Kolkata
2018-04-15,36.9,25.5,0.0,14.4,67,Kolkata
2018-04-16,37.6,24.4,0.0,14.9,72,Kolkata
2018-04-17,37.1,26.5,1.5,24.3,74,Kolkata
2018-04-18,34.9,25.5,0.2,20.0,75,Kolkata
2018-04-19,36.2,26.6,3.0,19.5,77,Kolkata
2018-04-20,35.0,26.9,0.0,24.2,76,Kolkata
2018-04-21,35.5,27.5,0.2,23.0,75,Kolkata
2018-04-22,34.1,27.2,4.9,21.1,80,Kolkata
2018-04-23,35.5,26.6,0.0,16.6,75,Kolkata
2018-04-24,35.6,25.1,1.4,13.8,73,Kolkata
2018-04-25,35.7,24.7,9.2,22.2,80,Kolkata
2018-04-26,34.8,23.3,3.8,31.7,77,Kolkata
2018-04-27,34.3,22.6,2.5,18.4,73,Kolkata
2018-04-28,33.2,24.4,0.0,18.0,73,Kolkata
2018-04-29,33.4,26.6,0.8,24.9,75,Kolkata
2018-04-30,31.0,24.7,27.9,23.7,84,Kolkata
2018-05-01,31.1,24.3,7.7,16.2,80,Kolkata
2018-05-02,30.7,23.4,35.9,20.8,82,Kolkata
2018-05-03,28.9,24.2,5.4,16.4,85,Kolkata
2018-05-04,32.1,24.2,3.1,16.6,81,Kolkata
2018-05-05,33.5,26.7,1.9,24.0,79,Kolkata
2018-05-06,33.6,26.9,0.0,21.9,78,Kolkata
2018-05-07,34.0,27.2,0.1,21.1,79,Kolkata
2018-05-08,34.1,27.2,0.3,21.0,80,Kolkata
2018-05-09,35.4,27.7,0.0,23.1,78,Kolkata
2018-05-10,32.5,26.9,47.6,21.6,86,Kolkata
2018-05-11,33.8,25.0,49.8,26.3,83,Kolkata
2018-05-12,31.7,24.6,4.8,14.7,82,Kolkata
2018-05-13,29.9,22.7,10.7,17.7,85,Kolkata
2018-05-14,33.1,25.5,12.9,12.6,79,Kolkata
2018-05-15,32.7,24.6,0.0,17.7,79,Kolkata
2018-05-16,30.9,26.6,9.9,21.6,84,Kolkata
2018-05-17,31.9,25.1,2.1,14.6,81,Kolkata
2018-05-18,32.3,27.1,3.9,18.2,83,Kolkata
2018-05-19,33.7,26.9,0.5,14.4,80,Kolkata
2018-05-20,31.8,26.6,12.1,17.3,84,Kolkata
2018-05-21,33.9,27.0,1.7,15.8,80,Kolkata
2018-05-22,31.6,27.6,2.7,20.0,81,Kolkata
2018-05-23,31.5,26.7,19.1,23.6,81,Kolkata
2018-05-24,31.8,27.3,2.0,24.1,81,Kolkata
2018-05-25,32.3,27.4,0.1,26.0,78,Kolkata
2018-05-26,32.7,27.8,0.0,24.3,80,Kolkata
2018-05-27,33.2,27.2,0.0,21.1,77,Kolkata
2018-05-28,33.6,26.9,0.0,16.3,77,Kolkata
2018-05-29,33.6,26.7,0.2,18.4,77,Kolkata
2018-05-30,32.9,27.0,3.7,17.1,80,Kolkata
2018-05-31,35.4,28.4,0.0,22.3,75,Kolkata
2018-06-01,30.7,26.8,12.3,17.8,85,Kolkata
2018-06-02,31.1,25.4,24.3,14.2,86,Kolkata
2018-06-03,31.6,27.1,7.5,14.4,84,Kolkata
2018-06-04,31.2,27.3,6.3,14.7,84,Kolkata
2018-06-05,32.4,26.6,19.3,12.3,85,Kolkata
2018-06-06,32.6,26.2,5.5,10.9,83,Kolkata
2018-06-07,33.2,26.6,2.9,15.4,83,Kolkata
2018-06-08,33.0,26.9,10.0,12.9,83,Kolkata
2018-06-09,31.9,26.2,3.6,10.6,86,Kolkata
2018-06-10,33.1,26.4,13.8,14.0,85,Kolkata
2018-06-11,33.2,26.6,29.0,18.2,86,Kolkata
2018-06-12,31.8,26.7,11.4,16.3,88,Kolkata
2018-06-13,35.3,27.0,0.2,17.8,78,Kolkata
2018-06-14,35.6,27.8,0.0,16.8,71,Kolkata
2018-06-15,37.6,29.1,0.0,19.2,73,Kolkata
2018-06-16,37.1,28.5,0.0,15.9,73,Kolkata
2018-06-17,36.9,29.8,0.0,16.5,68,Kolkata
2018-06-18,38.1,28.9,0.0,12.3,68,Kolkata
2018-06-19,37.7,29.3,0.1,15.0,73,Kolkata
2018-06-20,35.5,28.9,15.3,15.6,80,Kolkata
2018-06-21,32.0,27.8,9.6,17.6,83,Kolkata
2018-06-22,32.5,27.2,2.4,19.5,81,Kolkata
2018-06-23,31.3,27.7,3.9,16.4,83,Kolkata
2018-06-24,30.0,27.0,33.6,20.1,90,Kolkata
2018-06-25,31.0,26.4,25.1,17.1,91,Kolkata
2018-06-26,28.5,26.2,42.3,9.0,92,Kolkata
2018-06-27,30.4,25.3,4.9,28.2,86,Kolkata
2018-06-28,30.8,25.4,7.3,20.6,87,Kolkata
2018-06-29,31.6,25.5,4.9,19.4,84,Kolkata
2018-06-30,32.4,26.7,4.9,19.5,83,Kolkata
2018-07-01,31.3,26.9,6.3,21.1,84,Kolkata
2018-07-02,31.8,27.1,15.0,19.6,86,Kolkata
2018-07-03,29.9,27.0,9.8,17.7,89,Kolkata
2018-07-04,31.4,27.0,19.5,17.3,89,Kolkata
2018-07-05,31.6,26.5,9.8,10.4,88,Kolkata
2018-07-06,33.3,25.9,30.9,12.2,86,Kolkata
2018-07-07,32.6,26.3,1.7,18.3,82,Kolkata
2018-07-08,32.0,26.1,5.4,19.5,83,Kolkata
2018-07-09,31.7,26.9,2.7,20.9,84,Kolkata
2018-07-10,31.2,26.3,13.2,18.0,88,Kolkata
2018-07-11,32.0,26.6,5.9,15.5,87,Kolkata
2018-07-12,32.1,26.4,5.4,18.2,86,Kolkata
2018-07-13,32.0,26.3,6.0,19.1,87,Kolkata
2018-07-14,32.2,26.4,3.2,23.4,85,Kolkata
2018-07-15,30.9,26.6,7.9,23.4,86,Kolkata
2018-07-16,30.9,26.2,7.6,24.2,87,Kolkata
2018-07-17,31.1,26.1,11.8,18.1,87,Kolkata
2018-07-18,32.3,26.7,5.6,17.8,87,Kolkata
2018-07-19,34.0,26.8,1.3,11.0,84,Kolkata
2018-07-20,32.6,26.9,3.6,22.1,84,Kolkata
2018-07-21,29.3,27.0,20.5,32.8,88,Kolkata
2018-07-22,30.5,26.2,16.9,30.5,87,Kolkata
2018-07-23,31.5,25.6,12.1,21.8,85,Kolkata
2018-07-24,30.8,26.6,13.3,18.9,87,Kolkata
2018-07-25,30.8,26.9,29.8,16.3,90,Kolkata
2018-07-26,28.2,25.6,58.0,11.6,94,Kolkata
2018-07-27,29.4,25.9,13.4,17.7,90,Kolkata
2018-07-28,31.3,25.9,4.9,13.8,86,Kolkata
2018-07-29,31.4,26.1,17.5,14.4,89,Kolkata
2018-07-30,30.6,25.2,36.0,9.5,91,Kolkata
2018-07-31,30.5,25.4,15.3,13.2,91,Kolkata
2018-08-01,29.8,25.1,29.1,13.4,92,Kolkata
2018-08-02,30.7,25.6,20.2,21.6,88,Kolkata
2018-08-03,30.6,25.7,24.3,13.1,88,Kolkata
2018-08-04,31.7,25.8,5.5,13.0,85,Kolkata
2018-08-05,32.5,25.6,47.2,10.7,88,Kolkata
2018-08-06,30.2,25.7,9.0,16.7,90,Kolkata
2018-08-07,30.1,25.9,6.1,31.4,86,Kolkata
2018-08-08,31.5,25.6,5.9,20.2,85,Kolkata
2018-08-09,31.7,25.9,1.2,17.1,83,Kolkata
2018-08-10,32.3,26.0,2.2,15.4,84,Kolkata
2018-08-11,32.9,26.4,12.3,13.8,86,Kolkata
2018-08-12,32.3,26.3,5.9,13.6,87,Kolkata
2018-08-13,31.9,26.5,2.3,15.1,86,Kolkata
2018-08-14,32.6,26.3,11.6,18.4,87,Kolkata
2018-08-15,31.2,27.1,5.7,24.1,85,Kolkata
2018-08-16,31.5,26.2,5.7,21.9,85,Kolkata
2018-08-17,32.2,26.0,2.5,12.2,86,Kolkata
2018-08-18,32.8,26.0,0.8,11.6,83,Kolkata
2018-08-19,31.5,26.7,15.0,15.8,89,Kolkata
2018-08-20,30.7,26.0,14.0,23.8,88,Kolkata
2018-08-21,31.4,26.3,3.9,14.8,87,Kolkata
2018-08-22,31.1,26.2,5.9,9.4,89,Kolkata
2018-08-23,32.6,26.6,3.6,12.5,81,Kolkata
2018-08-24,31.0,26.6,11.5,12.6,88,Kolkata
2018-08-25,31.1,25.6,8.4,15.3,89,Kolkata
2018-08-26,31.2,26.0,5.9,20.1,86,Kolkata
2018-08-27,31.2,26.8,2.7,23.8,86,Kolkata
2018-08-28,31.5,25.9,7.8,19.9,86,Kolkata
2018-08-29,31.3,25.5,6.2,15.7,86,Kolkata
2018-08-30,30.9,26.4,4.0,11.5,87,Kolkata
2018-08-31,31.4,25.5,14.6,15.1,89,Kolkata
2018-09-01,31.0,25.1,19.7,17.1,89,Kolkata
2018-09-02,28.7,24.6,34.8,18.7,92,Kolkata
2018-09-03,31.1,25.4,5.9,12.3,89,Kolkata
2018-09-04,31.1,25.6,22.5,10.8,90,Kolkata
2018-09-05,31.7,24.9,17.9,16.1,86,Kolkata
2018-09-06,28.9,25.8,10.1,33.0,89,Kolkata
2018-09-07,30.6,25.6,15.6,23.1,87,Kolkata
2018-09-08,31.3,25.9,0.9,15.8,84,Kolkata
2018-09-09,32.2,25.8,0.4,15.9,81,Kolkata
2018-09-10,31.2,26.0,4.1,15.9,84,Kolkata
2018-09-11,31.2,26.0,6.7,14.1,88,Kolkata
2018-09-12,31.5,26.5,6.8,14.2,88,Kolkata
2018-09-13,32.8,26.9,3.7,11.4,84,Kolkata
2018-09-14,31.8,26.7,7.1,9.8,87,Kolkata
2018-09-15,31.6,25.7,5.9,8.1,88,Kolkata
2018-09-16,31.8,26.3,4.2,7.2,88,Kolkata
2018-09-17,33.2,26.1,5.4,6.6,86,Kolkata
2018-09-18,33.5,26.5,1.7,8.9,81,Kolkata
2018-09-19,33.6,27.3,3.3,12.8,78,Kolkata
2018-09-20,28.3,25.1,15.6,27.9,90,Kolkata
2018-09-21,27.5,25.4,17.6,23.8,92,Kolkata
2018-09-22,30.1,24.9,0.9,14.0,87,Kolkata
2018-09-23,31.9,24.9,0.4,11.5,85,Kolkata
2018-09-24,32.8,26.2,2.2,13.8,85,Kolkata
2018-09-25,32.4,26.9,4.9,10.2,87,Kolkata
2018-09-26,31.6,27.0,4.6,10.0,88,Kolkata
2018-09-27,32.0,26.4,2.1,11.2,87,Kolkata
2018-09-28,32.8,26.3,2.0,9.7,86,Kolkata
2018-09-29,33.2,26.6,0.8,9.0,83,Kolkata
2018-09-30,33.2,26.5,0.2,9.0,80,Kolkata
2018-10-01,33.4,25.2,0.0,9.4,75,Kolkata
2018-10-02,33.6,26.2,0.0,10.0,78,Kolkata
2018-10-03,33.4,26.4,0.0,10.3,79,Kolkata
2018-10-04,33.4,24.5,0.0,9.8,76,Kolkata
2018-10-05,32.4,24.4,0.0,9.2,75,Kolkata
2018-10-06,33.0,24.8,0.0,8.4,72,Kolkata
2018-10-07,33.1,23.3,0.0,10.5,72,Kolkata
2018-10-08,33.1,24.0,0.0,11.9,74,Kolkata
2018-10-09,32.5,24.4,0.1,12.6,76,Kolkata
2018-10-10,26.9,23.2,25.6,18.1,89,Kolkata
2018-10-11,27.9,23.6,15.1,14.4,92,Kolkata
2018-10-12,28.2,24.5,30.3,24.2,92,Kolkata
2018-10-13,30.0,22.4,40.9,24.6,90,Kolkata
2018-10-14,29.8,21.4,0.2,8.9,85,Kolkata
2018-10-15,30.3,23.2,0.1,9.2,81,Kolkata
2018-10-16,31.1,21.9,0.0,8.1,79,Kolkata
2018-10-17,30.6,20.8,0.0,8.6,80,Kolkata
2018-10-18,31.8,23.3,0.0,10.1,81,Kolkata
2018-10-19,32.1,22.8,0.0,8.0,82,Kolkata
2018-10-20,32.2,22.9,0.0,8.0,82,Kolkata
2018-10-21,31.7,23.3,0.0,8.2,78,Kolkata
2018-10-22,31.7,22.0,0.0,8.7,75,Kolkata
2018-10-23,31.6,21.0,0.0,8.1,74,Kolkata
2018-10-24,30.9,22.3,0.3,6.9,79,Kolkata
2018-10-25,30.7,20.3,0.0,8.0,70,Kolkata
2018-10-26,29.8,18.1,0.0,9.4,66,Kolkata
2018-10-27,29.9,18.6,0.0,9.1,69,Kolkata
2018-10-28,27.8,19.3,0.8,9.0,79,Kolkata
2018-10-29,26.4,21.3,14.4,11.9,87,Kolkata
2018-10-30,27.0,21.3,1.1,18.0,87,Kolkata
2018-10-31,28.8,21.4,0.3,15.5,83,Kolkata
2018-11-01,28.9,21.5,0.5,12.0,84,Kolkata
2018-11-02,28.9,21.9,0.0,6.9,87,Kolkata
2018-11-03,29.4,22.1,0.2,8.0,87,Kolkata
2018-11-04,30.0,23.2,0.3,9.5,85,Kolkata
2018-11-05,30.7,23.2,1.0,11.2,86,Kolkata
2018-11-06,30.4,23.3,0.8,10.6,86,Kolkata
2018-11-07,27.9,22.8,25.4,11.9,91,Kolkata
2018-11-08,28.9,20.9,0.0,7.9,79,Kolkata
2018-11-09,28.1,18.3,0.0,8.9,72,Kolkata
2018-11-10,28.3,19.2,0.0,8.4,73,Kolkata
2018-11-11,28.6,17.5,0.0,9.0,76,Kolkata
2018-11-12,28.8,18.1,0.0,10.9,74,Kolkata
2018-11-13,28.5,17.8,0.0,8.5,76,Kolkata
2018-11-14,28.8,18.5,0.0,9.3,79,Kolkata
2018-11-15,29.9,18.4,0.0,10.6,80,Kolkata
2018-11-16,30.3,19.5,0.0,10.4,77,Kolkata
2018-11-17,30.0,21.6,0.0,11.4,76,Kolkata
2018-11-18,28.8,19.9,0.0,10.8,77,Kolkata
2018-11-19,28.8,19.2,0.0,8.5,74,Kolkata
2018-11-20,29.1,18.9,0.0,9.7,79,Kolkata
2018-11-21,29.3,19.0,0.0,9.3,76,Kolkata
2018-11-22,28.3,16.7,0.0,13.2,66,Kolkata
2018-11-23,27.6,16.3,0.0,10.2,68,Kolkata
2018-11-24,27.6,15.7,0.0,9.6,68,Kolkata
2018-11-25,27.2,15.9,0.0,9.8,70,Kolkata
2018-11-26,27.0,16.4,0.0,10.4,72,Kolkata
2018-11-27,26.9,16.4,0.0,9.7,70,Kolkata
2018-11-28,28.1,17.4,0.0,9.5,69,Kolkata
2018-11-29,27.4,15.9,0.0,7.7,61,Kolkata
2018-11-30,27.4,19.7,0.0,10.1,64,Kolkata
2018-12-01,27.2,17.4,0.0,9.4,61,Kolkata
2018-12-02,27.1,15.6,0.0,11.5,63,Kolkata
2018-12-03,27.1,16.2,0.0,10.9,66,Kolkata
2018-12-04,27.0,15.7,0.0,10.9,67,Kolkata
2018-12-05,26.6,14.4,0.0,9.7,70,Kolkata
2018-12-06,26.3,16.0,0.0,9.8,65,Kolkata
2018-12-07,26.5,13.6,0.0,11.5,66,Kolkata
2018-12-08,25.8,14.0,0.0,10.6,66,Kolkata
2018-12-09,25.6,12.5,0.0,10.8,65,Kolkata
2018-12-10,26.0,13.2,0.0,10.2,69,Kolkata
2018-12-11,26.7,14.5,0.0,8.0,67,Kolkata
2018-12-12,27.7,15.1,0.0,8.9,72,Kolkata
2018-12-13,28.2,16.2,0.0,8.8,66,Kolkata
2018-12-14,27.2,18.2,0.0,13.7,61,Kolkata
2018-12-15,25.6,16.8,0.0,13.3,57,Kolkata
2018-12-16,22.2,19.5,0.8,13.7,58,Kolkata
2018-12-17,20.9,17.6,12.7,14.4,84,Kolkata
2018-12-18,18.5,14.7,8.6,17.9,89,Kolkata
2018-12-19,22.6,13.3,0.0,14.0,82,Kolkata
2018-12-20,23.7,12.7,0.0,10.4,79,Kolkata
2018-12-21,23.5,12.0,0.0,10.9,77,Kolkata
2018-12-22,23.5,12.2,0.0,12.7,74,Kolkata
2018-12-23,23.7,12.1,0.0,11.6,77,Kolkata
2018-12-24,23.6,12.0,0.0,10.1,77,Kolkata
2018-12-25,23.5,12.1,0.0,11.3,71,Kolkata
2018-12-26,22.7,11.7,0.0,11.5,66,Kolkata
2018-12-27,22.9,9.8,0.0,12.8,69,Kolkata
2018-12-28,22.2,11.6,0.0,14.4,60,Kolkata
2018-12-29,21.9,8.7,0.0,13.7,63,Kolkata
2018-12-30,22.8,10.5,0.0,13.8,68,Kolkata
2018-12-31,23.7,11.6,0.0,11.3,70,Kolkata
2019-01-01,23.9,11.1,0.0,10.8,73,Kolkata
2019-01-02,24.7,11.2,0.0,9.6,72,Kolkata
2019-01-03,24.9,10.8,0.0,10.5,70,Kolkata
2019-01-04,24.2,10.1,0.0,10.5,68,Kolkata
2019-01-05,24.3,10.3,0.0,13.5,68,Kolkata
2019-01-06,25.3,11.7,0.0,10.6,71,Kolkata
2019-01-07,25.7,10.6,0.0,11.3,70,Kolkata
2019-01-08,25.7,12.2,0.0,13.2,67,Kolkata
2019-01-09,25.6,13.3,0.0,9.7,70,Kolkata
2019-01-10,24.7,12.8,0.0,9.3,71,Kolkata
2019-01-11,24.6,11.1,0.0,12.0,65,Kolkata
2019-01-12,25.3,11.1,0.0,12.2,70,Kolkata
2019-01-13,25.8,11.6,0.0,10.0,68,Kolkata
2019-01-14,26.5,12.4,0.0,10.4,70,Kolkata
2019-01-15,25.0,13.1,0.0,14.4,61,Kolkata
2019-01-16,24.2,11.8,0.0,10.2,61,Kolkata
2019-01-17,25.0,10.1,0.0,10.7,59,Kolkata
2019-01-18,26.0,10.7,0.0,9.5,60,Kolkata
2019-01-19,25.9,11.1,0.0,11.2,65,Kolkata
2019-01-20,25.8,11.1,0.0,10.4,67,Kolkata
2019-01-21,26.7,12.1,0.0,10.5,68,Kolkata
2019-01-22,27.4,13.0,0.0,10.6,70,Kolkata
2019-01-23,28.2,13.7,0.0,10.2,66,Kolkata
2019-01-24,28.6,13.9,0.0,9.2,65,Kolkata
2019-01-25,28.9,14.7,0.0,12.0,65,Kolkata
2019-01-26,29.0,17.1,0.0,16.2,60,Kolkata
2019-01-27,24.8,18.3,0.4,15.8,64,Kolkata
2019-01-28,24.4,17.6,0.8,14.1,68,Kolkata
2019-01-29,23.9,15.3,0.3,15.3,55,Kolkata
2019-01-30,24.1,10.9,0.0,11.9,47,Kolkata
2019-01-31,25.7,11.8,0.0,10.4,57,Kolkata
2019-02-01,27.2,12.4,0.0,10.2,62,Kolkata
2019-02-02,28.4,12.3,0.0,10.0,60,Kolkata
2019-02-03,28.8,12.8,0.0,11.8,58,Kolkata
2019-02-04,28.2,13.8,0.0,11.2,57,Kolkata
2019-02-05,27.7,13.1,0.0,14.9,58,Kolkata
2019-02-06,28.9,13.8,0.0,9.2,59,Kolkata
2019-02-07,30.3,15.9,0.0,9.5,68,Kolkata
2019-02-08,30.9,17.5,0.0,14.2,63,Kolkata
2019-02-09,28.4,18.4,0.7,16.9,65,Kolkata
2019-02-10,26.2,15.0,0.0,13.3,57,Kolkata
2019-02-11,26.4,12.4,0.0,13.8,59,Kolkata
2019-02-12,27.9,13.8,0.0,10.5,61,Kolkata
2019-02-13,29.4,14.9,0.0,10.8,58,Kolkata
2019-02-14,30.9,14.6,0.0,10.2,57,Kolkata
2019-02-15,31.7,15.7,0.0,11.5,57,Kolkata
2019-02-16,26.8,19.2,1.1,15.9,65,Kolkata
2019-02-17,28.1,18.8,1.2,14.0,66,Kolkata
2019-02-18,28.0,16.0,0.0,10.3,54,Kolkata
2019-02-19,31.3,18.0,0.0,11.3,67,Kolkata
2019-02-20,32.7,20.5,0.0,12.7,69,Kolkata
2019-02-21,33.2,19.4,0.0,9.4,65,Kolkata
2019-02-22,34.7,19.6,0.0,11.4,68,Kolkata
2019-02-23,34.1,21.7,0.0,13.6,60,Kolkata
2019-02-24,32.3,21.3,0.0,11.9,53,Kolkata
2019-02-25,29.6,17.6,13.3,15.6,73,Kolkata
2019-02-26,23.0,19.4,18.5,18.7,90,Kolkata
2019-02-27,27.5,18.4,19.5,23.4,83,Kolkata
2019-02-28,25.4,17.9,8.9,17.4,81,Kolkata
2019-03-01,25.2,15.8,0.0,12.2,70,Kolkata
2019-03-02,25.4,15.4,0.0,9.7,68,Kolkata
2019-03-03,27.2,15.1,0.0,8.4,72,Kolkata
2019-03-04,27.3,18.1,19.5,13.6,86,Kolkata
2019-03-05,27.6,20.9,23.6,11.1,86,Kolkata
2019-03-06,28.3,20.2,0.0,10.3,82,Kolkata
2019-03-07,27.6,19.4,0.0,13.0,73,Kolkata
2019-03-08,27.7,17.5,0.0,10.9,64,Kolkata
2019-03-09,29.3,17.2,0.0,10.5,70,Kolkata
2019-03-10,30.2,20.2,0.3,20.3,82,Kolkata
2019-03-11,30.8,21.7,0.4,9.1,84,Kolkata
2019-03-12,32.2,22.2,0.0,13.8,80,Kolkata
2019-03-13,33.0,23.5,0.0,10.8,81,Kolkata
2019-03-14,32.6,24.1,0.0,14.1,80,Kolkata
2019-03-15,32.5,23.4,0.5,8.7,73,Kolkata
2019-03-16,31.4,22.5,0.0,13.6,72,Kolkata
2019-03-17,32.1,22.0,6.8,30.2,78,Kolkata
2019-03-18,27.1,20.8,0.3,12.6,72,Kolkata
2019-03-19,29.8,20.7,0.1,12.7,74,Kolkata
2019-03-20,31.6,21.2,0.0,15.5,79,Kolkata
2019-03-21,33.7,23.4,0.4,14.1,78,Kolkata
2019-03-22,32.1,24.2,2.7,14.3,81,Kolkata
2019-03-23,33.7,22.4,0.0,10.1,68,Kolkata
2019-03-24,32.8,18.8,0.0,10.9,55,Kolkata
2019-03-25,34.1,20.4,0.0,11.2,62,Kolkata
2019-03-26,34.5,21.8,0.4,13.9,66,Kolkata
2019-03-27,32.0,20.1,0.1,14.9,65,Kolkata
2019-03-28,33.3,22.1,0.1,11.9,75,Kolkata
2019-03-29,32.5,23.2,0.2,17.8,77,Kolkata
2019-03-30,34.6,24.6,0.0,14.9,75,Kolkata
2019-03-31,35.3,24.8,3.4,33.3,80,Kolkata
2019-04-01,34.2,24.6,6.0,21.0,78,Kolkata
2019-04-02,34.0,24.0,1.6,16.4,79,Kolkata
2019-04-03,34.9,22.7,0.0,14.8,78,Kolkata
2019-04-04,33.6,25.1,0.0,18.5,78,Kolkata
2019-04-05,34.9,23.4,3.4,20.5,80,Kolkata
2019-04-06,33.4,23.1,15.3,14.5,80,Kolkata
2019-04-07,31.9,22.0,9.8,26.1,80,Kolkata
2019-04-08,33.3,23.1,0.0,17.6,80,Kolkata
2019-04-09,34.0,24.1,0.9,16.7,81,Kolkata
2019-04-10,33.7,22.6,0.6,16.9,82,Kolkata
2019-04-11,34.2,25.1,1.0,14.8,83,Kolkata
2019-04-12,33.7,25.7,2.3,13.3,82,Kolkata
2019-04-13,35.2,25.7,9.0,16.2,80,Kolkata
2019-04-14,34.9,25.7,1.1,18.0,80,Kolkata
2019-04-15,35.8,25.7,0.0,16.2,81,Kolkata
2019-04-16,36.0,26.0,3.6,14.9,81,Kolkata
2019-04-17,33.9,24.5,2.2,25.7,81,Kolkata
2019-04-18,33.7,23.9,0.0,8.4,68,Kolkata
2019-04-19,33.0,24.9,0.0,10.4,73,Kolkata
2019-04-20,33.6,24.3,0.1,12.1,67,Kolkata
2019-04-21,35.3,22.6,10.3,20.8,76,Kolkata
2019-04-22,32.2,22.3,0.0,8.2,76,Kolkata
2019-04-23,33.2,24.9,6.2,9.8,79,Kolkata
2019-04-24,34.5,24.4,0.3,11.6,76,Kolkata
2019-04-25,35.8,25.9,0.0,16.3,73,Kolkata
2019-04-26,35.9,26.1,0.1,19.2,75,Kolkata
2019-04-27,37.3,27.3,2.6,23.1,75,Kolkata
2019-04-28,36.7,27.7,0.0,22.0,75,Kolkata
2019-04-29,36.1,27.4,0.0,24.7,75,Kolkata
2019-04-30,34.8,26.9,0.0,28.3,72,Kolkata
2019-05-01,34.6,27.0,0.0,25.4,72,Kolkata
2019-05-02,32.7,26.8,0.3,19.5,77,Kolkata
2019-05-03,29.6,25.9,42.3,33.5,88,Kolkata
2019-05-04,30.6,23.9,18.5,41.8,83,Kolkata
2019-05-05,33.8,23.7,0.1,19.5,81,Kolkata
2019-05-06,35.5,26.7,0.0,20.7,81,Kolkata
2019-05-07,35.9,26.6,0.0,20.5,80,Kolkata
2019-05-08,36.9,26.2,0.0,17.4,79,Kolkata
2019-05-09,36.3,26.9,0.0,19.4,80,Kolkata
2019-05-10,36.6,27.3,0.0,20.7,80,Kolkata
2019-05-11,35.2,27.5,0.0,19.8,79,Kolkata
2019-05-12,35.9,27.7,0.0,19.6,78,Kolkata
2019-05-13,36.1,27.5,2.3,22.7,79,Kolkata
2019-05-14,35.7,26.7,3.0,15.7,77,Kolkata
2019-05-15,35.5,27.5,10.1,20.9,78,Kolkata
2019-05-16,36.4,27.2,0.0,19.8,73,Kolkata
2019-05-17,36.5,27.9,0.3,19.9,76,Kolkata
2019-05-18,37.1,28.1,0.0,18.9,75,Kolkata
2019-05-19,37.4,28.2,4.3,19.9,78,Kolkata
2019-05-20,36.8,27.9,0.9,18.8,77,Kolkata
2019-05-21,36.0,28.3,0.0,19.5,74,Kolkata
2019-05-22,37.0,28.2,0.0,21.2,74,Kolkata
2019-05-23,34.7,27.6,0.2,23.9,75,Kolkata
2019-05-24,35.9,28.8,0.6,24.8,74,Kolkata
2019-05-25,35.2,28.3,0.7,24.4,78,Kolkata
2019-05-26,36.6,28.4,0.0,21.3,76,Kolkata
2019-05-27,36.2,28.4,0.0,23.2,75,Kolkata
2019-05-28,36.8,27.9,0.0,18.8,75,Kolkata
2019-05-29,37.4,27.7,0.0,21.5,74,Kolkata
2019-05-30,35.2,27.9,0.0,22.1,73,Kolkata
2019-05-31,35.1,28.3,0.2,29.4,72,Kolkata
2019-06-01,34.7,27.9,1.4,19.6,74,Kolkata
2019-06-02,32.7,26.6,21.9,24.9,82,Kolkata
2019-06-03,32.0,26.5,5.5,20.4,82,Kolkata
2019-06-04,30.6,27.5,28.1,24.2,84,Kolkata
2019-06-05,31.2,27.3,13.5,23.9,87,Kolkata
2019-06-06,32.1,25.9,12.7,13.1,88,Kolkata
2019-06-07,29.9,25.6,6.9,18.1,88,Kolkata
2019-06-08,31.4,26.0,2.3,11.9,84,Kolkata
2019-06-09,33.0,26.5,1.8,15.7,84,Kolkata
2019-06-10,34.7,27.3,0.0,20.7,81,Kolkata
2019-06-11,34.4,27.3,0.0,19.9,81,Kolkata
2019-06-12,34.2,27.8,0.0,18.2,83,Kolkata
2019-06-13,34.6,27.1,0.0,11.9,81,Kolkata
2019-06-14,36.0,28.6,3.5,13.5,79,Kolkata
2019-06-15,35.5,28.5,3.4,22.5,81,Kolkata
2019-06-16,35.8,28.1,0.0,18.7,78,Kolkata
2019-06-17,36.6,29.1,0.0,16.9,76,Kolkata
2019-06-18,35.8,28.5,0.0,15.6,79,Kolkata
2019-06-19,35.8,28.6,0.5,16.5,79,Kolkata
2019-06-20,33.9,28.1,2.9,22.2,82,Kolkata
2019-06-21,30.8,27.2,23.8,19.7,87,Kolkata
2019-06-22,31.0,26.8,6.6,23.7,83,Kolkata
2019-06-23,31.7,26.7,1.9,18.9,83,Kolkata
2019-06-24,33.2,26.8,0.9,17.3,79,Kolkata
2019-06-25,34.4,28.3,0.0,19.5,77,Kolkata
2019-06-26,34.1,28.4,0.0,22.3,76,Kolkata
2019-06-27,33.1,28.4,2.1,23.5,79,Kolkata
2019-06-28,33.9,28.6,11.4,16.1,83,Kolkata
2019-06-29,33.6,27.7,14.3,13.4,85,Kolkata
2019-06-30,33.3,27.1,6.1,10.8,84,Kolkata
2019-07-01,31.4,27.0,6.2,22.7,85,Kolkata
2019-07-02,30.2,26.7,16.0,22.7,88,Kolkata
2019-07-03,31.4,26.0,10.9,15.7,85,Kolkata
2019-07-04,32.6,26.7,3.9,16.8,84,Kolkata
2019-07-05,32.0,26.7,6.2,15.2,87,Kolkata
2019-07-06,30.3,26.1,8.4,13.3,90,Kolkata
2019-07-07,30.0,26.6,3.6,21.2,84,Kolkata
2019-07-08,31.1,27.9,3.2,19.9,82,Kolkata
2019-07-09,32.4,27.8,6.4,24.0,82,Kolkata
2019-07-10,30.8,27.8,15.6,21.1,85,Kolkata
2019-07-11,32.0,28.1,4.8,23.4,83,Kolkata
2019-07-12,31.7,28.1,4.3,20.9,85,Kolkata
2019-07-13,32.0,27.7,10.9,19.9,83,Kolkata
2019-07-14,34.6,27.4,1.9,17.7,78,Kolkata
2019-07-15,34.6,28.3,11.9,15.7,80,Kolkata
2019-07-16,34.7,27.9,9.5,10.5,81,Kolkata
2019-07-17,34.1,27.0,2.0,9.8,82,Kolkata
2019-07-18,33.6,27.6,3.5,13.6,82,Kolkata
2019-07-19,33.1,27.3,2.6,16.4,81,Kolkata
2019-07-20,33.1,27.0,1.4,18.4,80,Kolkata
2019-07-21,33.1,27.3,0.4,18.7,78,Kolkata
2019-07-22,33.5,27.9,1.4,20.2,78,Kolkata
2019-07-23,33.7,27.8,0.7,19.5,75,Kolkata
2019-07-24,34.0,27.8,6.2,16.4,79,Kolkata
2019-07-25,31.9,27.2,24.1,12.5,89,Kolkata
2019-07-26,29.9,25.4,26.3,9.4,93,Kolkata
2019-07-27,31.0,25.5,15.4,16.0,90,Kolkata
2019-07-28,30.2,26.1,7.6,23.1,88,Kolkata
2019-07-29,30.4,25.8,8.0,28.4,87,Kolkata
2019-07-30,32.0,26.2,0.3,24.0,82,Kolkata
2019-07-31,31.7,26.9,2.0,16.5,81,Kolkata
2019-08-01,31.8,26.6,6.6,14.4,84,Kolkata
2019-08-02,31.6,25.9,7.8,17.6,87,Kolkata
2019-08-03,31.8,26.3,6.2,16.7,88,Kolkata
2019-08-04,32.4,25.8,7.3,11.3,86,Kolkata
2019-08-05,33.9,26.5,2.8,10.8,84,Kolkata
2019-08-06,32.8,27.4,14.7,23.6,87,Kolkata
2019-08-07,30.1,26.4,17.8,37.0,89,Kolkata
2019-08-08,29.4,26.2,17.7,24.4,89,Kolkata
2019-08-09,33.0,26.4,1.4,14.4,82,Kolkata
2019-08-10,32.6,26.9,6.5,9.9,86,Kolkata
2019-08-11,33.0,26.7,5.5,12.7,86,Kolkata
2019-08-12,30.4,26.7,28.0,13.0,90,Kolkata
2019-08-13,30.5,26.0,12.7,23.7,89,Kolkata
2019-08-14,31.8,25.5,11.1,24.0,85,Kolkata
2019-08-15,29.7,26.4,13.2,17.1,90,Kolkata
2019-08-16,31.5,26.1,35.2,14.1,90,Kolkata
2019-08-17,29.1,26.0,80.9,11.5,94,Kolkata
2019-08-18,30.5,25.2,26.1,25.3,87,Kolkata
2019-08-19,31.5,25.7,3.7,20.5,84,Kolkata
2019-08-20,32.3,26.0,8.3,14.3,85,Kolkata
2019-08-21,32.5,26.8,4.4,13.9,86,Kolkata
2019-08-22,32.6,26.7,3.7,13.9,87,Kolkata
2019-08-23,31.9,26.4,9.0,14.2,87,Kolkata
2019-08-24,28.7,25.8,8.1,13.8,91,Kolkata
2019-08-25,30.1,25.5,8.5,21.4,89,Kolkata
2019-08-26,30.8,25.4,9.1,17.3,88,Kolkata
2019-08-27,31.9,26.0,1.9,14.1,85,Kolkata
2019-08-28,31.7,25.8,8.6,17.7,88,Kolkata
2019-08-29,32.0,26.1,3.7,17.4,86,Kolkata
2019-08-30,32.9,26.0,1.5,13.3,84,Kolkata
2019-08-31,32.4,25.9,0.6,11.5,82,Kolkata
2019-09-01,32.2,26.3,24.6,10.3,87,Kolkata
2019-09-02,31.5,25.9,4.1,13.8,88,Kolkata
2019-09-03,31.7,26.3,11.3,16.3,88,Kolkata
2019-09-04,31.1,26.3,3.3,19.7,88,Kolkata
2019-09-05,31.0,26.5,4.4,18.0,87,Kolkata
2019-09-06,31.0,26.3,4.7,24.5,85,Kolkata
2019-09-07,31.2,26.3,4.1,23.6,87,Kolkata
2019-09-08,31.3,25.9,6.2,18.4,88,Kolkata
2019-09-09,31.0,25.9,12.3,15.7,88,Kolkata
2019-09-10,32.3,27.6,10.6,17.0,88,Kolkata
2019-09-11,29.5,25.1,13.2,14.2,92,Kolkata
2019-09-12,27.9,25.5,46.3,20.3,93,Kolkata
2019-09-13,30.5,25.4,10.1,20.0,89,Kolkata
2019-09-14,31.0,26.1,6.2,18.3,87,Kolkata
2019-09-15,32.4,26.5,3.7,12.6,87,Kolkata
2019-09-16,31.6,26.6,5.1,15.1,87,Kolkata
2019-09-17,32.2,26.3,1.0,15.6,82,Kolkata
2019-09-18,32.1,25.8,3.7,19.0,86,Kolkata
2019-09-19,32.1,25.4,1.9,11.2,88,Kolkata
2019-09-20,32.4,25.2,1.4,14.8,86,Kolkata
2019-09-21,32.8,25.8,1.1,10.1,85,Kolkata
2019-09-22,31.7,26.3,8.4,13.0,88,Kolkata
2019-09-23,30.8,25.8,9.3,16.2,87,Kolkata
2019-09-24,29.2,25.2,25.5,21.9,90,Kolkata
2019-09-25,27.2,24.9,7.7,14.1,93,Kolkata
2019-09-26,28.1,24.9,8.6,12.1,93,Kolkata
2019-09-27,28.0,24.5,1.8,8.3,90,Kolkata
2019-09-28,28.1,25.0,2.6,11.5,88,Kolkata
2019-09-29,28.0,24.0,16.0,10.7,92,Kolkata
2019-09-30,30.5,24.4,7.5,15.1,89,Kolkata
2019-10-01,30.2,24.2,12.8,13.0,87,Kolkata
2019-10-02,31.3,24.5,6.3,8.2,88,Kolkata
2019-10-03,30.9,24.7,11.1,12.8,89,Kolkata
2019-10-04,30.3,25.3,4.4,12.2,88,Kolkata
2019-10-05,30.5,25.8,4.0,10.0,89,Kolkata
2019-10-06,31.0,24.6,5.6,11.2,88,Kolkata
2019-10-07,30.1,24.1,15.0,7.9,89,Kolkata
2019-10-08,29.4,24.5,9.3,9.5,91,Kolkata
2019-10-09,27.3,24.0,15.2,14.6,93,Kolkata
2019-10-10,28.7,23.5,4.5,7.8,92,Kolkata
2019-10-11,30.6,23.5,0.4,6.8,86,Kolkata
2019-10-12,31.0,24.0,0.0,7.9,81,Kolkata
2019-10-13,30.9,23.7,0.5,8.6,84,Kolkata
2019-10-14,31.2,23.8,0.0,7.2,78,Kolkata
2019-10-15,31.2,23.8,0.0,7.9,75,Kolkata
2019-10-16,31.1,24.3,6.1,10.2,85,Kolkata
2019-10-17,31.2,24.5,6.4,6.2,89,Kolkata
2019-10-18,31.3,24.2,3.3,9.8,87,Kolkata
2019-10-19,32.1,25.0,3.9,8.4,86,Kolkata
2019-10-20,32.0,24.8,0.6,8.3,83,Kolkata
2019-10-21,31.2,24.8,0.6,7.9,86,Kolkata
2019-10-22,30.2,24.4,5.7,7.9,87,Kolkata
2019-10-23,30.6,24.7,35.2,6.2,88,Kolkata
2019-10-24,25.3,21.1,22.1,17.2,95,Kolkata
2019-10-25,24.9,21.2,51.4,17.7,96,Kolkata
2019-10-26,28.3,21.4,1.0,12.6,89,Kolkata
2019-10-27,29.4,21.7,0.0,8.8,83,Kolkata
2019-10-28,29.1,21.6,0.0,9.6,81,Kolkata
2019-10-29,29.1,20.4,0.0,9.8,81,Kolkata
2019-10-30,29.6,20.8,0.0,10.5,79,Kolkata
2019-10-31,29.7,21.0,0.0,7.4,78,Kolkata
2019-11-01,29.8,21.5,0.0,8.9,82,Kolkata
2019-11-02,30.1,21.4,0.0,11.4,82,Kolkata
2019-11-03,29.6,21.1,0.0,8.6,82,Kolkata
2019-11-04,30.2,21.9,0.0,9.0,81,Kolkata
2019-11-05,29.7,21.9,0.3,9.0,82,Kolkata
2019-11-06,29.7,20.5,0.0,10.9,75,Kolkata
2019-11-07,28.9,20.0,0.0,10.5,76,Kolkata
2019-11-08,26.4,22.5,11.6,18.6,85,Kolkata
2019-11-09,24.3,22.7,89.3,37.7,93,Kolkata
2019-11-10,27.4,22.3,5.5,35.8,85,Kolkata
2019-11-11,29.0,20.7,0.0,11.0,82,Kolkata
2019-11-12,29.2,19.9,0.0,8.9,80,Kolkata
2019-11-13,28.5,18.1,0.0,8.5,80,Kolkata
2019-11-14,28.9,18.6,0.0,9.1,80,Kolkata
2019-11-15,29.4,18.9,0.0,8.3,81,Kolkata
2019-11-16,29.0,19.1,0.0,9.2,81,Kolkata
2019-11-17,28.9,18.8,0.0,6.8,80,Kolkata
2019-11-18,28.7,19.5,0.0,7.3,81,Kolkata
2019-11-19,28.0,18.4,0.0,7.8,75,Kolkata
2019-11-20,27.8,17.2,0.0,6.5,72,Kolkata
2019-11-21,27.6,17.2,0.0,9.6,78,Kolkata
2019-11-22,27.8,16.8,0.0,9.5,77,Kolkata
2019-11-23,27.7,17.6,0.0,9.5,78,Kolkata
2019-11-24,27.6,17.9,0.0,6.2,77,Kolkata
2019-11-25,28.2,17.9,0.0,8.4,81,Kolkata
2019-11-26,28.3,19.7,0.0,6.6,78,Kolkata
2019-11-27,28.6,18.6,0.0,9.3,84,Kolkata
2019-11-28,28.6,18.6,0.0,9.1,82,Kolkata
2019-11-29,28.9,18.9,0.0,8.2,79,Kolkata
2019-11-30,28.6,18.8,0.0,5.4,79,Kolkata
2019-12-01,28.5,18.0,0.0,8.2,76,Kolkata
2019-12-02,27.4,17.7,0.0,10.4,74,Kolkata
2019-12-03,26.3,16.2,0.0,12.1,77,Kolkata
2019-12-04,26.0,15.7,0.0,12.4,70,Kolkata
2019-12-05,26.2,15.4,0.0,10.2,78,Kolkata
2019-12-06,27.9,15.5,0.0,8.2,78,Kolkata
2019-12-07,28.1,17.8,0.0,8.7,76,Kolkata
2019-12-08,28.1,19.2,0.0,8.3,73,Kolkata
2019-12-09,27.8,18.0,0.0,12.3,72,Kolkata
2019-12-10,27.3,17.1,0.0,8.7,66,Kolkata
2019-12-11,26.8,17.7,0.1,12.6,74,Kolkata
2019-12-12,26.6,17.6,0.1,10.5,78,Kolkata
2019-12-13,26.8,17.9,0.0,7.6,77,Kolkata
2019-12-14,27.8,17.8,0.0,7.3,78,Kolkata
2019-12-15,27.0,18.0,0.0,9.4,79,Kolkata
2019-12-16,25.8,17.8,0.0,10.4,75,Kolkata
2019-12-17,26.1,17.6,0.0,13.3,78,Kolkata
2019-12-18,23.5,14.1,0.0,12.6,72,Kolkata
2019-12-19,22.0,11.3,0.0,10.9,76,Kolkata
2019-12-20,22.2,10.7,0.0,9.7,75,Kolkata
2019-12-21,22.8,11.2,0.0,9.7,78,Kolkata
2019-12-22,23.6,11.6,0.0,10.0,81,Kolkata
2019-12-23,23.1,13.3,0.0,9.7,82,Kolkata
2019-12-24,24.2,13.1,0.0,9.2,80,Kolkata
2019-12-25,24.6,13.9,0.0,8.4,79,Kolkata
2019-12-26,20.6,14.8,11.6,10.2,88,Kolkata
2019-12-27,19.4,13.1,2.5,12.9,82,Kolkata
2019-12-28,21.0,10.3,0.0,13.0,77,Kolkata
2019-12-29,22.0,10.6,0.0,13.1,77,Kolkata
2019-12-30,21.9,11.0,0.0,11.5,79,Kolkata
2019-12-31,23.5,11.5,0.0,9.9,78,Kolkata
2020-01-01,25.0,11.3,0.0,10.8,78,Kolkata
2020-01-02,25.6,14.0,0.0,11.2,78,Kolkata
2020-01-03,21.2,15.2,15.2,19.2,86,Kolkata
2020-01-04,22.9,14.9,0.2,10.2,85,Kolkata
2020-01-05,22.0,14.1,0.1,13.2,85,Kolkata
2020-01-06,22.3,11.8,0.0,10.1,79,Kolkata
2020-01-07,22.8,11.6,0.0,9.3,78,Kolkata
2020-01-08,24.0,12.2,0.0,8.9,80,Kolkata
2020-01-09,22.9,14.8,0.1,7.7,83,Kolkata
2020-01-10,23.2,14.8,0.0,15.3,76,Kolkata
2020-01-11,21.3,11.6,0.0,12.8,75,Kolkata
2020-01-12,22.3,11.9,0.0,11.3,77,Kolkata
2020-01-13,22.4,11.4,0.0,13.1,76,Kolkata
2020-01-14,24.0,11.1,0.0,9.4,72,Kolkata
2020-01-15,26.0,13.1,0.0,9.4,74,Kolkata
2020-01-16,27.0,14.0,0.0,9.7,76,Kolkata
2020-01-17,27.8,16.0,0.0,8.7,78,Kolkata
2020-01-18,27.8,15.4,0.0,9.9,74,Kolkata
2020-01-19,27.6,14.9,0.0,12.8,76,Kolkata
2020-01-20,22.2,15.4,0.5,12.6,75,Kolkata
2020-01-21,24.2,13.2,0.0,9.4,73,Kolkata
2020-01-22,25.3,13.0,0.0,8.3,75,Kolkata
2020-01-23,24.7,14.6,0.9,8.4,79,Kolkata
2020-01-24,24.3,14.7,0.0,13.7,65,Kolkata
2020-01-25,23.9,11.2,0.0,9.2,62,Kolkata
2020-01-26,24.6,11.4,0.0,9.9,65,Kolkata
2020-01-27,24.5,11.6,0.0,11.5,65,Kolkata
2020-01-28,26.5,13.6,0.0,10.4,68,Kolkata
2020-01-29,24.7,18.0,7.8,10.5,88,Kolkata
2020-01-30,22.8,16.9,6.2,10.1,92,Kolkata
2020-01-31,24.5,15.1,0.0,13.0,73,Kolkata
2020-02-01,24.7,13.6,0.0,9.1,70,Kolkata
2020-02-02,23.9,13.7,0.0,11.7,61,Kolkata
2020-02-03,23.9,12.0,0.0,8.9,63,Kolkata
2020-02-04,24.7,11.0,0.0,9.5,64,Kolkata
2020-02-05,25.4,16.6,0.0,12.4,68,Kolkata
2020-02-06,26.4,14.4,0.0,9.7,69,Kolkata
2020-02-07,24.1,16.2,0.0,12.5,63,Kolkata
2020-02-08,21.0,15.2,0.2,11.2,66,Kolkata
2020-02-09,25.7,14.6,0.0,13.3,67,Kolkata
2020-02-10,25.4,12.7,0.0,12.1,59,Kolkata
2020-02-11,26.1,11.4,0.0,11.5,58,Kolkata
2020-02-12,26.6,12.8,0.0,12.0,59,Kolkata
2020-02-13,26.9,12.3,0.0,10.9,57,Kolkata
2020-02-14,29.4,14.3,0.0,13.7,64,Kolkata
2020-02-15,29.2,15.3,0.0,13.2,62,Kolkata
2020-02-16,29.7,14.6,0.0,10.7,59,Kolkata
2020-02-17,29.6,15.2,0.0,8.7,66,Kolkata
2020-02-18,29.4,15.9,0.0,9.9,71,Kolkata
2020-02-19,30.7,16.8,0.0,12.3,73,Kolkata
2020-02-20,30.2,19.9,0.0,13.1,71,Kolkata
2020-02-21,30.5,18.3,0.0,10.5,68,Kolkata
2020-02-22,30.8,17.2,0.0,11.3,61,Kolkata
2020-02-23,31.0,18.1,0.0,12.7,64,Kolkata
2020-02-24,27.4,18.7,0.2,10.3,73,Kolkata
2020-02-25,22.4,16.5,6.1,17.6,88,Kolkata
2020-02-26,26.5,16.4,0.9,8.0,82,Kolkata
2020-02-27,27.0,16.5,0.0,10.0,75,Kolkata
2020-02-28,27.9,15.8,0.0,9.3,68,Kolkata
2020-02-29,29.5,16.2,0.0,12.8,67,Kolkata
2020-03-01,31.1,17.7,0.0,8.6,68,Kolkata
2020-03-02,31.2,18.2,0.0,15.0,67,Kolkata
2020-03-03,30.5,19.2,1.3,20.5,76,Kolkata
2020-03-04,29.9,21.4,7.0,15.2,81,Kolkata
2020-03-05,30.7,20.5,0.4,12.3,78,Kolkata
2020-03-06,28.2,21.3,0.1,21.1,72,Kolkata
2020-03-07,26.7,21.6,5.4,11.6,82,Kolkata
2020-03-08,29.6,20.9,0.8,15.3,75,Kolkata
2020-03-09,29.7,17.9,0.0,10.5,59,Kolkata
2020-03-10,30.8,16.1,0.0,9.2,60,Kolkata
2020-03-11,32.5,19.2,0.0,7.6,64,Kolkata
2020-03-12,32.6,20.9,0.5,8.6,72,Kolkata
2020-03-13,34.0,21.6,0.0,7.3,70,Kolkata
2020-03-14,34.0,21.9,0.3,27.1,60,Kolkata
2020-03-15,32.3,19.1,0.0,16.9,63,Kolkata
2020-03-16,32.0,20.9,0.8,10.0,71,Kolkata
2020-03-17,32.1,21.9,0.7,8.5,66,Kolkata
2020-03-18,33.9,21.0,0.0,14.3,59,Kolkata
2020-03-19,33.7,19.2,0.0,11.9,52,Kolkata
2020-03-20,33.0,21.8,0.0,13.5,53,Kolkata
2020-03-21,35.9,21.3,0.8,18.9,60,Kolkata
2020-03-22,28.3,21.6,1.7,17.8,76,Kolkata
2020-03-23,31.4,19.4,0.0,12.9,69,Kolkata
2020-03-24,32.3,21.5,0.0,13.5,73,Kolkata
2020-03-25,33.0,21.3,0.1,11.6,70,Kolkata
2020-03-26,36.5,23.4,0.0,14.0,60,Kolkata
2020-03-27,38.0,22.6,0.0,14.5,55,Kolkata
2020-03-28,38.3,24.2,0.0,14.3,53,Kolkata
2020-03-29,37.2,24.3,0.0,14.7,49,Kolkata
2020-03-30,36.9,22.5,0.0,16.1,49,Kolkata
2020-03-31,37.4,23.1,0.0,16.6,52,Kolkata
2020-04-01,38.6,23.4,0.0,16.6,61,Kolkata
2020-04-02,38.3,25.0,0.0,24.5,65,Kolkata
2020-04-03,36.9,25.4,0.1,22.0,65,Kolkata
2020-04-04,37.4,24.4,0.0,17.3,60,Kolkata
2020-04-05,36.7,25.8,0.0,15.7,66,Kolkata
2020-04-06,38.2,25.1,0.0,16.1,52,Kolkata
2020-04-07,39.5,24.6,0.0,19.8,55,Kolkata
2020-04-08,38.3,25.9,0.0,20.7,53,Kolkata
2020-04-09,37.7,24.2,0.0,15.5,57,Kolkata
2020-04-10,37.7,24.0,0.0,18.3,68,Kolkata
2020-04-11,35.4,24.7,0.8,18.3,72,Kolkata
2020-04-12,34.9,24.5,0.6,14.1,72,Kolkata
2020-04-13,36.6,25.4,0.8,14.8,74,Kolkata
2020-04-14,37.1,25.3,3.6,16.2,76,Kolkata
2020-04-15,35.4,24.9,10.4,17.1,81,Kolkata
2020-04-16,35.0,23.7,0.3,13.7,78,Kolkata
2020-04-17,36.4,26.7,0.0,20.2,71,Kolkata
2020-04-18,35.6,26.3,4.2,21.5,80,Kolkata
2020-04-19,35.9,25.4,0.3,16.6,75,Kolkata
2020-04-20,33.2,26.1,0.5,20.0,79,Kolkata
2020-04-21,33.8,23.3,19.9,25.2,79,Kolkata
2020-04-22,28.4,23.7,12.9,15.1,84,Kolkata
2020-04-23,30.7,22.7,33.1,20.6,85,Kolkata
2020-04-24,28.4,23.0,26.2,17.4,91,Kolkata
2020-04-25,32.1,21.7,8.0,16.9,82,Kolkata
2020-04-26,29.5,23.6,22.5,13.0,90,Kolkata
2020-04-27,29.5,23.3,6.3,14.5,88,Kolkata
2020-04-28,28.0,22.5,13.6,12.2,89,Kolkata
2020-04-29,29.9,23.0,10.0,10.8,86,Kolkata
2020-04-30,29.8,23.3,13.6,10.0,87,Kolkata
2020-05-01,30.2,23.9,4.1,10.8,87,Kolkata
2020-05-02,31.1,23.0,4.1,10.0,82,Kolkata
2020-05-03,30.8,23.0,7.9,8.2,82,Kolkata
2020-05-04,31.8,23.9,5.6,9.1,87,Kolkata
2020-05-05,32.2,25.8,0.8,14.3,83,Kolkata
2020-05-06,31.8,23.6,0.1,11.0,82,Kolkata
2020-05-07,32.7,23.6,1.3,15.3,84,Kolkata
2020-05-08,33.7,23.6,0.0,18.6,81,Kolkata
2020-05-09,34.7,26.3,14.7,16.7,82,Kolkata
2020-05-10,34.6,25.8,12.7,23.0,83,Kolkata
2020-05-11,33.8,25.2,0.0,9.0,81,Kolkata
2020-05-12,34.3,25.5,0.0,12.0,78,Kolkata
2020-05-13,34.2,26.3,0.0,13.3,78,Kolkata
2020-05-14,34.1,27.0,0.0,17.2,78,Kolkata
2020-05-15,34.4,27.4,0.0,18.2,77,Kolkata
2020-05-16,35.3,27.4,0.0,18.9,77,Kolkata
2020-05-17,36.3,27.2,0.0,17.3,76,Kolkata
2020-05-18,35.1,25.7,0.0,14.7,74,Kolkata
2020-05-19,32.4,25.0,5.5,17.3,83,Kolkata
2020-05-20,28.2,23.4,99.1,68.9,91,Kolkata
2020-05-21,29.3,23.3,8.4,37.5,81,Kolkata
2020-05-22,33.1,24.2,0.0,18.4,80,Kolkata
2020-05-23,33.1,26.8,0.0,22.3,82,Kolkata
2020-05-24,33.0,27.6,0.0,26.6,81,Kolkata
2020-05-25,32.8,28.1,0.0,32.5,81,Kolkata
2020-05-26,31.5,28.1,0.0,33.8,81,Kolkata
2020-05-27,32.2,25.9,8.4,32.2,81,Kolkata
2020-05-28,32.1,26.4,3.1,27.0,85,Kolkata
2020-05-29,30.6,25.8,9.9,12.2,87,Kolkata
2020-05-30,32.6,26.7,3.9,16.9,85,Kolkata
2020-05-31,32.0,26.0,3.6,14.8,85,Kolkata
2020-06-01,32.6,26.9,2.0,17.1,83,Kolkata
2020-06-02,33.3,27.3,4.6,19.1,84,Kolkata
2020-06-03,32.6,26.7,6.1,16.8,85,Kolkata
2020-06-04,33.0,27.5,8.2,19.5,84,Kolkata
2020-06-05,31.8,27.4,9.1,19.8,85,Kolkata
2020-06-06,33.2,27.9,1.9,18.8,83,Kolkata
2020-06-07,33.2,27.3,5.7,11.9,86,Kolkata
2020-06-08,32.7,27.7,15.4,10.9,86,Kolkata
2020-06-09,33.4,26.6,0.5,11.2,85,Kolkata
2020-06-10,31.8,26.9,3.4,13.6,85,Kolkata
2020-06-11,30.5,26.3,16.9,19.0,89,Kolkata
2020-06-12,29.8,26.2,14.6,15.9,90,Kolkata
2020-06-13,31.1,26.5,10.2,20.5,88,Kolkata
2020-06-14,31.3,26.3,12.5,18.9,88,Kolkata
2020-06-15,31.6,26.0,22.7,15.1,90,Kolkata
2020-06-16,31.2,25.7,18.4,14.8,90,Kolkata
2020-06-17,29.1,25.9,33.3,18.4,92,Kolkata
2020-06-18,32.4,26.8,0.8,19.5,85,Kolkata
2020-06-19,30.9,27.2,24.1,13.3,88,Kolkata
2020-06-20,31.8,26.8,8.0,15.4,89,Kolkata
2020-06-21,32.2,25.8,6.5,21.5,89,Kolkata
2020-06-22,31.4,25.9,10.5,25.9,86,Kolkata
2020-06-23,32.2,26.4,4.8,19.2,85,Kolkata
2020-06-24,32.8,27.2,0.6,21.1,81,Kolkata
2020-06-25,33.3,27.6,0.0,23.7,79,Kolkata
2020-06-26,33.2,27.8,1.1,23.6,80,Kolkata
2020-06-27,31.1,27.8,9.0,20.7,86,Kolkata
2020-06-28,32.5,26.8,7.4,17.1,87,Kolkata
2020-06-29,30.4,26.3,9.9,16.8,91,Kolkata
2020-06-30,31.2,25.4,11.3,16.0,87,Kolkata
2020-07-01,33.1,27.1,0.9,21.4,81,Kolkata
