date,temperature_2m_max,temperature_2m_min,precipitation_sum,windspeed_10m_max,relative_humidity_2m_mean,city
2025-08-01,32.0,25.5,7.5,10.6,85,Delhi
2025-08-02,32.4,26.0,0.9,10.9,79,Delhi
2025-08-03,33.1,26.8,0.7,11.8,77,Delhi
2025-08-04,31.0,26.2,0.1,12.1,82,Delhi
2025-08-05,30.1,26.9,8.3,10.9,84,Delhi
2025-08-06,32.1,26.3,0.5,9.0,80,Delhi
2025-08-07,33.9,26.0,0.0,12.8,72,Delhi
2025-08-08,33.1,26.4,0.0,11.9,70,Delhi
2025-08-09,30.5,26.1,8.9,7.2,84,Delhi
2025-08-10,32.1,25.9,1.7,5.9,83,Delhi
2025-08-11,33.9,26.6,1.6,11.3,78,Delhi
2025-08-12,33.3,26.3,3.9,11.4,80,Delhi
2025-08-13,33.4,26.9,0.0,8.5,74,Delhi
2025-08-14,29.6,26.3,8.2,7.5,88,Delhi
2025-08-15,31.7,25.3,4.6,7.0,86,Delhi
2025-08-16,31.2,26.4,4.1,8.3,87,Delhi
2025-08-17,32.0,27.3,3.6,10.3,86,Delhi
2025-08-18,31.8,27.2,9.0,14.2,83,Delhi
2025-08-19,31.9,26.6,5.4,11.6,82,Delhi
2025-08-20,32.7,26.8,5.6,12.3,79,Delhi
2025-08-21,33.6,25.6,13.8,12.8,78,Delhi
2025-08-22,34.2,25.3,3.3,7.6,75,Delhi
2025-08-23,32.6,25.6,13.2,11.2,84,Delhi
2025-08-24,31.1,25.7,11.8,14.7,87,Delhi
2025-08-25,29.0,24.4,19.7,15.9,89,Delhi
2025-08-26,29.9,25.1,6.7,18.0,89,Delhi
2025-08-27,32.6,25.2,1.4,8.4,86,Delhi
2025-08-28,32.4,25.3,15.5,9.7,86,Delhi
2025-08-29,31.3,25.0,12.6,12.2,88,Delhi
2025-08-30,31.8,26.0,3.8,12.3,84,Delhi
2025-08-31,30.0,24.5,13.1,15.8,90,Delhi
2025-09-01,29.2,24.0,31.5,17.5,92,Delhi
2025-09-02,27.0,23.8,21.7,15.6,93,Delhi
2025-09-03,29.4,24.1,14.7,10.4,89,Delhi
2025-09-04,31.4,24.2,17.7,12.0,87,Delhi
2025-09-05,31.0,25.2,4.8,17.0,85,Delhi
2025-09-06,31.2,24.5,13.3,14.1,85,Delhi
2025-09-07,31.9,24.8,2.3,11.0,85,Delhi
2025-09-08,32.0,25.2,0.7,6.1,81,Delhi
2025-09-09,32.4,25.8,0.4,10.8,76,Delhi
2025-09-10,33.2,25.6,0.0,15.6,73,Delhi
2025-09-11,32.8,24.7,0.0,15.2,69,Delhi
2025-09-12,33.5,24.6,0.2,11.3,67,Delhi
2025-09-13,35.3,26.3,0.9,11.5,60,Delhi
2025-09-14,36.5,27.0,0.2,12.1,57,Delhi
2025-09-15,36.4,27.3,0.0,13.3,54,Delhi
2025-09-16,36.8,27.3,0.1,10.2,56,Delhi
2025-09-17,36.4,26.7,0.2,9.5,61,Delhi
2025-09-18,34.9,25.1,1.6,8.5,67,Delhi
2025-09-19,35.5,26.8,0.7,11.5,62,Delhi
2025-09-20,36.2,26.8,0.0,14.8,56,Delhi
2025-09-21,36.4,25.4,0.0,14.4,53,Delhi
2025-09-22,36.9,26.1,0.0,16.0,51,Delhi
2025-09-23,36.7,26.1,0.0,16.7,47,Delhi
2025-09-24,36.1,25.8,0.0,15.6,50,Delhi
2025-09-25,36.2,25.9,0.0,13.5,52,Delhi
2025-09-26,37.0,25.8,0.0,14.0,52,Delhi
2025-09-27,38.7,27.2,0.1,6.1,54,Delhi
2025-09-28,36.5,28.3,0.0,13.5,60,Delhi
2025-09-29,36.3,27.8,0.2,8.6,58,Delhi
2025-09-30,34.8,24.4,8.0,14.0,64,Delhi
2025-10-01,33.5,24.5,2.8,13.7,74,Delhi
2025-10-02,32.4,24.4,1.0,9.1,72,Delhi
2025-10-03,33.6,25.0,0.0,8.2,71,Delhi
2025-10-04,34.6,26.3,0.1,12.2,60,Delhi
2025-10-05,33.9,23.7,0.7,14.0,60,Delhi
2025-10-06,29.2,22.3,14.6,14.3,85,Delhi
2025-10-07,28.5,20.7,5.2,9.8,87,Delhi
2025-10-08,25.7,20.4,0.2,9.2,86,Delhi
2025-10-09,28.2,20.6,0.4,8.7,75,Delhi
2025-10-10,28.5,19.4,0.0,7.4,68,Delhi
2025-10-11,29.0,19.2,0.0,9.3,68,Delhi
2025-10-12,30.7,20.5,0.0,9.9,63,Delhi
2025-10-13,31.7,20.4,0.0,5.4,59,Delhi
2025-10-14,32.0,21.1,0.0,5.1,52,Delhi
2025-10-15,31.9,21.2,0.0,6.0,49,Delhi
2025-10-16,31.7,20.2,0.0,6.9,51,Delhi
2025-10-17,32.3,20.4,0.0,6.3,54,Delhi
2025-10-18,33.2,21.6,0.0,5.5,53,Delhi
2025-10-19,33.6,23.0,0.0,10.1,52,Delhi
2025-10-20,33.1,22.8,0.0,8.5,49,Delhi
2025-10-21,30.4,22.7,0.4,7.1,57,Delhi
2025-10-22,32.1,23.5,0.0,9.2,53,Delhi
2025-10-23,31.8,21.2,0.0,9.7,42,Delhi
2025-10-24,32.2,20.2,0.0,6.5,46,Delhi
2025-10-25,31.7,19.7,0.0,6.4,45,Delhi
2025-10-26,31.6,18.9,0.0,7.1,46,Delhi
2025-10-27,30.3,20.3,0.0,14.3,56,Delhi
2025-10-28,26.6,21.3,0.0,6.9,72,Delhi
2025-10-29,29.2,20.2,0.0,8.6,66,Delhi
2025-10-30,27.3,22.6,0.1,6.3,74,Delhi
2025-10-31,30.3,21.4,0.1,6.9,75,Delhi
2025-11-01,30.9,20.8,0.0,10.2,62,Delhi
2025-11-02,29.4,19.3,0.0,12.8,59,Delhi
2025-11-03,30.5,17.9,0.0,14.1,53,Delhi
2025-11-04,28.7,18.9,0.0,11.0,60,Delhi
2025-11-05,29.5,18.9,0.0,10.9,62,Delhi
2025-11-06,26.1,15.8,0.0,10.7,49,Delhi
2025-11-07,27.3,14.8,0.0,10.0,47,Delhi
2025-11-08,26.8,13.9,0.0,10.7,45,Delhi
2025-11-09,26.8,14.1,0.0,9.3,46,Delhi
2025-11-10,27.0,13.9,0.0,8.8,46,Delhi
2025-11-11,27.4,13.7,0.0,10.6,47,Delhi
2025-11-12,27.5,14.0,0.0,12.8,48,Delhi
2025-11-13,26.3,13.2,0.0,9.9,52,Delhi
2025-11-14,26.0,13.3,0.0,9.7,50,Delhi
2025-11-15,26.6,12.8,0.0,10.3,50,Delhi
2025-11-16,26.8,12.3,0.0,11.6,50,Delhi
2025-11-17,26.0,12.3,0.0,6.8,50,Delhi
2025-11-18,25.8,13.5,0.0,7.8,58,Delhi
2025-11-19,26.0,13.3,0.0,5.9,63,Delhi
2025-11-20,26.1,14.1,0.0,5.6,64,Delhi
2025-11-21,26.2,14.5,0.0,6.1,61,Delhi
2025-11-22,26.2,14.1,0.0,8.2,57,Delhi
2025-11-23,25.9,13.2,0.0,8.1,56,Delhi
2025-11-24,25.0,12.2,0.0,6.9,58,Delhi
2025-11-25,24.0,11.4,0.0,8.7,58,Delhi
2025-11-26,23.9,11.2,0.0,5.4,57,Delhi
2025-11-27,24.4,12.6,0.0,3.4,55,Delhi
2025-11-28,25.2,11.5,0.0,7.7,60,Delhi
2025-11-29,25.9,13.7,0.0,11.5,54,Delhi
2025-11-30,23.6,11.7,0.0,12.9,49,Delhi
2025-12-01,24.3,10.0,0.0,6.5,49,Delhi
2025-12-02,25.2,12.7,0.0,7.5,57,Delhi
2025-12-03,22.9,10.3,0.0,10.4,55,Delhi
2025-12-04,21.9,9.8,0.0,10.5,56,Delhi
2025-12-05,21.8,8.6,0.0,7.5,56,Delhi
2025-12-06,23.6,10.2,0.0,12.9,53,Delhi
2025-12-07,24.1,10.7,0.0,10.4,56,Delhi
2025-12-08,25.2,12.1,0.0,12.6,53,Delhi
2025-12-09,24.5,11.6,0.0,12.7,54,Delhi
2025-12-10,24.1,11.8,0.0,10.3,57,Delhi
2025-12-11,24.7,10.8,0.0,10.4,60,Delhi
2025-12-12,24.4,10.4,0.0,5.6,63,Delhi
2025-12-13,24.5,12.7,0.0,4.5,66,Delhi
2025-12-14,24.2,11.2,0.0,4.5,70,Delhi
2025-12-15,23.3,10.5,0.0,8.3,72,Delhi
2025-12-16,23.3,11.6,0.0,11.7,69,Delhi
2025-12-17,23.8,11.4,0.0,10.5,70,Delhi
2025-12-18,22.5,11.6,0.0,8.3,74,Delhi
2025-12-19,21.9,11.2,0.0,7.7,78,Delhi
2025-12-20,21.8,9.5,0.0,6.9,78,Delhi
2025-12-21,20.4,10.7,0.0,6.0,84,Delhi
2025-12-22,21.3,11.4,0.0,5.2,83,Delhi
2025-12-23,23.1,11.6,0.0,10.4,81,Delhi
2025-12-24,21.1,11.6,0.0,12.1,69,Delhi
2025-12-25,21.0,9.3,0.0,8.0,64,Delhi
2025-12-26,21.1,9.9,0.0,8.4,67,Delhi
2025-12-27,20.5,9.7,0.0,7.6,77,Delhi
2025-12-28,20.5,9.4,0.0,6.3,78,Delhi
2025-12-29,19.9,10.6,0.0,5.6,81,Delhi
2025-12-30,20.4,9.7,0.0,7.6,79,Delhi
2025-12-31,19.4,9.1,0.0,11.2,84,Delhi
2026-01-01,16.9,10.5,1.6,9.8,90,Delhi
2026-01-02,17.5,11.1,0.0,10.2,78,Delhi
2026-01-03,17.1,10.7,0.0,6.6,77,Delhi
2026-01-04,17.1,8.5,0.0,9.2,79,Delhi
2026-01-05,17.2,8.5,0.0,8.6,79,Delhi
2026-01-06,17.1,8.5,0.0,8.2,85,Delhi
2026-01-07,15.4,7.9,0.0,10.7,89,Delhi
2026-01-08,14.4,7.5,0.0,8.7,88,Delhi
2026-01-09,17.3,7.5,0.7,6.0,83,Delhi
2026-01-10,17.1,6.6,0.0,7.8,81,Delhi
2026-01-11,16.4,6.0,0.0,9.8,76,Delhi
2026-01-12,17.2,4.9,0.0,8.2,70,Delhi
2026-01-13,18.5,5.0,0.0,9.2,75,Delhi
2026-01-14,17.4,5.6,0.0,9.1,76,Delhi
2026-01-15,17.9,5.8,0.0,10.4,76,Delhi
2026-01-16,20.5,6.1,0.0,8.7,68,Delhi
2026-01-17,22.6,7.8,0.0,5.0,70,Delhi
2026-01-18,22.0,8.1,0.0,6.9,77,Delhi
2026-01-19,25.1,10.7,0.0,6.0,61,Delhi
2026-01-20,24.3,10.2,0.0,8.7,61,Delhi
2026-01-21,23.2,9.7,0.0,9.2,65,Delhi
2026-01-22,25.0,10.0,0.0,14.6,61,Delhi
2026-01-23,17.5,12.9,23.9,18.8,83,Delhi
2026-01-24,16.4,9.0,0.0,12.0,69,Delhi
2026-01-25,16.5,6.4,0.0,10.0,74,Delhi
2026-01-26,18.8,6.2,0.0,5.6,77,Delhi
2026-01-27,19.7,11.1,12.3,16.2,83,Delhi
2026-01-28,18.4,11.7,7.6,9.1,85,Delhi
2026-01-29,18.4,10.4,0.0,9.8,86,Delhi
2026-01-30,19.5,8.5,0.0,7.2,82,Delhi
2026-01-31,19.9,9.2,0.0,8.7,87,Delhi
2026-02-01,20.8,12.4,13.2,13.0,83,Delhi
2026-02-02,19.7,12.7,0.0,8.7,89,Delhi
2026-02-03,19.6,10.4,0.0,6.6,82,Delhi
2026-02-04,20.2,10.7,0.0,9.8,77,Delhi
2026-02-05,21.3,10.6,0.0,11.9,72,Delhi
2026-02-06,22.6,10.8,0.0,14.4,68,Delhi
2026-02-07,23.6,12.5,0.0,15.1,68,Delhi
2026-02-08,22.8,11.4,0.0,11.8,62,Delhi
2026-02-09,24.0,10.5,0.0,8.3,61,Delhi
2026-02-10,27.2,11.6,0.0,7.2,60,Delhi
2026-02-11,27.1,14.6,0.0,11.6,58,Delhi
2026-02-12,25.1,13.0,0.0,12.6,54,Delhi
2026-02-13,25.5,12.7,0.0,9.7,53,Delhi
2026-02-14,26.9,12.5,0.0,11.4,52,Delhi
2026-02-15,28.1,13.5,0.0,12.3,53,Delhi
2026-02-16,30.3,13.1,0.0,12.1,50,Delhi
2026-02-17,29.2,15.9,0.0,12.5,54,Delhi
2026-02-18,23.9,16.1,0.9,9.2,73,Delhi
2026-02-19,26.3,13.9,0.0,7.6,67,Delhi
2026-02-20,27.9,15.0,0.0,10.4,64,Delhi
2026-02-21,27.2,14.8,0.0,11.0,62,Delhi
2026-02-22,28.4,14.7,0.0,9.0,55,Delhi
2026-02-23,29.4,14.8,0.0,11.7,53,Delhi
2026-02-24,29.6,15.9,0.0,11.4,52,Delhi
2026-02-25,29.0,14.9,0.0,11.1,48,Delhi
2026-02-26,29.7,15.5,0.0,14.5,45,Delhi
2026-02-27,30.8,16.0,0.0,11.1,42,Delhi
2026-02-28,31.9,21.3,0.0,13.5,41,Delhi
2026-03-01,30.6,17.2,0.0,16.8,46,Delhi
2026-03-02,30.8,17.2,0.0,17.1,44,Delhi
2026-03-03,31.4,17.7,0.0,18.5,41,Delhi
2026-03-04,33.2,18.3,0.0,16.6,43,Delhi
2026-03-05,34.0,20.9,0.0,16.7,47,Delhi
2026-03-06,34.5,19.5,0.0,11.3,46,Delhi
2026-03-07,35.3,20.1,0.0,9.3,53,Delhi
2026-03-08,35.8,20.8,0.0,12.1,47,Delhi
2026-03-09,35.5,20.7,0.0,11.7,49,Delhi
2026-03-10,35.5,22.4,0.0,11.1,51,Delhi
2026-03-11,36.3,20.5,0.0,16.9,39,Delhi
2026-03-12,35.9,21.2,0.0,16.0,33,Delhi
2026-03-13,32.5,21.7,0.0,14.0,44,Delhi
2026-03-14,33.1,20.1,0.0,12.8,35,Delhi
2026-03-15,27.3,18.2,2.6,14.8,56,Delhi
2026-03-16,30.8,17.4,0.3,16.5,50,Delhi
2026-03-17,31.5,17.4,0.0,10.7,50,Delhi
2026-03-18,32.2,19.3,3.7,14.5,57,Delhi
2026-03-19,27.1,18.3,3.4,16.6,66,Delhi
2026-03-20,20.6,16.4,2.8,11.4,86,Delhi
2026-03-21,25.5,14.8,0.0,9.6,77,Delhi
2026-03-22,27.1,16.2,0.0,12.0,66,Delhi
2026-03-23,26.9,17.9,9.6,13.4,70,Delhi
2026-03-24,29.7,18.1,0.0,12.1,64,Delhi
2026-03-25,31.5,17.7,0.0,12.0,50,Delhi
2026-03-26,34.8,21.0,0.0,14.7,43,Delhi
2026-03-27,29.3,22.1,0.6,12.6,49,Delhi
2026-03-28,33.0,20.8,0.0,11.0,44,Delhi
2026-03-29,35.0,22.8,0.0,13.3,47,Delhi
2026-03-30,34.7,21.7,0.2,21.8,50,Delhi
2026-03-31,35.0,21.3,0.3,13.0,54,Delhi
2026-04-01,33.1,19.6,0.0,8.2,51,Delhi
2026-04-02,34.3,21.7,0.0,13.6,47,Delhi
2026-04-03,32.1,22.3,0.4,15.5,54,Delhi
2026-04-04,30.3,21.2,2.3,9.1,64,Delhi
2026-04-05,29.3,19.8,0.9,13.6,57,Delhi
2026-04-06,31.7,20.8,0.0,17.7,39,Delhi
2026-04-07,28.8,18.0,8.4,15.5,57,Delhi
2026-04-08,25.5,17.0,4.1,11.9,73,Delhi
2026-04-09,28.7,16.1,0.0,12.4,61,Delhi
2026-04-10,31.2,17.8,0.0,19.9,43,Delhi
2026-04-11,32.9,21.7,0.0,14.3,33,Delhi
2026-04-12,34.2,23.0,0.0,16.2,31,Delhi
2026-04-13,34.6,21.8,0.0,14.9,28,Delhi
2026-04-14,37.5,23.0,0.0,12.6,25,Delhi
2026-04-15,38.7,23.7,0.0,14.7,22,Delhi
2026-04-16,39.9,26.2,0.0,14.3,22,Delhi
2026-04-17,40.2,26.3,0.0,14.8,25,Delhi
2026-04-18,40.2,25.0,0.0,11.4,29,Delhi
2026-04-19,40.1,26.0,0.0,18.1,22,Delhi
2026-04-20,39.6,26.7,0.0,16.5,22,Delhi
2026-04-21,38.6,26.0,0.0,18.9,18,Delhi
2026-04-22,40.3,26.0,0.0,16.7,21,Delhi
2026-04-23,41.2,27.9,0.0,12.6,18,Delhi
2026-04-24,42.0,27.5,0.0,12.6,23,Delhi
2026-04-25,42.3,29.1,0.0,17.9,23,Delhi
2026-04-26,41.6,28.8,0.0,20.7,23,Delhi
2026-04-27,42.2,28.6,0.0,21.6,22,Delhi
2026-04-28,37.1,29.7,0.0,12.4,31,Delhi
2026-04-29,37.1,27.0,0.0,11.5,37,Delhi
2026-04-30,37.7,25.4,0.9,15.1,41,Delhi
2026-05-01,36.6,23.1,0.0,12.3,49,Delhi
2026-05-02,36.1,26.3,2.3,14.5,42,Delhi
2026-05-03,34.8,25.8,0.0,15.9,44,Delhi
2026-05-04,29.8,21.0,5.5,20.2,65,Delhi
2026-05-05,30.5,22.6,1.3,14.2,66,Delhi
2026-05-06,34.7,21.9,0.0,10.9,48,Delhi
2026-05-07,30.5,23.0,0.1,19.2,50,Delhi
2026-05-08,34.4,22.1,0.4,14.5,54,Delhi
2026-05-09,35.5,24.8,0.0,11.9,46,Delhi
2026-05-10,37.3,26.3,0.0,12.2,43,Delhi
2026-05-11,37.7,27.3,0.0,10.0,41,Delhi
2026-05-12,38.8,27.9,7.0,17.3,45,Delhi
2026-05-13,39.1,26.7,0.3,11.7,47,Delhi
2026-05-14,39.4,25.9,0.2,15.4,40,Delhi
2026-05-15,40.0,28.6,0.0,16.8,31,Delhi
2026-05-16,40.4,29.0,0.0,17.1,29,Delhi
2026-05-17,41.3,29.9,0.1,21.5,26,Delhi
2026-05-18,43.3,30.0,0.0,18.6,25,Delhi
2026-05-19,44.4,31.1,0.0,16.1,18,Delhi
2026-05-20,43.6,32.1,0.0,11.6,20,Delhi
2026-05-21,42.8,33.2,0.0,18.8,22,Delhi
2026-05-22,42.0,32.0,0.0,14.3,19,Delhi
2026-05-23,41.3,31.6,0.0,18.1,22,Delhi
2026-05-24,42.3,30.0,0.0,16.8,22,Delhi
2026-05-25,43.0,32.8,0.0,16.5,19,Delhi
2026-05-26,42.6,31.8,0.0,19.5,17,Delhi
2026-05-27,43.4,31.4,0.0,19.1,17,Delhi
2026-05-28,40.4,28.7,3.2,18.6,39,Delhi
2026-05-29,33.8,26.0,1.0,15.5,56,Delhi
2026-05-30,35.5,24.0,4.7,13.6,64,Delhi
2026-05-31,33.1,23.3,0.8,12.9,64,Delhi
2026-06-01,33.1,24.6,1.1,13.1,62,Delhi
2026-06-02,36.5,24.4,1.0,10.8,52,Delhi
2026-06-03,38.5,29.1,0.7,11.1,43,Delhi
2026-06-04,39.5,28.1,0.6,14.8,44,Delhi
2026-06-05,34.7,25.1,2.1,13.9,57,Delhi
2026-06-06,40.3,28.5,0.0,12.5,44,Delhi
2026-06-07,40.4,28.9,0.4,20.9,43,Delhi
2026-06-08,42.1,29.9,0.0,17.6,31,Delhi
2026-06-09,43.0,31.6,0.0,18.7,28,Delhi
2026-06-10,43.6,31.3,0.4,14.8,28,Delhi
2026-06-11,36.8,27.4,0.2,19.8,47,Delhi
2026-06-12,32.6,23.3,8.1,19.6,75,Delhi
2026-06-13,33.7,24.8,0.7,8.3,68,Delhi
2026-06-14,36.8,26.0,0.5,10.8,60,Delhi
2026-06-15,36.3,26.5,1.3,18.8,54,Delhi
2026-06-16,32.3,25.2,0.6,17.5,64,Delhi
2026-06-17,37.3,24.7,0.0,11.6,53,Delhi
2026-06-18,39.4,29.5,0.1,15.3,42,Delhi
2026-06-19,38.1,28.2,0.0,13.5,41,Delhi
2026-06-20,38.1,30.7,0.5,14.9,42,Delhi
2026-06-21,38.5,30.1,0.0,13.0,39,Delhi
2026-06-22,36.7,28.5,0.4,14.8,41,Delhi
2026-06-23,38.7,30.3,1.4,17.8,43,Delhi
2026-06-24,38.1,28.6,0.6,21.3,47,Delhi
2026-06-25,39.0,30.2,0.8,10.9,44,Delhi
2026-06-26,40.7,29.8,1.2,7.4,44,Delhi
2026-06-27,40.1,26.8,1.0,12.8,46,Delhi
2026-06-28,41.9,29.5,1.0,14.3,43,Delhi
2026-06-29,41.7,32.1,1.4,13.7,40,Delhi
2026-06-30,39.5,28.9,4.4,14.4,54,Delhi
2026-07-01,32.7,26.9,1.8,13.8,74,Delhi
2026-07-02,31.5,25.9,6.8,7.4,78,Delhi
2026-07-03,34.5,27.0,0.5,7.9,71,Delhi
2026-07-04,36.5,29.2,1.4,6.8,69,Delhi
2026-07-05,34.5,28.8,3.7,8.8,76,Delhi
2026-07-06,36.7,26.8,0.5,7.3,71,Delhi
2026-07-07,32.8,26.5,8.4,9.8,85,Delhi
2026-07-08,29.3,26.1,11.8,10.8,91,Delhi
2026-07-09,29.2,25.0,99.8,18.9,91,Delhi
2026-07-10,33.0,25.5,0.6,11.5,81,Delhi
2026-07-11,34.3,27.4,0.3,11.8,76,Delhi
2026-07-12,35.0,28.7,1.5,12.3,69,Delhi
2026-07-13,35.8,28.4,0.1,13.7,64,Delhi
2026-07-14,36.2,26.1,2.3,19.6,70,Delhi
2026-07-15,36.3,25.4,3.4,9.7,67,Delhi
2026-07-16,37.3,29.8,0.0,12.6,53,Delhi
2026-07-17,37.4,30.7,0.3,12.1,55,Delhi
2026-07-18,36.3,31.0,0.0,14.9,54,Delhi
2026-07-19,36.6,29.8,3.7,11.2,65,Delhi
2026-07-20,31.7,26.5,31.9,11.5,87,Delhi
2026-07-21,29.9,25.7,14.7,12.2,90,Delhi
2026-07-22,31.8,25.8,5.7,16.5,83,Delhi
2026-07-23,32.2,26.1,9.8,15.0,81,Delhi
2026-07-24,31.0,25.8,8.5,14.7,84,Delhi
2026-07-25,32.3,27.4,2.3,12.6,80,Delhi
2026-07-26,33.7,27.3,1.4,9.6,79,Delhi
2026-07-27,35.3,29.2,0.6,11.6,73,Delhi
2026-07-28,31.0,26.1,19.5,13.3,90,Delhi
2026-07-29,32.5,26.3,5.6,7.0,84,Delhi
2026-07-30,33.2,25.5,10.8,13.0,82,Delhi
2026-07-31,32.5,27.9,4.9,14.4,79,Delhi
2026-08-01,32.4,26.7,5.5,12.5,82,Delhi
2026-08-02,33.7,26.6,4.8,12.0,85,Delhi
2026-08-03,33.4,26.9,14.3,11.9,87,Delhi
2026-08-04,29.5,26.3,13.6,8.7,93,Delhi
2026-08-05,32.5,26.2,1.9,7.7,85,Delhi
2026-08-06,27.8,26.7,12.8,8.4,90,Delhi
2026-08-07,29.1,25.4,58.3,14.4,94,Delhi
2026-08-08,32.1,24.6,28.9,15.8,86,Delhi
2026-08-09,33.8,25.1,3.0,8.4,81,Delhi
2026-08-10,33.2,26.5,7.7,10.8,87,Delhi
2025-08-01,32.3,25.7,7.4,10.7,87,Lucknow
2025-08-02,32.3,25.7,15.3,14.2,89,Lucknow
2025-08-03,28.2,25.7,40.8,13.1,95,Lucknow
2025-08-04,28.6,25.1,66.8,16.2,93,Lucknow
2025-08-05,31.8,25.2,6.7,12.5,90,Lucknow
2025-08-06,31.7,25.1,18.9,11.7,89,Lucknow
2025-08-07,33.2,26.1,12.2,15.3,84,Lucknow
2025-08-08,29.7,25.9,22.1,11.0,91,Lucknow
2025-08-09,32.2,25.1,2.1,9.9,85,Lucknow
2025-08-10,32.4,25.7,3.3,9.4,86,Lucknow
2025-08-11,30.7,26.0,11.9,9.0,91,Lucknow
2025-08-12,33.0,26.0,3.8,12.2,85,Lucknow
2025-08-13,32.2,26.3,12.7,9.1,86,Lucknow
2025-08-14,32.3,25.3,11.0,17.1,86,Lucknow
2025-08-15,33.3,26.1,0.0,9.2,80,Lucknow
2025-08-16,33.5,26.8,0.3,11.5,80,Lucknow
2025-08-17,33.2,27.4,4.9,15.7,84,Lucknow
2025-08-18,32.6,26.8,1.6,14.4,83,Lucknow
2025-08-19,32.8,27.2,0.7,13.8,80,Lucknow
2025-08-20,31.9,26.4,5.2,19.4,80,Lucknow
2025-08-21,32.5,26.1,5.3,16.8,82,Lucknow
2025-08-22,32.3,24.9,6.7,11.6,86,Lucknow
2025-08-23,31.7,25.5,0.7,17.3,86,Lucknow
2025-08-24,31.5,25.4,4.9,19.4,85,Lucknow
2025-08-25,30.4,25.2,8.2,25.8,88,Lucknow
2025-08-26,32.1,25.5,2.9,13.0,86,Lucknow
2025-08-27,33.4,26.1,0.9,9.9,82,Lucknow
2025-08-28,32.5,26.8,1.2,13.5,84,Lucknow
2025-08-29,32.1,26.8,1.1,14.5,83,Lucknow
2025-08-30,32.2,26.5,2.0,16.0,84,Lucknow
2025-08-31,30.6,25.8,23.3,13.9,89,Lucknow
2025-09-01,31.8,25.4,15.6,15.2,90,Lucknow
2025-09-02,31.6,25.2,6.9,16.4,90,Lucknow
2025-09-03,31.9,26.5,1.5,14.6,84,Lucknow
2025-09-04,31.8,26.4,7.2,21.1,79,Lucknow
2025-09-05,32.4,25.6,1.5,18.4,82,Lucknow
2025-09-06,33.1,26.3,0.5,10.3,84,Lucknow
2025-09-07,33.5,25.7,8.7,8.9,84,Lucknow
2025-09-08,33.9,25.3,2.4,8.1,83,Lucknow
2025-09-09,33.5,25.9,0.9,11.6,82,Lucknow
2025-09-10,34.9,27.0,0.2,17.4,70,Lucknow
2025-09-11,33.8,27.3,0.0,13.5,66,Lucknow
2025-09-12,34.4,27.1,1.6,11.8,68,Lucknow
2025-09-13,35.3,26.6,0.9,8.8,67,Lucknow
2025-09-14,35.9,27.0,1.7,9.4,70,Lucknow
2025-09-15,34.4,25.4,1.4,9.6,79,Lucknow
2025-09-16,30.7,25.1,10.2,12.3,86,Lucknow
2025-09-17,31.2,24.9,4.1,11.3,87,Lucknow
2025-09-18,29.7,24.3,13.3,7.7,92,Lucknow
2025-09-19,31.3,23.8,9.6,10.6,89,Lucknow
2025-09-20,32.4,24.9,1.3,9.0,85,Lucknow
2025-09-21,33.3,25.4,0.1,12.2,78,Lucknow
2025-09-22,33.2,25.2,0.8,13.2,78,Lucknow
2025-09-23,34.3,25.7,0.0,9.2,77,Lucknow
2025-09-24,35.4,26.3,0.0,9.3,74,Lucknow
2025-09-25,33.5,26.6,1.3,7.8,75,Lucknow
2025-09-26,37.5,27.1,0.0,7.9,64,Lucknow
2025-09-27,34.3,28.6,1.1,15.9,71,Lucknow
2025-09-28,34.5,28.1,0.2,18.2,68,Lucknow
2025-09-29,34.3,27.0,1.0,11.8,71,Lucknow
2025-09-30,34.7,26.1,0.8,7.7,71,Lucknow
2025-10-01,32.5,24.9,18.4,17.7,73,Lucknow
2025-10-02,30.9,24.2,0.9,13.2,82,Lucknow
2025-10-03,31.4,25.1,7.4,14.1,81,Lucknow
2025-10-04,32.0,25.0,0.0,11.4,76,Lucknow
2025-10-05,33.8,25.3,0.2,15.3,69,Lucknow
2025-10-06,33.6,24.4,1.4,11.0,67,Lucknow
2025-10-07,31.3,23.5,0.5,8.9,78,Lucknow
2025-10-08,31.6,21.4,3.2,16.5,76,Lucknow
2025-10-09,32.2,23.2,0.0,11.2,64,Lucknow
2025-10-10,31.8,22.0,0.0,10.6,57,Lucknow
2025-10-11,31.3,22.5,0.0,11.8,49,Lucknow
2025-10-12,31.2,21.5,0.0,10.1,51,Lucknow
2025-10-13,31.6,20.7,0.0,10.4,50,Lucknow
2025-10-14,31.8,19.9,0.0,7.6,52,Lucknow
2025-10-15,31.9,20.7,0.0,10.4,58,Lucknow
2025-10-16,32.8,21.2,0.0,9.6,55,Lucknow
2025-10-17,33.5,21.2,0.0,7.1,54,Lucknow
2025-10-18,33.5,22.0,0.0,7.7,58,Lucknow
2025-10-19,32.8,23.5,0.0,8.0,64,Lucknow
2025-10-20,32.3,23.3,0.0,7.7,67,Lucknow
2025-10-21,33.4,21.9,0.0,10.1,64,Lucknow
2025-10-22,32.6,24.5,0.0,9.3,66,Lucknow
2025-10-23,33.5,24.2,0.0,9.7,58,Lucknow
2025-10-24,34.0,23.7,0.0,10.7,55,Lucknow
2025-10-25,33.8,23.5,0.0,8.1,46,Lucknow
2025-10-26,32.9,22.9,0.0,9.4,48,Lucknow
2025-10-27,28.8,23.5,1.0,8.6,61,Lucknow
2025-10-28,24.1,20.5,5.2,14.5,80,Lucknow
2025-10-29,28.7,20.5,0.0,9.7,76,Lucknow
2025-10-30,26.8,20.8,28.8,16.1,89,Lucknow
2025-10-31,25.9,21.1,2.9,14.5,87,Lucknow
2025-11-01,29.1,21.9,0.1,10.2,84,Lucknow
2025-11-02,29.7,20.7,0.0,13.6,71,Lucknow
2025-11-03,29.6,19.7,0.0,15.5,65,Lucknow
2025-11-04,30.4,18.1,0.0,8.0,65,Lucknow
2025-11-05,30.5,19.6,0.0,8.9,68,Lucknow
2025-11-06,29.8,19.4,0.0,13.4,60,Lucknow
2025-11-07,27.8,16.5,0.0,10.6,54,Lucknow
2025-11-08,28.4,15.8,0.0,9.9,59,Lucknow
2025-11-09,27.3,15.4,0.0,9.2,53,Lucknow
2025-11-10,27.3,15.1,0.0,8.8,54,Lucknow
2025-11-11,27.2,15.2,0.0,11.5,52,Lucknow
2025-11-12,27.7,15.0,0.0,11.8,51,Lucknow
2025-11-13,27.7,14.7,0.0,11.4,51,Lucknow
2025-11-14,26.9,14.4,0.0,9.4,52,Lucknow
2025-11-15,26.1,12.8,0.0,8.6,55,Lucknow
2025-11-16,27.2,12.9,0.0,8.8,57,Lucknow
2025-11-17,27.7,14.0,0.0,7.6,60,Lucknow
2025-11-18,27.7,15.8,0.0,9.4,58,Lucknow
2025-11-19,27.3,15.4,0.0,7.5,58,Lucknow
2025-11-20,26.9,15.7,0.0,4.2,63,Lucknow
2025-11-21,27.4,15.8,0.0,7.9,67,Lucknow
2025-11-22,26.5,16.5,0.0,8.3,64,Lucknow
2025-11-23,26.1,15.1,0.0,8.7,64,Lucknow
2025-11-24,25.8,14.0,0.0,6.1,63,Lucknow
2025-11-25,25.0,12.8,0.0,10.0,64,Lucknow
2025-11-26,24.9,12.4,0.0,6.8,56,Lucknow
2025-11-27,25.9,13.5,0.0,7.4,61,Lucknow
2025-11-28,26.0,13.2,0.0,8.6,62,Lucknow
2025-11-29,26.2,13.1,0.0,10.5,60,Lucknow
2025-11-30,26.2,14.7,0.0,15.8,57,Lucknow
2025-12-01,25.3,12.5,0.0,12.5,56,Lucknow
2025-12-02,25.4,11.5,0.0,10.5,55,Lucknow
2025-12-03,26.2,14.3,0.0,11.4,63,Lucknow
2025-12-04,23.6,11.6,0.0,10.5,57,Lucknow
2025-12-05,23.4,10.8,0.0,9.7,58,Lucknow
2025-12-06,23.7,10.5,0.0,11.2,60,Lucknow
2025-12-07,24.2,12.1,0.0,9.9,63,Lucknow
2025-12-08,24.4,11.4,0.0,10.5,65,Lucknow
2025-12-09,24.7,12.1,0.0,11.5,60,Lucknow
2025-12-10,24.7,11.2,0.0,8.9,60,Lucknow
2025-12-11,24.2,11.8,0.0,10.2,68,Lucknow
2025-12-12,24.4,11.0,0.0,6.9,69,Lucknow
2025-12-13,24.5,11.9,0.0,5.0,68,Lucknow
2025-12-14,24.8,11.8,0.0,6.7,68,Lucknow
2025-12-15,24.1,11.7,0.0,8.4,71,Lucknow
2025-12-16,23.5,12.0,0.0,10.5,74,Lucknow
2025-12-17,22.0,11.6,0.0,7.3,79,Lucknow
2025-12-18,20.8,11.6,0.0,4.0,84,Lucknow
2025-12-19,19.1,10.0,0.0,6.8,87,Lucknow
2025-12-20,18.5,9.1,0.0,6.0,82,Lucknow
2025-12-21,17.9,9.4,0.0,2.8,82,Lucknow
2025-12-22,19.7,9.7,0.0,7.0,82,Lucknow
2025-12-23,20.7,10.2,0.0,7.7,88,Lucknow
2025-12-24,20.4,12.3,0.0,9.5,84,Lucknow
2025-12-25,20.1,9.2,0.0,5.5,82,Lucknow
2025-12-26,19.8,10.0,0.0,7.9,83,Lucknow
2025-12-27,19.2,10.2,0.0,8.5,81,Lucknow
2025-12-28,18.7,9.9,0.0,5.8,85,Lucknow
2025-12-29,17.5,9.0,0.0,7.3,86,Lucknow
2025-12-30,18.0,8.5,0.0,6.9,88,Lucknow
2025-12-31,17.7,8.6,0.0,7.3,88,Lucknow
2026-01-01,20.2,8.0,0.0,6.0,82,Lucknow
2026-01-02,19.4,10.4,0.0,11.0,84,Lucknow
2026-01-03,17.6,11.2,0.1,9.8,77,Lucknow
2026-01-04,16.9,8.2,0.0,7.2,78,Lucknow
2026-01-05,17.9,10.1,0.0,8.0,75,Lucknow
2026-01-06,18.5,8.2,0.0,6.9,82,Lucknow
2026-01-07,17.7,8.7,0.0,7.4,86,Lucknow
2026-01-08,17.0,7.4,0.0,6.4,86,Lucknow
2026-01-09,18.2,7.2,0.0,6.8,81,Lucknow
2026-01-10,21.7,8.0,0.0,8.8,74,Lucknow
2026-01-11,22.2,10.3,0.0,12.4,68,Lucknow
2026-01-12,20.8,8.0,0.0,9.7,65,Lucknow
2026-01-13,20.2,8.0,0.0,12.9,68,Lucknow
2026-01-14,20.7,8.2,0.0,11.7,68,Lucknow
2026-01-15,19.7,7.6,0.0,11.6,72,Lucknow
2026-01-16,19.4,7.6,0.0,8.3,80,Lucknow
2026-01-17,21.6,7.2,0.0,7.4,77,Lucknow
2026-01-18,22.8,7.0,0.0,9.5,74,Lucknow
2026-01-19,26.9,12.7,0.4,9.9,63,Lucknow
2026-01-20,25.2,12.4,0.0,9.6,65,Lucknow
2026-01-21,25.0,12.4,0.0,13.1,61,Lucknow
2026-01-22,24.6,11.0,0.0,8.9,66,Lucknow
2026-01-23,25.5,12.0,0.0,16.6,61,Lucknow
2026-01-24,25.3,15.2,0.0,16.4,64,Lucknow
2026-01-25,23.1,12.8,0.0,11.8,71,Lucknow
2026-01-26,23.1,10.8,0.0,8.9,64,Lucknow
2026-01-27,25.4,12.6,0.2,14.0,67,Lucknow
2026-01-28,21.1,14.2,11.0,12.8,84,Lucknow
2026-01-29,20.7,12.7,0.0,10.5,85,Lucknow
2026-01-30,19.7,11.6,0.0,9.3,84,Lucknow
2026-01-31,19.9,9.0,0.0,5.3,86,Lucknow
2026-02-01,22.2,9.4,0.0,6.3,85,Lucknow
2026-02-02,24.6,13.7,0.0,9.6,81,Lucknow
2026-02-03,20.4,13.9,2.8,9.7,89,Lucknow
2026-02-04,22.2,11.7,0.0,11.0,80,Lucknow
2026-02-05,21.9,10.9,0.0,12.8,79,Lucknow
2026-02-06,22.5,11.1,0.0,11.9,73,Lucknow
2026-02-07,23.8,12.2,0.0,15.4,71,Lucknow
2026-02-08,25.5,13.1,0.0,15.8,65,Lucknow
2026-02-09,25.5,11.2,0.0,9.7,60,Lucknow
2026-02-10,26.3,12.0,0.0,8.6,59,Lucknow
2026-02-11,27.1,13.3,0.0,11.8,61,Lucknow
2026-02-12,27.5,15.0,0.0,15.6,58,Lucknow
2026-02-13,26.3,13.6,0.0,11.2,53,Lucknow
2026-02-14,27.2,13.3,0.0,12.8,54,Lucknow
2026-02-15,28.5,14.6,0.0,14.8,55,Lucknow
2026-02-16,29.0,14.6,0.0,8.4,52,Lucknow
2026-02-17,29.2,13.2,0.0,9.5,52,Lucknow
2026-02-18,28.9,14.1,0.0,11.6,54,Lucknow
2026-02-19,29.1,17.7,0.1,12.0,56,Lucknow
2026-02-20,30.8,17.5,0.0,11.6,52,Lucknow
2026-02-21,28.9,16.4,0.0,15.4,55,Lucknow
2026-02-22,28.9,16.2,0.0,12.6,53,Lucknow
2026-02-23,29.2,15.8,0.0,10.5,48,Lucknow
2026-02-24,29.9,15.8,0.0,13.3,45,Lucknow
2026-02-25,29.8,16.6,0.0,16.5,49,Lucknow
2026-02-26,30.2,16.6,0.0,17.5,45,Lucknow
2026-02-27,30.8,16.5,0.0,16.8,42,Lucknow
2026-02-28,32.0,16.9,0.0,17.4,46,Lucknow
2026-03-01,32.2,18.0,0.0,21.0,42,Lucknow
2026-03-02,32.0,17.7,0.0,21.1,40,Lucknow
2026-03-03,31.9,18.1,0.0,18.6,42,Lucknow
2026-03-04,32.3,17.6,0.0,13.8,48,Lucknow
2026-03-05,32.8,18.9,0.0,10.3,55,Lucknow
2026-03-06,33.2,19.9,0.0,9.0,51,Lucknow
2026-03-07,33.5,20.4,0.0,7.1,49,Lucknow
2026-03-08,33.8,21.2,0.0,10.9,51,Lucknow
2026-03-09,35.1,21.5,0.0,13.7,51,Lucknow
2026-03-10,34.1,22.5,0.0,11.8,61,Lucknow
2026-03-11,35.5,22.6,0.0,17.1,52,Lucknow
2026-03-12,36.7,22.3,0.0,17.3,36,Lucknow
2026-03-13,36.1,21.1,0.0,18.4,37,Lucknow
2026-03-14,35.1,21.2,0.0,14.4,35,Lucknow
2026-03-15,33.0,21.8,0.2,16.5,41,Lucknow
2026-03-16,31.9,20.0,1.0,17.6,47,Lucknow
2026-03-17,35.0,20.8,0.0,15.0,40,Lucknow
2026-03-18,34.0,20.4,0.0,16.1,43,Lucknow
2026-03-19,34.6,22.4,0.0,14.8,36,Lucknow
2026-03-20,28.2,17.8,3.3,18.2,62,Lucknow
2026-03-21,24.2,17.1,9.6,10.3,80,Lucknow
2026-03-22,28.9,17.7,0.0,13.1,65,Lucknow
2026-03-23,30.3,18.7,0.1,16.7,56,Lucknow
2026-03-24,31.4,19.1,0.0,14.3,50,Lucknow
2026-03-25,33.1,20.4,0.0,15.3,39,Lucknow
2026-03-26,35.9,20.7,0.0,16.5,34,Lucknow
2026-03-27,32.4,24.0,3.8,16.0,41,Lucknow
2026-03-28,33.9,21.1,0.0,15.2,47,Lucknow
2026-03-29,35.7,21.8,0.0,12.2,44,Lucknow
2026-03-30,37.2,23.6,0.0,17.1,39,Lucknow
2026-03-31,36.4,25.6,0.0,14.9,33,Lucknow
2026-04-01,36.3,23.3,0.0,15.4,38,Lucknow
2026-04-02,37.7,23.7,0.0,17.8,34,Lucknow
2026-04-03,35.4,25.3,0.0,19.2,39,Lucknow
2026-04-04,36.0,23.6,4.4,22.1,50,Lucknow
2026-04-05,32.3,20.3,0.8,23.6,53,Lucknow
2026-04-06,32.9,20.0,0.0,13.8,43,Lucknow
2026-04-07,34.5,21.8,0.5,26.1,39,Lucknow
2026-04-08,25.1,17.9,22.9,18.1,81,Lucknow
2026-04-09,30.1,17.0,0.0,16.3,56,Lucknow
2026-04-10,32.0,19.0,0.0,20.0,36,Lucknow
2026-04-11,35.5,21.2,0.0,22.9,31,Lucknow
2026-04-12,37.3,24.0,0.0,19.6,28,Lucknow
2026-04-13,36.5,23.4,0.0,20.6,27,Lucknow
2026-04-14,38.7,23.2,0.0,17.7,23,Lucknow
2026-04-15,39.8,25.3,0.0,13.4,21,Lucknow
2026-04-16,40.2,24.7,0.0,12.6,19,Lucknow
2026-04-17,39.3,24.7,0.0,12.2,25,Lucknow
2026-04-18,41.0,26.6,0.0,15.2,25,Lucknow
2026-04-19,42.0,27.2,0.0,18.8,24,Lucknow
2026-04-20,42.0,26.8,0.0,21.5,20,Lucknow
2026-04-21,40.7,27.7,0.0,24.0,19,Lucknow
2026-04-22,41.3,27.2,0.0,22.7,19,Lucknow
2026-04-23,42.2,27.0,0.0,17.8,18,Lucknow
2026-04-24,42.8,27.0,0.0,15.3,17,Lucknow
2026-04-25,43.7,28.5,0.0,17.6,19,Lucknow
2026-04-26,43.2,30.2,0.0,22.6,22,Lucknow
2026-04-27,40.9,25.1,0.0,16.7,41,Lucknow
2026-04-28,40.1,26.6,0.0,14.1,41,Lucknow
2026-04-29,39.4,28.4,0.5,12.8,44,Lucknow
2026-04-30,32.5,22.3,0.2,20.4,64,Lucknow
2026-05-01,32.7,21.7,0.0,14.9,65,Lucknow
2026-05-02,34.3,23.3,0.0,13.1,56,Lucknow
2026-05-03,33.7,24.3,0.5,15.4,60,Lucknow
2026-05-04,28.6,22.1,20.8,18.5,75,Lucknow
2026-05-05,28.0,21.9,0.6,12.8,78,Lucknow
2026-05-06,32.0,21.5,0.8,9.5,71,Lucknow
2026-05-07,29.9,21.2,0.7,15.5,67,Lucknow
2026-05-08,33.2,21.9,0.0,13.5,62,Lucknow
2026-05-09,32.4,23.7,2.0,14.0,62,Lucknow
2026-05-10,34.9,24.7,0.0,13.2,48,Lucknow
2026-05-11,36.4,25.9,0.0,12.5,44,Lucknow
2026-05-12,37.4,27.0,0.0,11.3,45,Lucknow
2026-05-13,37.4,27.9,0.0,12.3,50,Lucknow
2026-05-14,36.5,25.4,0.0,12.2,52,Lucknow
2026-05-15,36.4,26.7,5.0,15.1,58,Lucknow
2026-05-16,39.7,27.4,0.0,14.3,46,Lucknow
2026-05-17,40.9,28.7,0.0,20.7,32,Lucknow
2026-05-18,42.1,30.7,0.0,14.8,30,Lucknow
2026-05-19,41.8,30.2,0.0,12.5,48,Lucknow
2026-05-20,42.8,30.0,0.0,15.1,44,Lucknow
2026-05-21,42.8,31.5,0.0,15.0,32,Lucknow
2026-05-22,41.8,29.2,0.0,13.8,38,Lucknow
2026-05-23,42.6,30.7,0.0,24.5,25,Lucknow
2026-05-24,42.6,30.8,0.0,21.3,25,Lucknow
2026-05-25,42.8,31.6,0.5,17.2,24,Lucknow
2026-05-26,42.1,28.2,0.2,20.7,29,Lucknow
2026-05-27,40.7,28.2,0.0,13.7,44,Lucknow
2026-05-28,37.8,28.0,0.0,19.0,50,Lucknow
2026-05-29,33.0,24.1,0.2,21.8,63,Lucknow
2026-05-30,32.1,25.1,1.2,14.7,66,Lucknow
2026-05-31,32.9,24.6,2.0,11.7,70,Lucknow
2026-06-01,33.5,24.0,2.5,11.0,67,Lucknow
2026-06-02,36.6,26.1,0.7,12.2,59,Lucknow
2026-06-03,36.1,25.6,1.5,12.6,61,Lucknow
2026-06-04,38.3,27.9,0.1,10.8,48,Lucknow
2026-06-05,38.3,28.1,0.5,15.1,49,Lucknow
2026-06-06,38.0,29.2,0.2,11.4,52,Lucknow
2026-06-07,39.1,27.6,0.1,14.4,47,Lucknow
2026-06-08,39.9,30.6,0.2,14.4,33,Lucknow
2026-06-09,41.7,30.2,0.6,17.2,35,Lucknow
2026-06-10,40.4,29.7,0.0,13.0,41,Lucknow
2026-06-11,34.1,25.2,0.7,14.5,65,Lucknow
2026-06-12,33.7,25.0,9.0,17.0,73,Lucknow
2026-06-13,32.5,23.8,23.4,12.4,80,Lucknow
2026-06-14,36.2,26.8,0.0,12.1,64,Lucknow
2026-06-15,37.5,28.1,0.0,12.7,51,Lucknow
2026-06-16,38.5,27.3,0.0,14.6,50,Lucknow
2026-06-17,38.8,29.3,0.2,12.1,47,Lucknow
2026-06-18,39.5,30.4,0.7,17.9,42,Lucknow
2026-06-19,39.6,30.4,1.7,19.6,43,Lucknow
2026-06-20,40.1,31.2,0.2,17.5,40,Lucknow
2026-06-21,39.6,31.6,0.0,15.6,40,Lucknow
2026-06-22,40.1,31.1,0.0,15.3,40,Lucknow
2026-06-23,39.7,30.9,0.0,15.1,37,Lucknow
2026-06-24,38.9,28.2,0.1,10.3,39,Lucknow
2026-06-25,40.0,30.6,0.2,14.8,38,Lucknow
2026-06-26,40.3,29.8,0.4,12.0,47,Lucknow
2026-06-27,39.7,29.6,0.5,9.9,55,Lucknow
2026-06-28,39.9,28.4,3.0,13.1,60,Lucknow
2026-06-29,36.6,28.8,6.1,13.3,72,Lucknow
2026-06-30,32.5,28.6,0.1,12.6,72,Lucknow
2026-07-01,32.2,26.5,11.7,10.4,84,Lucknow
2026-07-02,33.1,26.6,8.1,9.6,80,Lucknow
2026-07-03,35.1,26.7,8.7,9.9,76,Lucknow
2026-07-04,35.8,27.5,3.2,9.4,73,Lucknow
2026-07-05,36.1,27.7,3.1,11.6,75,Lucknow
2026-07-06,34.4,28.9,1.2,15.7,72,Lucknow
2026-07-07,33.7,26.5,28.1,18.1,80,Lucknow
2026-07-08,31.9,26.7,25.5,20.0,87,Lucknow
2026-07-09,31.2,26.1,19.8,14.7,90,Lucknow
2026-07-10,31.5,26.1,24.9,13.1,88,Lucknow
2026-07-11,34.0,25.8,14.1,16.9,80,Lucknow
2026-07-12,35.2,27.0,0.9,16.0,71,Lucknow
2026-07-13,35.7,28.9,0.2,16.3,66,Lucknow
2026-07-14,36.0,28.6,0.1,15.5,69,Lucknow
2026-07-15,33.2,28.4,1.4,11.5,74,Lucknow
2026-07-16,33.6,27.0,10.8,9.5,80,Lucknow
2026-07-17,34.0,27.4,6.3,9.6,82,Lucknow
2026-07-18,32.6,27.9,2.9,6.7,82,Lucknow
2026-07-19,30.5,25.7,4.8,10.1,89,Lucknow
2026-07-20,29.9,26.0,12.8,6.1,90,Lucknow
2026-07-21,30.9,25.6,20.2,18.3,89,Lucknow
2026-07-22,32.3,26.2,3.0,18.9,78,Lucknow
2026-07-23,31.9,25.7,8.3,19.6,83,Lucknow
2026-07-24,31.9,25.5,19.7,12.3,85,Lucknow
2026-07-25,32.0,26.3,9.4,9.5,85,Lucknow
2026-07-26,34.2,27.6,1.9,7.7,79,Lucknow
2026-07-27,32.3,26.7,4.0,7.0,86,Lucknow
2026-07-28,33.5,27.3,2.8,8.7,84,Lucknow
2026-07-29,33.9,27.9,0.3,12.1,77,Lucknow
2026-07-30,33.2,28.2,1.4,18.8,75,Lucknow
2026-07-31,32.7,27.8,1.6,23.4,76,Lucknow
2026-08-01,32.3,27.1,6.1,14.8,81,Lucknow
2026-08-02,32.4,26.6,11.3,9.0,86,Lucknow
2026-08-03,32.8,26.4,12.7,10.1,86,Lucknow
2026-08-04,30.7,25.5,14.7,9.5,88,Lucknow
2026-08-05,31.2,26.3,29.1,13.8,89,Lucknow
2026-08-06,28.7,25.8,30.0,11.6,93,Lucknow
2026-08-07,32.7,25.8,1.3,12.2,81,Lucknow
2026-08-08,33.2,26.0,5.0,15.8,80,Lucknow
2026-08-09,32.9,27.9,2.6,13.0,79,Lucknow
2026-08-10,32.0,27.9,5.8,12.5,81,Lucknow
2025-08-01,32.3,25.9,13.1,9.0,85,Patna
2025-08-02,32.1,25.5,57.3,8.8,92,Patna
2025-08-03,30.9,25.9,28.3,12.0,91,Patna
2025-08-04,30.1,25.7,10.0,11.9,90,Patna
2025-08-05,32.7,25.4,0.4,8.9,78,Patna
2025-08-06,31.6,26.3,1.1,11.8,83,Patna
2025-08-07,33.0,26.4,12.7,14.1,83,Patna
2025-08-08,31.7,25.9,29.0,8.0,87,Patna
2025-08-09,32.0,25.8,3.2,8.0,87,Patna
2025-08-10,32.9,26.4,1.6,6.9,84,Patna
2025-08-11,32.4,27.1,3.1,8.0,88,Patna
2025-08-12,33.7,26.3,19.4,12.5,84,Patna
2025-08-13,30.3,26.0,30.7,13.7,93,Patna
2025-08-14,32.1,25.6,1.1,17.1,83,Patna
2025-08-15,33.5,25.7,0.8,13.0,79,Patna
2025-08-16,34.0,26.7,0.1,13.5,77,Patna
2025-08-17,34.1,27.2,1.5,14.0,81,Patna
2025-08-18,33.6,26.8,1.1,19.4,78,Patna
2025-08-19,33.6,27.0,0.8,20.4,76,Patna
2025-08-20,33.1,26.3,1.3,18.4,80,Patna
2025-08-21,32.6,25.9,19.0,14.2,85,Patna
2025-08-22,31.8,25.1,37.0,13.1,89,Patna
2025-08-23,31.0,25.7,16.0,18.5,87,Patna
2025-08-24,31.5,25.5,6.6,21.7,85,Patna
2025-08-25,30.9,25.7,1.7,12.3,85,Patna
2025-08-26,33.1,26.3,0.8,11.0,81,Patna
2025-08-27,32.1,26.8,1.3,11.4,83,Patna
2025-08-28,33.4,26.7,1.1,15.4,78,Patna
2025-08-29,31.8,26.5,1.1,15.9,82,Patna
2025-08-30,33.0,26.3,5.2,13.1,83,Patna
2025-08-31,33.6,26.7,6.7,12.1,82,Patna
2025-09-01,35.0,26.3,10.1,11.6,75,Patna
2025-09-02,32.5,25.9,8.5,18.1,87,Patna
2025-09-03,32.8,26.3,3.7,21.0,77,Patna
2025-09-04,33.0,26.6,0.8,23.0,77,Patna
2025-09-05,33.3,26.2,0.6,12.6,79,Patna
2025-09-06,33.7,26.5,4.0,11.3,81,Patna
2025-09-07,33.4,26.2,5.3,10.5,82,Patna
2025-09-08,34.2,26.2,6.4,10.0,79,Patna
2025-09-09,34.2,26.1,1.6,10.9,79,Patna
2025-09-10,33.5,26.9,0.9,12.6,82,Patna
2025-09-11,32.4,26.0,5.0,10.2,88,Patna
2025-09-12,33.6,25.8,1.4,9.0,80,Patna
2025-09-13,32.4,26.8,12.7,9.6,86,Patna
2025-09-14,30.4,26.1,8.6,8.5,90,Patna
2025-09-15,30.7,25.6,17.1,11.1,88,Patna
2025-09-16,30.8,24.6,5.7,13.0,89,Patna
2025-09-17,31.0,25.4,15.2,8.6,89,Patna
2025-09-18,32.2,25.4,1.0,8.3,85,Patna
2025-09-19,32.4,25.9,0.7,7.2,85,Patna
2025-09-20,31.2,25.9,2.3,5.8,86,Patna
2025-09-21,32.8,24.6,2.8,9.1,81,Patna
2025-09-22,34.3,26.3,0.0,7.6,74,Patna
2025-09-23,34.3,26.4,1.7,6.2,80,Patna
2025-09-24,34.8,26.6,2.2,10.4,78,Patna
2025-09-25,35.5,26.9,0.1,8.5,73,Patna
2025-09-26,35.8,27.6,1.4,11.2,70,Patna
2025-09-27,34.4,28.1,1.7,18.2,70,Patna
2025-09-28,35.5,27.3,0.0,13.7,66,Patna
2025-09-29,36.1,27.4,0.0,7.8,63,Patna
2025-09-30,35.8,27.9,0.0,6.9,66,Patna
2025-10-01,34.5,25.8,5.3,16.5,75,Patna
2025-10-02,30.2,25.2,9.6,17.7,87,Patna
2025-10-03,30.0,25.4,22.7,22.8,90,Patna
2025-10-04,27.8,24.0,33.9,29.7,90,Patna
2025-10-05,29.8,23.6,0.3,18.3,81,Patna
2025-10-06,30.3,23.5,0.6,6.9,83,Patna
2025-10-07,30.9,24.6,0.0,4.1,82,Patna
2025-10-08,31.1,25.0,0.2,6.7,82,Patna
2025-10-09,31.5,24.5,0.1,11.2,80,Patna
2025-10-10,31.6,24.2,0.0,11.5,72,Patna
2025-10-11,31.0,23.2,0.0,11.5,70,Patna
2025-10-12,30.7,23.0,0.0,11.1,70,Patna
2025-10-13,30.3,22.7,0.0,9.5,68,Patna
2025-10-14,30.6,22.3,0.0,10.7,68,Patna
2025-10-15,31.3,21.3,0.0,10.1,70,Patna
2025-10-16,31.8,21.9,0.0,10.7,69,Patna
2025-10-17,32.0,22.7,0.0,7.1,66,Patna
2025-10-18,32.1,22.0,0.0,10.5,63,Patna
2025-10-19,32.8,22.6,0.0,8.5,66,Patna
2025-10-20,33.1,23.8,0.0,7.7,69,Patna
2025-10-21,33.6,24.2,0.0,8.0,67,Patna
2025-10-22,33.1,23.6,0.0,8.6,70,Patna
2025-10-23,31.8,23.9,0.0,8.2,75,Patna
2025-10-24,32.7,23.2,0.0,8.8,74,Patna
2025-10-25,33.0,24.1,0.0,9.3,67,Patna
2025-10-26,33.7,25.1,0.0,10.3,59,Patna
2025-10-27,31.6,25.0,0.0,5.6,63,Patna
2025-10-28,31.5,24.9,1.2,13.0,74,Patna
2025-10-29,28.6,23.9,2.6,12.5,84,Patna
2025-10-30,26.5,23.3,15.4,20.9,86,Patna
2025-10-31,24.6,23.2,58.6,14.6,96,Patna
2025-11-01,25.5,22.7,1.7,8.6,89,Patna
2025-11-02,29.0,21.9,0.1,10.5,84,Patna
2025-11-03,29.6,21.5,0.0,14.2,71,Patna
2025-11-04,29.3,20.0,0.0,8.9,75,Patna
2025-11-05,30.1,20.7,0.0,10.5,74,Patna
2025-11-06,29.9,21.0,0.0,10.8,73,Patna
2025-11-07,28.2,19.8,0.0,13.1,66,Patna
2025-11-08,27.3,17.6,0.0,10.6,68,Patna
2025-11-09,27.6,17.3,0.0,12.7,67,Patna
2025-11-10,26.2,16.5,0.0,11.5,67,Patna
2025-11-11,26.3,16.2,0.0,10.1,68,Patna
2025-11-12,26.5,15.6,0.0,9.6,66,Patna
2025-11-13,26.4,16.0,0.0,11.9,65,Patna
2025-11-14,26.6,15.9,0.0,10.5,62,Patna
2025-11-15,26.6,14.8,0.0,9.4,60,Patna
2025-11-16,26.3,14.8,0.0,9.7,59,Patna
2025-11-17,26.4,14.9,0.0,9.4,61,Patna
2025-11-18,27.0,16.2,0.0,9.5,64,Patna
2025-11-19,27.1,16.9,0.0,7.9,67,Patna
2025-11-20,26.9,18.7,0.0,8.6,65,Patna
2025-11-21,26.7,16.7,0.0,8.5,68,Patna
2025-11-22,26.6,16.9,0.0,9.9,71,Patna
2025-11-23,25.9,16.7,0.0,8.3,73,Patna
2025-11-24,25.1,16.1,0.0,9.3,71,Patna
2025-11-25,24.4,14.8,0.0,11.1,67,Patna
2025-11-26,24.4,14.4,0.0,9.1,68,Patna
2025-11-27,26.0,15.1,0.0,8.5,68,Patna
2025-11-28,26.2,16.0,0.0,9.9,70,Patna
2025-11-29,26.3,15.8,0.0,10.9,67,Patna
2025-11-30,26.1,15.8,0.0,9.1,67,Patna
2025-12-01,25.7,15.5,0.0,9.9,69,Patna
2025-12-02,24.5,13.9,0.0,9.4,64,Patna
2025-12-03,24.5,12.0,0.0,8.1,65,Patna
2025-12-04,25.0,14.5,0.0,12.5,64,Patna
2025-12-05,23.8,12.2,0.0,11.4,60,Patna
2025-12-06,23.6,12.6,0.0,10.9,62,Patna
2025-12-07,23.6,12.6,0.0,9.4,62,Patna
2025-12-08,23.7,12.7,0.0,7.9,70,Patna
2025-12-09,24.4,13.0,0.0,10.0,71,Patna
2025-12-10,24.3,12.8,0.0,10.2,66,Patna
2025-12-11,23.6,12.6,0.0,9.2,70,Patna
2025-12-12,23.5,11.9,0.0,5.8,72,Patna
2025-12-13,24.1,13.3,0.0,4.7,73,Patna
2025-12-14,24.2,13.6,0.0,6.8,71,Patna
2025-12-15,24.0,13.8,0.0,9.6,71,Patna
2025-12-16,23.3,13.5,0.0,10.0,75,Patna
2025-12-17,22.9,13.9,0.0,7.8,78,Patna
2025-12-18,22.2,12.8,0.0,8.0,83,Patna
2025-12-19,20.5,12.3,0.0,9.2,84,Patna
2025-12-20,18.9,11.5,0.0,9.2,82,Patna
2025-12-21,18.1,10.7,0.0,4.8,88,Patna
2025-12-22,18.4,10.3,0.0,7.6,86,Patna
2025-12-23,19.6,10.5,0.0,10.1,83,Patna
2025-12-24,18.6,12.3,0.2,11.9,87,Patna
2025-12-25,18.5,11.3,0.0,10.7,82,Patna
2025-12-26,19.5,10.0,0.0,9.9,81,Patna
2025-12-27,19.2,11.1,0.0,10.4,82,Patna
2025-12-28,17.6,9.8,0.0,8.5,85,Patna
2025-12-29,15.3,11.8,0.0,9.9,83,Patna
2025-12-30,16.3,10.9,0.0,11.9,81,Patna
2025-12-31,17.5,8.7,0.0,6.2,87,Patna
2026-01-01,18.9,8.2,0.0,7.4,88,Patna
2026-01-02,19.0,9.5,0.0,9.8,88,Patna
2026-01-03,17.9,11.5,0.0,13.0,88,Patna
2026-01-04,16.3,10.9,0.0,10.6,81,Patna
2026-01-05,16.6,9.8,0.0,12.1,82,Patna
2026-01-06,17.3,8.7,0.0,9.1,81,Patna
2026-01-07,17.4,9.0,0.0,9.9,85,Patna
2026-01-08,16.2,8.9,0.0,10.8,89,Patna
2026-01-09,15.8,9.5,0.0,9.5,89,Patna
2026-01-10,18.0,7.4,0.0,9.0,84,Patna
2026-01-11,20.5,9.3,0.0,12.6,80,Patna
2026-01-12,20.4,9.7,0.0,11.4,76,Patna
2026-01-13,20.2,9.7,0.0,12.6,77,Patna
2026-01-14,19.8,9.4,0.0,10.1,72,Patna
2026-01-15,19.9,9.4,0.0,10.8,72,Patna
2026-01-16,20.5,9.1,0.0,9.2,75,Patna
2026-01-17,20.6,9.0,0.0,8.0,82,Patna
2026-01-18,21.8,9.0,0.0,6.7,82,Patna
2026-01-19,23.7,9.7,0.0,8.0,77,Patna
2026-01-20,25.1,13.7,0.0,10.9,70,Patna
2026-01-21,24.4,13.5,0.0,14.7,66,Patna
2026-01-22,23.7,12.6,0.0,9.7,66,Patna
2026-01-23,24.4,11.4,0.0,8.2,70,Patna
2026-01-24,24.9,11.7,0.0,8.2,71,Patna
2026-01-25,25.2,14.2,0.0,14.3,73,Patna
2026-01-26,24.1,14.7,0.0,11.7,72,Patna
2026-01-27,24.2,12.6,0.0,9.6,73,Patna
2026-01-28,23.1,13.5,1.6,9.1,72,Patna
2026-01-29,23.5,14.0,0.0,15.3,79,Patna
2026-01-30,21.4,13.6,0.0,12.8,80,Patna
2026-01-31,20.6,11.7,0.0,7.1,82,Patna
2026-02-01,21.4,12.5,0.0,8.8,78,Patna
2026-02-02,23.5,12.3,0.0,9.5,80,Patna
2026-02-03,25.9,14.4,0.0,14.4,78,Patna
2026-02-04,24.2,13.8,0.0,14.7,72,Patna
2026-02-05,24.2,13.6,0.0,16.9,68,Patna
2026-02-06,22.9,12.6,0.0,12.9,68,Patna
2026-02-07,23.6,12.8,0.0,13.9,68,Patna
2026-02-08,24.8,13.4,0.0,16.6,66,Patna
2026-02-09,24.6,13.0,0.0,11.9,63,Patna
2026-02-10,25.4,13.2,0.0,10.4,62,Patna
2026-02-11,25.8,13.3,0.0,11.7,64,Patna
2026-02-12,26.3,13.9,0.0,11.8,68,Patna
2026-02-13,25.7,14.7,0.0,14.3,59,Patna
2026-02-14,25.1,13.9,0.0,12.5,60,Patna
2026-02-15,26.1,14.4,0.0,13.0,63,Patna
2026-02-16,27.1,14.6,0.0,10.0,62,Patna
2026-02-17,27.2,14.8,0.0,10.0,62,Patna
2026-02-18,28.2,14.8,0.0,9.3,62,Patna
2026-02-19,28.4,16.1,0.0,10.0,61,Patna
2026-02-20,29.3,16.7,0.0,13.0,64,Patna
2026-02-21,29.4,18.9,0.0,14.4,60,Patna
2026-02-22,28.4,17.8,0.0,15.7,55,Patna
2026-02-23,28.4,16.3,0.0,8.2,53,Patna
2026-02-24,28.3,17.8,0.0,10.6,54,Patna
2026-02-25,28.5,17.0,0.0,12.6,53,Patna
2026-02-26,28.7,17.2,0.0,15.3,50,Patna
2026-02-27,29.6,16.3,0.0,17.3,44,Patna
2026-02-28,31.8,17.8,0.0,17.8,42,Patna
2026-03-01,31.4,18.7,0.0,15.7,47,Patna
2026-03-02,30.7,18.3,0.0,17.7,39,Patna
2026-03-03,30.5,18.1,0.0,11.8,44,Patna
2026-03-04,31.3,18.0,0.0,9.6,46,Patna
2026-03-05,31.6,19.2,0.0,5.1,50,Patna
2026-03-06,33.1,20.4,0.0,10.1,51,Patna
2026-03-07,33.6,22.0,0.0,10.7,52,Patna
2026-03-08,33.3,22.0,0.0,10.0,56,Patna
2026-03-09,31.6,23.0,1.3,13.5,68,Patna
2026-03-10,31.5,23.0,0.0,8.8,69,Patna
2026-03-11,31.4,22.8,3.0,15.2,73,Patna
2026-03-12,33.0,23.4,0.0,15.5,67,Patna
2026-03-13,34.2,22.2,0.0,17.7,64,Patna
2026-03-14,33.7,21.9,0.0,12.6,51,Patna
2026-03-15,33.2,21.6,1.5,12.3,64,Patna
2026-03-16,33.8,21.8,0.0,16.0,57,Patna
2026-03-17,34.0,21.0,0.0,15.6,50,Patna
2026-03-18,32.6,21.7,0.0,10.1,58,Patna
2026-03-19,32.0,21.0,5.8,8.7,65,Patna
2026-03-20,33.0,21.1,4.5,16.6,67,Patna
2026-03-21,23.6,18.1,7.1,13.7,84,Patna
2026-03-22,25.4,16.9,0.9,10.2,77,Patna
2026-03-23,29.6,18.2,0.0,11.1,63,Patna
2026-03-24,31.4,20.6,0.0,14.8,55,Patna
2026-03-25,32.8,19.7,0.0,13.8,46,Patna
2026-03-26,33.6,19.0,0.0,10.7,45,Patna
2026-03-27,36.0,20.9,0.1,19.3,46,Patna
2026-03-28,29.7,20.6,5.4,17.1,67,Patna
2026-03-29,33.1,20.8,0.0,12.6,66,Patna
2026-03-30,32.9,21.7,0.0,13.9,70,Patna
2026-03-31,31.5,22.7,0.0,9.7,69,Patna
2026-04-01,33.3,23.4,0.0,16.6,60,Patna
2026-04-02,36.6,23.1,0.0,18.5,41,Patna
2026-04-03,38.8,25.1,0.0,21.9,36,Patna
2026-04-04,36.6,24.2,0.0,21.7,43,Patna
2026-04-05,33.8,25.0,0.1,22.6,36,Patna
2026-04-06,32.4,23.2,0.0,16.2,43,Patna
2026-04-07,35.0,21.7,0.0,15.7,36,Patna
2026-04-08,30.7,22.7,2.5,13.0,57,Patna
2026-04-09,30.4,19.2,1.2,17.2,53,Patna
2026-04-10,33.5,21.8,0.0,22.7,29,Patna
2026-04-11,35.1,21.4,0.0,20.0,30,Patna
2026-04-12,36.8,23.1,0.0,21.7,32,Patna
2026-04-13,37.6,23.3,0.0,18.1,33,Patna
2026-04-14,37.4,22.1,0.0,15.2,29,Patna
2026-04-15,38.8,23.4,0.0,15.7,34,Patna
2026-04-16,35.1,24.9,0.8,14.6,64,Patna
2026-04-17,36.5,24.3,0.0,12.8,61,Patna
2026-04-18,39.5,26.4,0.0,16.1,52,Patna
2026-04-19,38.6,24.7,0.0,15.1,63,Patna
2026-04-20,39.6,25.6,0.0,20.5,53,Patna
2026-04-21,41.7,27.5,0.0,20.9,22,Patna
2026-04-22,41.6,27.5,0.0,23.8,20,Patna
2026-04-23,40.2,26.3,0.0,13.9,41,Patna
2026-04-24,40.6,26.0,0.0,12.2,55,Patna
2026-04-25,42.1,27.2,0.0,21.3,58,Patna
2026-04-26,34.7,25.6,0.0,21.1,64,Patna
2026-04-27,33.7,24.0,0.0,16.8,68,Patna
2026-04-28,34.7,22.8,0.0,16.4,70,Patna
2026-04-29,34.8,22.1,13.6,21.9,77,Patna
2026-04-30,31.3,21.6,0.0,17.2,70,Patna
2026-05-01,30.4,21.9,0.4,12.2,78,Patna
2026-05-02,31.5,21.5,0.0,13.3,72,Patna
2026-05-03,29.9,22.6,4.8,18.6,75,Patna
2026-05-04,33.7,22.6,12.5,20.4,75,Patna
2026-05-05,30.0,21.1,0.0,13.7,75,Patna
2026-05-06,30.5,21.9,2.7,12.9,75,Patna
2026-05-07,30.0,21.6,0.9,16.1,77,Patna
2026-05-08,31.7,23.3,0.8,11.2,68,Patna
2026-05-09,31.8,22.4,1.0,15.2,71,Patna
2026-05-10,32.2,23.0,1.0,12.5,69,Patna
2026-05-11,33.9,24.1,0.0,11.4,61,Patna
2026-05-12,32.3,25.4,0.5,14.9,70,Patna
2026-05-13,33.4,24.2,0.2,25.8,75,Patna
2026-05-14,32.8,23.6,0.0,13.7,73,Patna
2026-05-15,35.9,25.9,0.0,10.7,70,Patna
2026-05-16,37.0,27.2,0.0,8.3,65,Patna
2026-05-17,39.4,27.3,0.0,17.3,61,Patna
2026-05-18,37.8,27.4,0.0,17.1,67,Patna
2026-05-19,34.8,27.2,0.0,18.2,71,Patna
2026-05-20,35.9,28.2,0.5,11.3,70,Patna
2026-05-21,38.3,28.9,0.0,16.9,68,Patna
2026-05-22,38.1,28.1,0.0,12.7,70,Patna
2026-05-23,40.3,28.7,0.3,14.0,56,Patna
2026-05-24,39.5,28.3,0.4,14.6,60,Patna
2026-05-25,37.6,28.0,0.0,18.6,66,Patna
2026-05-26,36.5,25.6,0.0,16.5,65,Patna
2026-05-27,34.9,24.9,0.0,18.5,64,Patna
2026-05-28,34.5,25.8,0.0,18.8,64,Patna
2026-05-29,28.8,22.9,18.5,24.5,80,Patna
2026-05-30,32.3,23.3,0.6,13.4,75,Patna
2026-05-31,34.1,23.6,0.9,15.8,74,Patna
2026-06-01,35.7,27.3,0.0,5.9,63,Patna
2026-06-02,36.5,28.5,0.0,15.9,61,Patna
2026-06-03,36.8,27.7,0.4,13.5,61,Patna
2026-06-04,37.4,28.4,0.6,7.8,60,Patna
2026-06-05,35.7,26.6,4.0,12.5,67,Patna
2026-06-06,35.0,27.6,0.1,11.5,69,Patna
2026-06-07,35.8,24.9,9.8,12.1,70,Patna
2026-06-08,38.3,29.1,0.1,17.6,64,Patna
2026-06-09,37.9,28.2,0.9,11.0,62,Patna
2026-06-10,35.7,27.3,0.3,14.0,69,Patna
2026-06-11,30.8,24.4,0.5,18.2,76,Patna
2026-06-12,34.4,26.1,0.0,14.9,71,Patna
2026-06-13,35.7,26.2,1.8,14.0,70,Patna
2026-06-14,35.6,26.9,0.7,11.9,64,Patna
2026-06-15,36.7,27.3,0.0,11.2,60,Patna
2026-06-16,37.3,28.8,0.0,9.8,61,Patna
2026-06-17,38.5,30.0,0.4,10.7,58,Patna
2026-06-18,38.4,28.6,0.9,14.9,56,Patna
2026-06-19,37.8,26.7,2.5,14.4,62,Patna
2026-06-20,36.7,28.8,0.1,10.5,67,Patna
2026-06-21,38.3,29.0,0.0,13.4,57,Patna
2026-06-22,36.8,29.2,0.3,13.6,62,Patna
2026-06-23,38.2,27.1,0.0,15.1,63,Patna
2026-06-24,38.3,29.1,0.2,12.1,53,Patna
2026-06-25,39.0,30.1,0.4,11.0,56,Patna
2026-06-26,36.4,28.8,0.4,12.7,64,Patna
2026-06-27,37.4,29.0,1.4,10.9,67,Patna
2026-06-28,36.0,26.9,7.5,13.8,72,Patna
2026-06-29,33.9,27.5,4.7,15.7,77,Patna
2026-06-30,32.5,26.5,2.0,13.8,84,Patna
2026-07-01,33.9,26.2,7.0,10.5,80,Patna
2026-07-02,32.6,27.2,3.4,15.0,79,Patna
2026-07-03,34.7,27.5,0.4,15.3,73,Patna
2026-07-04,35.5,29.3,0.6,14.6,67,Patna
2026-07-05,35.2,28.1,4.2,22.4,71,Patna
2026-07-06,33.5,27.2,4.4,26.0,76,Patna
2026-07-07,31.8,26.5,3.2,19.0,84,Patna
2026-07-08,32.8,28.0,2.1,9.9,79,Patna
2026-07-09,33.6,27.3,15.1,11.7,84,Patna
2026-07-10,31.1,27.5,26.6,12.4,85,Patna
2026-07-11,30.1,27.1,11.8,13.8,89,Patna
2026-07-12,34.5,27.2,0.9,17.3,74,Patna
2026-07-13,33.8,26.7,4.8,12.2,78,Patna
2026-07-14,33.9,26.3,0.8,8.0,81,Patna
2026-07-15,34.2,26.7,10.6,10.3,82,Patna
2026-07-16,34.4,27.0,3.9,11.0,80,Patna
2026-07-17,34.0,27.4,5.2,13.3,79,Patna
2026-07-18,31.3,26.6,30.2,11.8,88,Patna
2026-07-19,30.6,26.9,27.6,12.8,91,Patna
2026-07-20,30.2,25.9,20.0,12.6,89,Patna
2026-07-21,31.4,25.1,10.0,20.1,82,Patna
2026-07-22,32.1,25.6,10.8,19.0,82,Patna
2026-07-23,31.7,25.9,13.5,16.6,86,Patna
2026-07-24,31.7,26.3,2.3,7.9,85,Patna
2026-07-25,34.0,27.4,0.9,11.8,76,Patna
2026-07-26,34.5,28.0,0.0,9.5,72,Patna
2026-07-27,32.9,28.3,6.0,11.4,80,Patna
2026-07-28,33.3,27.2,2.2,17.9,76,Patna
2026-07-29,33.2,27.7,0.5,21.2,73,Patna
2026-07-30,32.4,27.2,8.8,21.1,82,Patna
2026-07-31,32.8,27.2,4.0,18.8,79,Patna
2026-08-01,33.2,27.8,4.3,10.3,82,Patna
2026-08-02,32.6,27.8,4.0,10.6,84,Patna
2026-08-03,32.5,27.1,7.1,5.5,83,Patna
2026-08-04,32.3,27.5,14.1,11.1,86,Patna
2026-08-05,31.3,27.0,36.8,7.1,90,Patna
2026-08-06,31.8,26.1,13.4,11.4,88,Patna
2026-08-07,32.9,26.9,2.2,13.2,83,Patna
2026-08-08,32.7,27.5,2.2,18.5,77,Patna
2026-08-09,33.6,27.0,1.5,15.2,78,Patna
2026-08-10,32.8,27.7,3.1,14.3,81,Patna
2025-08-01,28.4,25.6,4.1,18.5,83,Mumbai
2025-08-02,28.3,25.1,8.7,15.3,86,Mumbai
2025-08-03,28.2,24.9,4.0,12.3,86,Mumbai
2025-08-04,28.7,25.0,3.5,13.0,85,Mumbai
2025-08-05,28.9,25.1,4.3,13.9,84,Mumbai
2025-08-06,29.3,25.2,1.2,14.3,84,Mumbai
2025-08-07,27.9,25.8,3.2,11.6,87,Mumbai
2025-08-08,28.1,25.8,2.9,8.3,86,Mumbai
2025-08-09,28.5,24.8,1.6,9.6,86,Mumbai
2025-08-10,28.1,25.0,3.2,12.7,86,Mumbai
2025-08-11,28.2,25.0,4.3,15.0,84,Mumbai
2025-08-12,28.6,24.9,5.0,15.9,83,Mumbai
2025-08-13,28.3,25.0,15.4,11.9,87,Mumbai
2025-08-14,27.2,25.1,38.9,13.1,89,Mumbai
2025-08-15,27.2,25.2,35.8,14.4,89,Mumbai
2025-08-16,26.5,24.7,34.2,14.2,92,Mumbai
2025-08-17,28.1,25.1,16.3,20.1,88,Mumbai
2025-08-18,26.0,25.1,127.0,23.6,92,Mumbai
2025-08-19,26.2,25.1,136.5,30.3,91,Mumbai
2025-08-20,26.5,24.8,61.5,27.4,89,Mumbai
2025-08-21,28.0,25.3,26.0,25.3,85,Mumbai
2025-08-22,28.2,25.6,4.5,22.1,81,Mumbai
2025-08-23,28.3,24.7,10.4,25.0,81,Mumbai
2025-08-24,28.5,25.4,6.7,24.1,82,Mumbai
2025-08-25,26.8,24.6,23.2,22.3,87,Mumbai
2025-08-26,27.8,24.9,14.9,17.5,85,Mumbai
2025-08-27,28.4,25.0,7.6,12.6,85,Mumbai
2025-08-28,28.3,25.1,16.3,11.4,88,Mumbai
2025-08-29,28.0,25.4,7.5,12.2,88,Mumbai
2025-08-30,28.4,25.0,2.8,12.0,86,Mumbai
2025-08-31,27.7,25.0,10.0,18.2,86,Mumbai
2025-09-01,27.8,25.1,6.7,21.1,85,Mumbai
2025-09-02,28.3,24.9,5.7,15.4,86,Mumbai
2025-09-03,28.7,24.7,4.8,16.2,83,Mumbai
2025-09-04,26.2,24.8,17.2,12.4,88,Mumbai
2025-09-05,27.4,24.9,18.2,17.6,89,Mumbai
2025-09-06,26.5,24.8,24.9,19.8,87,Mumbai
2025-09-07,28.1,24.7,9.2,17.8,84,Mumbai
2025-09-08,27.8,24.3,5.5,17.1,86,Mumbai
2025-09-09,28.9,24.2,0.7,10.4,87,Mumbai
2025-09-10,29.5,24.6,0.3,11.9,84,Mumbai
2025-09-11,28.9,24.2,1.5,11.5,82,Mumbai
2025-09-12,29.3,24.8,1.2,12.9,82,Mumbai
2025-09-13,28.6,25.0,12.7,14.6,88,Mumbai
2025-09-14,29.1,24.8,12.2,15.6,87,Mumbai
2025-09-15,27.1,24.9,65.5,16.2,90,Mumbai
2025-09-16,27.8,25.2,5.2,11.8,90,Mumbai
2025-09-17,28.2,24.7,25.7,9.9,90,Mumbai
2025-09-18,27.8,24.6,10.4,9.8,90,Mumbai
2025-09-19,28.2,24.7,8.2,11.7,90,Mumbai
2025-09-20,29.0,24.7,12.3,11.3,88,Mumbai
2025-09-21,28.6,24.8,15.7,13.5,90,Mumbai
2025-09-22,28.3,24.0,17.0,12.7,90,Mumbai
2025-09-23,28.7,24.5,10.7,16.4,86,Mumbai
2025-09-24,28.6,25.0,2.5,11.7,82,Mumbai
2025-09-25,28.1,24.2,3.1,10.2,85,Mumbai
2025-09-26,29.1,24.2,3.0,12.7,86,Mumbai
2025-09-27,28.3,24.5,14.1,14.9,86,Mumbai
2025-09-28,26.5,25.4,125.7,31.7,90,Mumbai
2025-09-29,28.3,25.3,15.8,26.5,79,Mumbai
2025-09-30,27.6,24.1,11.2,20.8,85,Mumbai
2025-10-01,28.5,24.1,12.0,21.6,87,Mumbai
2025-10-02,27.9,24.2,4.1,22.3,88,Mumbai
2025-10-03,28.7,24.7,2.4,15.9,86,Mumbai
2025-10-04,28.8,24.7,3.1,12.4,86,Mumbai
2025-10-05,28.1,24.3,0.7,10.7,85,Mumbai
2025-10-06,28.4,24.5,1.1,12.5,84,Mumbai
2025-10-07,28.9,24.2,2.1,13.2,86,Mumbai
2025-10-08,29.4,24.6,0.3,13.2,85,Mumbai
2025-10-09,31.6,24.7,0.0,10.9,77,Mumbai
2025-10-10,33.0,24.0,0.1,10.7,66,Mumbai
2025-10-11,33.8,24.5,0.1,12.9,63,Mumbai
2025-10-12,34.8,24.5,0.1,12.2,59,Mumbai
2025-10-13,34.5,24.6,0.0,14.1,56,Mumbai
2025-10-14,35.2,24.1,0.0,14.1,55,Mumbai
2025-10-15,34.9,24.6,1.5,7.5,57,Mumbai
2025-10-16,35.0,26.3,6.2,16.6,69,Mumbai
2025-10-17,36.1,26.0,0.1,12.4,63,Mumbai
2025-10-18,35.7,26.6,1.1,12.2,59,Mumbai
2025-10-19,35.2,26.4,0.5,11.7,61,Mumbai
2025-10-20,35.1,26.0,0.2,14.3,60,Mumbai
2025-10-21,34.4,26.1,5.9,11.6,62,Mumbai
2025-10-22,33.9,26.0,4.8,11.2,74,Mumbai
2025-10-23,34.6,26.4,6.1,13.8,71,Mumbai
2025-10-24,33.0,27.0,8.7,13.7,72,Mumbai
2025-10-25,30.2,25.2,13.8,14.4,84,Mumbai
2025-10-26,26.8,24.0,34.3,17.8,92,Mumbai
2025-10-27,30.4,23.7,13.3,20.5,88,Mumbai
2025-10-28,31.7,25.3,0.4,16.8,77,Mumbai
2025-10-29,30.9,25.9,0.1,18.5,79,Mumbai
2025-10-30,28.7,24.6,11.5,20.2,83,Mumbai
2025-10-31,29.2,24.4,8.6,24.2,83,Mumbai
2025-11-01,28.4,25.0,3.1,19.2,88,Mumbai
2025-11-02,27.6,25.2,4.2,16.2,89,Mumbai
2025-11-03,28.7,23.9,2.5,12.2,88,Mumbai
2025-11-04,28.1,24.4,1.6,13.0,87,Mumbai
2025-11-05,28.6,23.4,0.1,9.0,82,Mumbai
2025-11-06,29.1,22.9,0.6,12.3,82,Mumbai
2025-11-07,31.4,23.8,0.0,12.3,74,Mumbai
2025-11-08,33.4,22.5,0.0,11.3,58,Mumbai
2025-11-09,31.4,21.3,0.0,12.0,57,Mumbai
2025-11-10,32.2,20.7,0.0,11.1,58,Mumbai
2025-11-11,32.1,21.4,0.0,12.7,59,Mumbai
2025-11-12,32.8,21.3,0.0,13.4,46,Mumbai
2025-11-13,33.4,21.9,0.0,13.6,46,Mumbai
2025-11-14,33.1,21.3,0.0,10.8,49,Mumbai
2025-11-15,33.2,20.9,0.0,11.8,47,Mumbai
2025-11-16,33.1,20.8,0.0,12.9,43,Mumbai
2025-11-17,32.4,20.9,0.0,15.9,44,Mumbai
2025-11-18,32.3,19.7,0.0,14.4,45,Mumbai
2025-11-19,32.8,18.7,0.0,12.3,45,Mumbai
2025-11-20,32.9,19.8,0.0,12.0,49,Mumbai
2025-11-21,33.8,20.1,0.0,11.2,51,Mumbai
2025-11-22,33.3,22.4,0.0,9.5,55,Mumbai
2025-11-23,32.7,23.9,0.0,11.6,61,Mumbai
2025-11-24,32.9,23.5,0.0,12.2,64,Mumbai
2025-11-25,33.0,23.8,0.0,9.2,66,Mumbai
2025-11-26,32.6,24.2,0.0,11.0,67,Mumbai
2025-11-27,33.7,23.6,0.0,13.3,62,Mumbai
2025-11-28,33.3,22.7,0.0,12.1,59,Mumbai
2025-11-29,32.9,23.2,0.0,11.6,49,Mumbai
2025-11-30,32.0,20.4,0.0,13.3,49,Mumbai
2025-12-01,32.5,19.6,0.0,13.4,49,Mumbai
2025-12-02,32.3,19.9,0.0,12.9,54,Mumbai
2025-12-03,33.3,20.2,0.0,12.3,49,Mumbai
2025-12-04,33.7,21.9,0.0,13.8,47,Mumbai
2025-12-05,34.1,23.1,0.0,13.1,48,Mumbai
2025-12-06,33.0,23.3,0.0,13.0,49,Mumbai
2025-12-07,33.6,21.8,0.0,13.0,46,Mumbai
2025-12-08,33.7,20.9,0.0,13.3,50,Mumbai
2025-12-09,33.1,20.3,0.0,11.4,34,Mumbai
2025-12-10,33.3,20.7,0.0,12.5,34,Mumbai
2025-12-11,33.0,20.4,0.0,12.1,36,Mumbai
2025-12-12,32.4,18.9,0.0,12.1,42,Mumbai
2025-12-13,33.0,19.1,0.0,13.3,46,Mumbai
2025-12-14,32.4,19.7,0.0,14.2,43,Mumbai
2025-12-15,32.6,19.7,0.0,12.4,42,Mumbai
2025-12-16,32.9,19.5,0.0,14.4,42,Mumbai
2025-12-17,33.1,20.6,0.0,12.2,47,Mumbai
2025-12-18,33.1,20.0,0.0,11.9,45,Mumbai
2025-12-19,33.2,19.6,0.0,15.6,42,Mumbai
2025-12-20,33.1,19.0,0.0,13.9,39,Mumbai
2025-12-21,32.4,19.2,0.0,12.6,39,Mumbai
2025-12-22,31.7,18.6,0.0,14.8,40,Mumbai
2025-12-23,32.4,19.9,0.0,15.7,45,Mumbai
2025-12-24,32.2,20.8,0.0,14.8,44,Mumbai
2025-12-25,31.6,19.1,0.0,13.7,48,Mumbai
2025-12-26,31.3,19.0,0.0,15.1,48,Mumbai
2025-12-27,32.0,19.7,0.0,13.4,48,Mumbai
2025-12-28,31.5,20.0,0.0,12.0,48,Mumbai
2025-12-29,31.2,19.1,0.0,11.5,50,Mumbai
2025-12-30,29.4,18.6,0.0,11.3,63,Mumbai
2025-12-31,28.8,18.1,0.0,13.4,72,Mumbai
2026-01-01,28.0,20.1,0.9,13.6,76,Mumbai
2026-01-02,28.5,20.2,0.0,14.3,75,Mumbai
2026-01-03,30.3,20.2,0.0,12.1,66,Mumbai
2026-01-04,30.4,21.4,0.0,12.2,66,Mumbai
2026-01-05,31.7,21.9,0.0,12.3,60,Mumbai
2026-01-06,31.4,21.6,0.0,13.4,60,Mumbai
2026-01-07,31.1,19.6,0.0,12.8,59,Mumbai
2026-01-08,30.5,19.0,0.0,13.4,52,Mumbai
2026-01-09,31.4,17.9,0.0,13.5,48,Mumbai
2026-01-10,30.2,19.0,0.0,16.3,51,Mumbai
2026-01-11,31.6,18.8,0.0,14.1,50,Mumbai
2026-01-12,32.2,20.1,0.0,11.3,44,Mumbai
2026-01-13,31.4,22.0,0.0,9.0,49,Mumbai
2026-01-14,31.1,22.3,0.0,15.9,58,Mumbai
2026-01-15,29.8,18.9,0.0,13.1,53,Mumbai
2026-01-16,30.1,19.0,0.0,11.1,68,Mumbai
2026-01-17,29.7,18.9,0.0,12.6,71,Mumbai
2026-01-18,26.6,19.7,0.0,14.5,74,Mumbai
2026-01-19,27.7,18.1,0.0,16.7,65,Mumbai
2026-01-20,28.2,17.8,0.0,11.4,60,Mumbai
2026-01-21,31.0,19.3,0.0,13.7,61,Mumbai
2026-01-22,30.2,20.5,0.0,14.5,63,Mumbai
2026-01-23,28.1,20.4,0.0,17.1,74,Mumbai
2026-01-24,28.8,18.8,0.0,15.2,63,Mumbai
2026-01-25,30.1,19.0,0.0,10.6,65,Mumbai
2026-01-26,31.0,19.8,0.0,8.8,67,Mumbai
2026-01-27,27.6,21.8,0.4,16.4,76,Mumbai
2026-01-28,29.8,19.8,0.0,13.6,63,Mumbai
2026-01-29,32.5,19.7,0.0,11.2,50,Mumbai
2026-01-30,31.6,23.0,0.0,13.6,65,Mumbai
2026-01-31,28.8,22.1,0.0,14.9,82,Mumbai
2026-02-01,31.8,21.3,0.0,13.1,71,Mumbai
2026-02-02,33.2,21.5,0.0,12.4,55,Mumbai
2026-02-03,32.3,21.7,0.0,12.7,51,Mumbai
2026-02-04,33.8,21.9,0.0,14.2,50,Mumbai
2026-02-05,33.9,22.6,0.0,14.0,48,Mumbai
2026-02-06,33.7,22.2,0.0,18.1,47,Mumbai
2026-02-07,33.3,21.7,0.0,13.2,43,Mumbai
2026-02-08,33.5,21.9,0.0,12.3,43,Mumbai
2026-02-09,31.1,21.6,0.0,13.5,54,Mumbai
2026-02-10,30.5,21.8,0.0,15.0,55,Mumbai
2026-02-11,33.9,22.0,0.0,15.2,50,Mumbai
2026-02-12,32.7,22.0,0.0,13.7,53,Mumbai
2026-02-13,33.1,21.9,0.0,12.1,55,Mumbai
2026-02-14,34.6,22.1,0.0,14.4,53,Mumbai
2026-02-15,34.5,23.0,0.0,14.7,44,Mumbai
2026-02-16,32.0,22.8,0.0,13.7,48,Mumbai
2026-02-17,30.3,22.6,0.0,14.9,61,Mumbai
2026-02-18,28.5,21.6,0.0,15.8,68,Mumbai
2026-02-19,30.4,21.3,0.0,13.4,66,Mumbai
2026-02-20,32.7,23.0,0.0,11.9,63,Mumbai
2026-02-21,35.8,23.8,0.0,11.5,51,Mumbai
2026-02-22,34.2,23.1,0.0,13.3,54,Mumbai
2026-02-23,34.0,23.9,0.0,12.5,53,Mumbai
2026-02-24,32.5,23.4,0.0,13.4,61,Mumbai
2026-02-25,31.9,23.1,0.0,13.5,64,Mumbai
2026-02-26,29.8,22.1,0.0,14.0,73,Mumbai
2026-02-27,29.8,22.1,0.0,13.4,66,Mumbai
2026-02-28,30.2,21.9,0.0,15.9,61,Mumbai
2026-03-01,30.3,21.5,0.0,14.7,67,Mumbai
2026-03-02,30.4,21.7,0.0,16.3,70,Mumbai
2026-03-03,34.2,23.6,0.0,18.0,52,Mumbai
2026-03-04,38.1,25.4,0.0,19.8,35,Mumbai
2026-03-05,38.0,25.7,0.0,22.6,31,Mumbai
2026-03-06,34.6,25.2,0.0,18.1,44,Mumbai
2026-03-07,32.2,23.2,0.0,16.9,64,Mumbai
2026-03-08,35.5,24.0,0.0,17.8,51,Mumbai
2026-03-09,38.8,25.1,0.0,18.5,33,Mumbai
2026-03-10,39.8,27.4,0.0,14.9,28,Mumbai
2026-03-11,33.2,25.1,0.0,15.0,66,Mumbai
2026-03-12,34.0,24.1,0.0,15.6,71,Mumbai
2026-03-13,37.7,25.1,0.0,19.1,43,Mumbai
2026-03-14,33.7,25.2,0.0,13.0,53,Mumbai
2026-03-15,31.8,23.6,0.0,14.0,72,Mumbai
2026-03-16,31.5,23.9,0.0,14.5,75,Mumbai
2026-03-17,31.1,23.7,0.0,14.2,73,Mumbai
2026-03-18,30.8,22.8,0.0,15.1,69,Mumbai
2026-03-19,30.4,23.3,0.0,13.0,68,Mumbai
2026-03-20,31.0,23.2,0.0,16.4,66,Mumbai
2026-03-21,33.9,23.8,0.0,21.9,50,Mumbai
2026-03-22,35.9,24.3,0.0,17.7,38,Mumbai
2026-03-23,36.3,25.0,0.0,15.0,37,Mumbai
2026-03-24,35.8,26.2,0.0,18.5,47,Mumbai
2026-03-25,34.1,25.4,0.0,15.1,62,Mumbai
2026-03-26,35.5,26.4,0.0,17.4,51,Mumbai
2026-03-27,36.8,27.5,0.0,15.9,46,Mumbai
2026-03-28,31.9,26.0,0.0,16.5,75,Mumbai
2026-03-29,31.3,25.4,0.2,14.9,76,Mumbai
2026-03-30,32.7,25.0,0.0,16.6,76,Mumbai
2026-03-31,32.5,25.7,0.0,17.6,74,Mumbai
2026-04-01,31.1,25.6,0.0,16.7,71,Mumbai
2026-04-02,31.6,24.3,0.0,15.5,70,Mumbai
2026-04-03,32.5,24.4,0.0,16.3,62,Mumbai
2026-04-04,32.1,24.9,0.0,17.0,69,Mumbai
2026-04-05,30.2,25.5,0.0,15.9,65,Mumbai
2026-04-06,30.7,24.3,0.0,16.0,61,Mumbai
2026-04-07,31.4,24.9,0.0,13.4,64,Mumbai
2026-04-08,31.7,26.9,0.0,14.1,65,Mumbai
2026-04-09,31.9,25.2,3.2,15.0,65,Mumbai
2026-04-10,33.4,25.4,0.0,16.8,62,Mumbai
2026-04-11,33.5,26.3,0.0,15.1,67,Mumbai
2026-04-12,34.7,25.0,0.0,14.9,67,Mumbai
2026-04-13,32.2,25.5,0.0,13.8,77,Mumbai
2026-04-14,34.8,25.4,0.0,18.0,68,Mumbai
2026-04-15,34.0,25.2,0.0,15.9,71,Mumbai
2026-04-16,32.5,25.2,0.0,13.0,75,Mumbai
2026-04-17,32.6,24.8,0.0,15.5,75,Mumbai
2026-04-18,34.3,25.7,0.0,16.8,70,Mumbai
2026-04-19,34.3,27.2,0.0,18.4,55,Mumbai
2026-04-20,35.1,26.8,0.0,14.9,65,Mumbai
2026-04-21,35.4,26.4,0.0,18.3,63,Mumbai
2026-04-22,33.9,26.7,0.0,16.7,62,Mumbai
2026-04-23,36.1,26.4,0.0,17.4,52,Mumbai
2026-04-24,37.3,27.7,0.0,15.2,56,Mumbai
2026-04-25,37.3,27.9,0.0,15.8,50,Mumbai
2026-04-26,34.7,27.8,0.0,12.8,62,Mumbai
2026-04-27,32.8,27.6,0.0,15.8,77,Mumbai
2026-04-28,33.3,27.2,0.0,14.4,75,Mumbai
2026-04-29,33.1,26.8,0.0,16.9,75,Mumbai
2026-04-30,32.7,27.0,0.0,14.8,76,Mumbai
2026-05-01,32.5,28.2,0.0,17.1,71,Mumbai
2026-05-02,32.7,27.7,0.0,15.1,72,Mumbai
2026-05-03,32.9,28.5,0.0,14.8,72,Mumbai
2026-05-04,32.9,28.4,0.0,16.3,69,Mumbai
2026-05-05,33.0,28.6,0.0,14.4,69,Mumbai
2026-05-06,33.0,27.3,0.0,18.4,70,Mumbai
2026-05-07,33.8,27.0,0.0,14.7,75,Mumbai
2026-05-08,35.1,27.6,0.0,18.3,73,Mumbai
2026-05-09,36.3,27.9,0.0,17.4,66,Mumbai
2026-05-10,36.2,27.3,0.0,18.2,65,Mumbai
2026-05-11,37.9,28.9,0.0,20.9,63,Mumbai
2026-05-12,34.5,28.4,0.0,17.7,71,Mumbai
2026-05-13,33.2,29.5,0.0,15.0,74,Mumbai
2026-05-14,33.6,29.2,0.0,16.9,70,Mumbai
2026-05-15,33.0,29.1,0.0,15.0,72,Mumbai
2026-05-16,33.9,28.8,0.0,18.7,70,Mumbai
2026-05-17,33.4,28.6,0.0,17.6,73,Mumbai
2026-05-18,33.4,28.2,0.0,16.9,74,Mumbai
2026-05-19,32.6,28.3,0.0,14.5,71,Mumbai
2026-05-20,33.1,28.6,0.1,13.7,67,Mumbai
2026-05-21,33.9,29.5,0.0,15.9,66,Mumbai
2026-05-22,33.5,29.5,1.9,12.0,71,Mumbai
2026-05-23,33.5,29.6,1.2,10.9,69,Mumbai
2026-05-24,34.0,29.7,3.0,15.3,69,Mumbai
2026-05-25,33.9,28.8,2.2,16.3,72,Mumbai
2026-05-26,33.8,28.8,1.0,13.1,67,Mumbai
2026-05-27,34.4,29.1,0.3,13.7,67,Mumbai
2026-05-28,34.4,29.9,0.0,14.7,66,Mumbai
2026-05-29,34.2,30.0,1.2,14.7,65,Mumbai
2026-05-30,34.6,29.8,0.9,15.9,66,Mumbai
2026-05-31,34.2,28.5,4.8,15.1,68,Mumbai
2026-06-01,34.1,29.7,0.3,15.0,65,Mumbai
2026-06-02,34.2,25.0,1.2,16.0,69,Mumbai
2026-06-03,32.5,25.2,2.3,14.1,72,Mumbai
2026-06-04,32.9,28.1,0.6,14.2,68,Mumbai
2026-06-05,33.4,28.6,3.4,14.6,72,Mumbai
2026-06-06,34.0,27.7,2.1,14.8,71,Mumbai
2026-06-07,33.8,29.8,2.1,13.6,68,Mumbai
2026-06-08,33.7,26.8,4.5,17.1,70,Mumbai
2026-06-09,33.5,28.0,6.1,18.4,72,Mumbai
2026-06-10,33.3,28.0,9.7,17.8,70,Mumbai
2026-06-11,33.6,29.7,1.6,17.6,67,Mumbai
2026-06-12,33.9,30.0,1.1,17.6,65,Mumbai
2026-06-13,33.8,29.8,1.2,19.7,66,Mumbai
2026-06-14,33.6,29.4,2.8,19.0,67,Mumbai
2026-06-15,32.3,29.3,2.3,18.6,66,Mumbai
2026-06-16,33.2,28.9,0.9,16.8,65,Mumbai
2026-06-17,33.5,29.1,0.7,19.5,62,Mumbai
2026-06-18,33.5,28.9,0.5,15.5,61,Mumbai
2026-06-19,33.4,29.5,0.0,16.5,59,Mumbai
2026-06-20,33.5,29.5,0.0,14.3,60,Mumbai
2026-06-21,32.8,29.5,0.5,13.1,64,Mumbai
2026-06-22,31.8,25.4,12.4,13.6,74,Mumbai
2026-06-23,27.6,25.6,51.6,11.7,90,Mumbai
2026-06-24,27.7,24.9,29.0,12.0,87,Mumbai
2026-06-25,29.7,25.9,6.7,15.3,82,Mumbai
2026-06-26,30.3,26.2,5.8,15.3,82,Mumbai
2026-06-27,31.1,26.9,0.8,11.2,79,Mumbai
2026-06-28,30.6,25.7,11.5,13.0,84,Mumbai
2026-06-29,28.4,25.7,26.4,12.4,89,Mumbai
2026-06-30,28.6,25.1,57.5,20.7,90,Mumbai
2026-07-01,27.3,25.0,86.6,21.4,90,Mumbai
2026-07-02,27.6,25.3,55.7,19.8,91,Mumbai
2026-07-03,27.3,25.2,51.8,18.8,91,Mumbai
2026-07-04,27.3,25.8,78.1,19.1,91,Mumbai
2026-07-05,27.0,25.9,136.9,30.3,91,Mumbai
2026-07-06,27.6,26.4,131.8,34.6,88,Mumbai
2026-07-07,28.1,25.6,55.4,26.5,88,Mumbai
2026-07-08,29.2,26.2,25.9,27.8,88,Mumbai
2026-07-09,29.2,26.8,4.0,20.7,84,Mumbai
2026-07-10,30.2,26.7,3.2,18.0,82,Mumbai
2026-07-11,29.7,27.2,7.6,21.5,83,Mumbai
2026-07-12,30.0,27.5,7.6,23.2,81,Mumbai
2026-07-13,30.2,27.6,0.9,20.3,77,Mumbai
2026-07-14,30.1,27.3,1.3,16.1,75,Mumbai
2026-07-15,29.4,23.6,15.9,19.6,79,Mumbai
2026-07-16,29.6,25.9,8.7,12.5,82,Mumbai
2026-07-17,30.3,24.8,16.4,16.9,81,Mumbai
2026-07-18,30.6,25.9,16.2,21.8,85,Mumbai
2026-07-19,28.6,25.1,33.1,18.1,86,Mumbai
2026-07-20,28.9,25.3,52.9,24.0,87,Mumbai
2026-07-21,29.0,24.8,25.2,23.7,83,Mumbai
2026-07-22,27.9,25.6,71.0,34.0,86,Mumbai
2026-07-23,28.1,25.7,107.0,33.5,86,Mumbai
2026-07-24,28.6,25.0,46.0,30.1,85,Mumbai
2026-07-25,29.6,25.4,20.6,24.3,83,Mumbai
2026-07-26,29.1,25.3,32.1,17.2,88,Mumbai
2026-07-27,29.0,25.8,42.9,18.2,89,Mumbai
2026-07-28,29.6,25.8,9.2,21.9,84,Mumbai
2026-07-29,29.5,26.5,12.1,25.1,82,Mumbai
2026-07-30,28.2,26.4,9.8,20.2,86,Mumbai
2026-07-31,28.4,26.8,14.7,23.7,86,Mumbai
2026-08-01,28.8,26.6,9.0,25.3,83,Mumbai
2026-08-02,29.2,26.3,25.3,22.1,84,Mumbai
2026-08-03,29.5,25.9,18.7,19.3,85,Mumbai
2026-08-04,29.4,25.6,13.8,18.8,82,Mumbai
2026-08-05,28.3,25.4,15.1,17.5,85,Mumbai
2026-08-06,29.3,26.0,10.4,20.2,82,Mumbai
2026-08-07,29.7,26.8,7.2,21.2,80,Mumbai
2026-08-08,29.2,26.2,5.8,18.5,82,Mumbai
2026-08-09,29.6,26.5,5.8,17.7,81,Mumbai
2026-08-10,29.3,25.5,8.1,19.0,82,Mumbai
2025-08-01,28.2,19.4,1.4,15.5,80,Bengaluru
2025-08-02,28.5,19.5,1.2,11.9,78,Bengaluru
2025-08-03,28.6,19.5,5.5,11.7,83,Bengaluru
2025-08-04,28.8,19.6,2.6,11.5,82,Bengaluru
2025-08-05,27.2,20.1,15.3,11.1,88,Bengaluru
2025-08-06,27.9,19.7,1.4,13.6,84,Bengaluru
2025-08-07,28.0,19.9,2.1,10.5,83,Bengaluru
2025-08-08,27.3,20.3,6.3,8.8,87,Bengaluru
2025-08-09,26.5,20.0,7.5,10.2,87,Bengaluru
2025-08-10,26.5,19.9,12.9,13.2,87,Bengaluru
2025-08-11,25.1,19.2,7.5,15.1,87,Bengaluru
2025-08-12,25.5,19.2,5.9,18.4,85,Bengaluru
2025-08-13,23.2,19.2,15.1,16.8,94,Bengaluru
2025-08-14,24.7,18.9,5.1,19.3,88,Bengaluru
2025-08-15,26.1,19.0,8.2,20.4,86,Bengaluru
2025-08-16,26.7,19.7,5.9,22.1,85,Bengaluru
2025-08-17,25.5,19.7,17.4,20.9,88,Bengaluru
2025-08-18,22.7,19.3,6.9,21.7,89,Bengaluru
2025-08-19,25.1,19.0,0.3,28.5,78,Bengaluru
2025-08-20,27.2,19.1,1.3,22.8,78,Bengaluru
2025-08-21,26.9,18.3,0.2,15.5,82,Bengaluru
2025-08-22,27.0,19.2,4.6,11.6,84,Bengaluru
2025-08-23,27.3,19.7,0.2,12.9,80,Bengaluru
2025-08-24,28.0,18.8,0.3,16.1,76,Bengaluru
2025-08-25,27.1,17.8,0.0,17.0,75,Bengaluru
2025-08-26,28.4,18.5,1.6,17.8,77,Bengaluru
2025-08-27,26.7,19.3,15.4,20.7,86,Bengaluru
2025-08-28,25.8,19.6,8.7,18.4,89,Bengaluru
2025-08-29,25.4,19.6,0.9,22.4,82,Bengaluru
2025-08-30,27.8,19.6,4.0,19.9,83,Bengaluru
2025-08-31,26.9,19.6,10.0,19.3,85,Bengaluru
2025-09-01,26.6,19.8,4.3,21.9,81,Bengaluru
2025-09-02,27.2,18.8,6.0,22.1,83,Bengaluru
2025-09-03,25.5,19.6,5.5,18.9,87,Bengaluru
2025-09-04,26.0,19.3,2.8,19.4,84,Bengaluru
2025-09-05,26.8,19.1,1.3,13.5,81,Bengaluru
2025-09-06,27.0,19.4,3.3,13.3,83,Bengaluru
2025-09-07,27.7,19.6,1.8,14.3,81,Bengaluru
2025-09-08,28.0,18.8,1.0,11.2,76,Bengaluru
2025-09-09,28.2,19.1,1.5,8.3,78,Bengaluru
2025-09-10,27.6,19.5,8.8,14.2,82,Bengaluru
2025-09-11,26.3,19.3,0.4,14.5,80,Bengaluru
2025-09-12,27.2,19.6,0.4,12.6,75,Bengaluru
2025-09-13,28.1,18.9,1.2,11.6,75,Bengaluru
2025-09-14,27.8,18.8,0.0,13.1,75,Bengaluru
2025-09-15,28.4,19.1,2.0,15.8,77,Bengaluru
2025-09-16,27.6,19.8,4.7,16.1,84,Bengaluru
2025-09-17,25.7,19.7,10.7,10.8,88,Bengaluru
2025-09-18,27.3,19.8,16.5,15.5,88,Bengaluru
2025-09-19,24.3,19.3,6.8,14.5,90,Bengaluru
2025-09-20,26.7,19.3,16.2,16.7,87,Bengaluru
2025-09-21,27.0,18.9,3.5,14.6,83,Bengaluru
2025-09-22,27.1,19.2,1.4,15.1,82,Bengaluru
2025-09-23,25.3,19.8,8.4,17.7,85,Bengaluru
2025-09-24,25.4,18.9,3.5,20.0,84,Bengaluru
2025-09-25,27.1,18.9,8.5,18.7,84,Bengaluru
2025-09-26,26.9,18.8,1.1,20.5,77,Bengaluru
2025-09-27,26.6,19.4,2.8,25.2,80,Bengaluru
2025-09-28,28.0,19.3,1.4,23.9,77,Bengaluru
2025-09-29,28.3,19.6,0.4,23.4,75,Bengaluru
2025-09-30,28.2,17.9,0.1,21.8,72,Bengaluru
2025-10-01,29.2,19.4,2.4,18.8,73,Bengaluru
2025-10-02,28.0,19.9,3.1,18.9,76,Bengaluru
2025-10-03,29.6,19.4,10.9,11.8,76,Bengaluru
2025-10-04,26.3,20.7,6.9,12.7,84,Bengaluru
2025-10-05,28.6,18.3,2.1,16.6,75,Bengaluru
2025-10-06,27.2,19.6,5.1,11.9,74,Bengaluru
2025-10-07,28.7,18.9,0.8,8.7,70,Bengaluru
2025-10-08,27.8,20.5,5.2,7.9,78,Bengaluru
2025-10-09,27.5,19.1,35.4,10.3,85,Bengaluru
2025-10-10,27.0,18.9,19.3,12.7,84,Bengaluru
2025-10-11,27.0,19.3,9.1,10.4,80,Bengaluru
2025-10-12,27.8,18.8,0.0,11.2,69,Bengaluru
2025-10-13,27.8,18.9,0.0,12.4,74,Bengaluru
2025-10-14,28.0,19.8,3.1,13.7,80,Bengaluru
2025-10-15,26.7,20.2,4.8,15.5,85,Bengaluru
2025-10-16,27.1,20.4,3.8,19.3,86,Bengaluru
2025-10-17,26.3,19.6,5.1,16.1,88,Bengaluru
2025-10-18,27.3,20.0,13.0,16.0,89,Bengaluru
2025-10-19,27.3,19.1,22.4,9.0,86,Bengaluru
2025-10-20,27.1,20.1,4.7,13.7,86,Bengaluru
2025-10-21,25.4,20.0,6.0,17.6,90,Bengaluru
2025-10-22,24.6,20.3,25.3,17.7,91,Bengaluru
2025-10-23,25.7,19.8,1.6,13.5,85,Bengaluru
2025-10-24,25.2,19.4,0.1,16.8,81,Bengaluru
2025-10-25,26.6,19.6,0.0,13.9,79,Bengaluru
2025-10-26,27.7,19.9,0.4,8.9,79,Bengaluru
2025-10-27,23.9,19.4,2.5,13.8,88,Bengaluru
2025-10-28,24.0,19.9,2.6,19.4,86,Bengaluru
2025-10-29,26.8,19.4,0.1,21.9,78,Bengaluru
2025-10-30,26.9,18.2,0.0,20.2,77,Bengaluru
2025-10-31,27.3,18.0,0.0,15.0,71,Bengaluru
2025-11-01,28.4,17.9,0.0,9.1,70,Bengaluru
2025-11-02,27.8,17.7,0.0,9.4,73,Bengaluru
2025-11-03,28.0,18.5,0.0,9.9,71,Bengaluru
2025-11-04,27.1,18.5,0.1,11.3,77,Bengaluru
2025-11-05,27.4,19.5,4.5,11.1,80,Bengaluru
2025-11-06,26.5,19.1,1.9,11.4,81,Bengaluru
2025-11-07,27.5,18.7,0.6,10.8,75,Bengaluru
2025-11-08,27.3,18.6,0.0,11.5,69,Bengaluru
2025-11-09,26.6,17.2,0.0,11.0,53,Bengaluru
2025-11-10,28.8,17.2,0.0,9.4,60,Bengaluru
2025-11-11,27.5,18.1,0.0,10.3,68,Bengaluru
2025-11-12,27.9,19.0,0.1,11.3,70,Bengaluru
2025-11-13,28.1,19.4,0.6,11.0,73,Bengaluru
2025-11-14,27.9,19.1,0.0,12.6,70,Bengaluru
2025-11-15,26.7,16.3,0.0,12.0,65,Bengaluru
2025-11-16,26.3,17.5,0.0,12.0,71,Bengaluru
2025-11-17,26.5,17.1,0.0,13.2,68,Bengaluru
2025-11-18,24.6,18.2,5.8,15.4,77,Bengaluru
2025-11-19,26.6,18.3,0.4,13.9,78,Bengaluru
2025-11-20,27.8,18.2,0.0,10.6,76,Bengaluru
2025-11-21,27.2,18.1,0.6,13.7,82,Bengaluru
2025-11-22,26.9,19.6,1.5,17.6,82,Bengaluru
2025-11-23,26.5,19.4,0.4,17.0,81,Bengaluru
2025-11-24,26.8,19.2,0.0,15.1,78,Bengaluru
2025-11-25,26.5,18.0,0.0,14.4,75,Bengaluru
2025-11-26,26.6,17.0,0.0,15.6,74,Bengaluru
2025-11-27,25.2,16.5,0.0,15.7,74,Bengaluru
2025-11-28,24.8,15.8,0.0,18.9,74,Bengaluru
2025-11-29,22.2,16.2,0.1,17.6,80,Bengaluru
2025-11-30,21.4,18.3,6.3,14.6,92,Bengaluru
2025-12-01,23.9,18.7,0.1,16.8,83,Bengaluru
2025-12-02,24.8,18.5,0.3,13.8,83,Bengaluru
2025-12-03,25.0,19.1,1.7,17.2,86,Bengaluru
2025-12-04,25.9,19.3,7.5,14.3,85,Bengaluru
2025-12-05,24.9,19.3,1.3,17.4,82,Bengaluru
2025-12-06,25.6,17.4,0.0,14.1,76,Bengaluru
2025-12-07,26.5,17.0,0.0,13.1,76,Bengaluru
2025-12-08,27.1,15.9,0.0,13.7,67,Bengaluru
2025-12-09,27.2,15.2,0.0,13.9,72,Bengaluru
2025-12-10,27.4,17.0,0.0,13.5,56,Bengaluru
2025-12-11,26.6,14.8,0.0,14.6,63,Bengaluru
2025-12-12,26.7,13.9,0.0,11.9,65,Bengaluru
2025-12-13,27.3,14.1,0.0,13.4,57,Bengaluru
2025-12-14,26.1,14.2,0.0,13.2,63,Bengaluru
2025-12-15,26.4,14.2,0.0,12.5,63,Bengaluru
2025-12-16,25.1,15.4,0.1,21.9,78,Bengaluru
2025-12-17,26.9,17.8,0.0,16.1,69,Bengaluru
2025-12-18,27.0,15.0,0.0,12.9,62,Bengaluru
2025-12-19,26.5,14.8,0.0,11.6,62,Bengaluru
2025-12-20,25.3,13.8,0.0,10.7,65,Bengaluru
2025-12-21,25.7,14.3,0.0,11.7,66,Bengaluru
2025-12-22,24.8,14.3,0.0,12.7,72,Bengaluru
2025-12-23,25.7,15.0,0.0,9.8,67,Bengaluru
2025-12-24,25.3,14.5,0.0,11.7,63,Bengaluru
2025-12-25,26.8,14.4,0.0,12.3,61,Bengaluru
2025-12-26,26.4,17.4,0.0,12.6,65,Bengaluru
2025-12-27,26.0,16.2,0.0,11.8,62,Bengaluru
2025-12-28,26.6,15.0,0.0,12.0,67,Bengaluru
2025-12-29,27.2,15.0,0.0,12.4,67,Bengaluru
2025-12-30,28.7,16.5,0.0,10.2,63,Bengaluru
2025-12-31,28.2,17.0,0.5,10.2,68,Bengaluru
2026-01-01,27.2,18.8,0.5,13.4,73,Bengaluru
2026-01-02,26.9,18.3,0.0,13.2,68,Bengaluru
2026-01-03,26.5,17.3,0.0,15.5,61,Bengaluru
2026-01-04,26.3,15.4,0.0,15.7,58,Bengaluru
2026-01-05,26.2,14.3,0.0,13.4,59,Bengaluru
2026-01-06,25.6,15.8,0.0,16.1,66,Bengaluru
2026-01-07,25.8,16.4,0.0,16.6,60,Bengaluru
2026-01-08,25.2,14.7,0.0,16.1,56,Bengaluru
2026-01-09,26.3,14.0,0.0,13.4,64,Bengaluru
2026-01-10,24.2,15.9,0.0,14.1,69,Bengaluru
2026-01-11,22.1,16.1,0.0,14.8,81,Bengaluru
2026-01-12,23.9,17.3,0.5,16.1,78,Bengaluru
2026-01-13,26.3,17.0,0.8,14.5,74,Bengaluru
2026-01-14,26.9,16.9,0.7,11.5,72,Bengaluru
2026-01-15,29.1,17.2,0.0,13.0,63,Bengaluru
2026-01-16,27.7,16.8,0.0,12.1,61,Bengaluru
2026-01-17,27.1,14.8,0.0,10.6,51,Bengaluru
2026-01-18,28.2,14.8,0.0,13.4,44,Bengaluru
2026-01-19,28.9,15.5,0.0,15.3,49,Bengaluru
2026-01-20,28.2,15.8,0.0,15.2,40,Bengaluru
2026-01-21,26.8,14.8,0.0,14.6,49,Bengaluru
2026-01-22,26.1,15.3,0.0,13.7,44,Bengaluru
2026-01-23,27.1,13.9,0.0,13.9,55,Bengaluru
2026-01-24,25.2,16.0,0.0,14.6,74,Bengaluru
2026-01-25,25.1,17.5,0.1,15.3,70,Bengaluru
2026-01-26,24.3,17.6,1.3,14.0,77,Bengaluru
2026-01-27,28.3,17.2,0.0,15.3,63,Bengaluru
2026-01-28,29.6,16.5,0.0,14.6,56,Bengaluru
2026-01-29,27.9,16.3,0.0,13.9,56,Bengaluru
2026-01-30,28.2,16.7,0.0,14.8,48,Bengaluru
2026-01-31,28.3,15.8,0.0,14.3,41,Bengaluru
2026-02-01,29.1,15.4,0.0,14.2,54,Bengaluru
2026-02-02,28.7,16.3,0.0,15.2,58,Bengaluru
2026-02-03,28.9,16.4,0.0,14.0,54,Bengaluru
2026-02-04,28.1,15.2,0.0,14.8,50,Bengaluru
2026-02-05,28.5,15.7,0.0,13.1,46,Bengaluru
2026-02-06,28.7,16.0,0.0,16.4,46,Bengaluru
2026-02-07,28.9,16.2,0.0,15.2,39,Bengaluru
2026-02-08,29.4,17.0,0.0,11.7,48,Bengaluru
2026-02-09,29.7,16.9,0.0,13.8,49,Bengaluru
2026-02-10,29.1,16.2,0.0,14.7,50,Bengaluru
2026-02-11,27.1,14.8,0.0,15.8,50,Bengaluru
2026-02-12,27.8,13.2,0.0,12.1,55,Bengaluru
2026-02-13,29.6,17.3,0.0,12.9,47,Bengaluru
2026-02-14,29.9,16.3,0.0,13.9,54,Bengaluru
2026-02-15,30.4,17.4,0.0,13.5,44,Bengaluru
2026-02-16,29.5,17.5,0.0,16.1,41,Bengaluru
2026-02-17,29.6,16.9,0.0,16.0,40,Bengaluru
2026-02-18,29.6,17.3,0.0,15.4,43,Bengaluru
2026-02-19,30.4,16.6,0.0,16.6,53,Bengaluru
2026-02-20,30.5,18.4,0.0,17.5,57,Bengaluru
2026-02-21,30.3,19.1,0.1,16.3,56,Bengaluru
2026-02-22,31.4,19.4,0.0,14.7,53,Bengaluru
2026-02-23,32.1,18.5,0.0,15.5,53,Bengaluru
2026-02-24,31.3,19.6,0.0,13.8,50,Bengaluru
2026-02-25,29.4,19.8,0.1,13.1,51,Bengaluru
2026-02-26,30.3,19.5,0.1,13.6,47,Bengaluru
2026-02-27,31.1,21.2,0.0,14.2,43,Bengaluru
2026-02-28,30.8,20.2,0.0,12.9,45,Bengaluru
2026-03-01,31.2,20.2,0.0,14.4,45,Bengaluru
2026-03-02,32.2,20.3,0.0,13.6,43,Bengaluru
2026-03-03,31.8,20.7,0.0,16.0,39,Bengaluru
2026-03-04,31.7,20.2,0.0,14.3,39,Bengaluru
2026-03-05,32.8,19.3,0.0,12.0,36,Bengaluru
2026-03-06,33.6,20.3,0.0,10.3,33,Bengaluru
2026-03-07,33.6,19.6,0.0,13.1,43,Bengaluru
2026-03-08,33.1,20.8,0.0,13.8,42,Bengaluru
2026-03-09,31.3,19.8,0.0,18.8,51,Bengaluru
2026-03-10,29.9,18.4,0.0,15.3,54,Bengaluru
2026-03-11,31.3,18.1,0.0,12.8,54,Bengaluru
2026-03-12,32.4,20.2,0.0,15.8,43,Bengaluru
2026-03-13,33.3,21.5,0.0,17.0,39,Bengaluru
2026-03-14,32.4,20.0,0.0,15.8,41,Bengaluru
2026-03-15,33.0,20.6,0.0,13.8,41,Bengaluru
2026-03-16,33.1,20.7,0.1,10.7,42,Bengaluru
2026-03-17,32.5,20.0,1.5,15.4,50,Bengaluru
2026-03-18,31.0,19.9,1.4,12.0,57,Bengaluru
2026-03-19,31.2,17.7,0.0,10.4,56,Bengaluru
2026-03-20,30.4,19.0,0.0,10.7,58,Bengaluru
2026-03-21,31.4,20.3,0.6,13.1,56,Bengaluru
2026-03-22,31.6,21.4,1.3,12.6,59,Bengaluru
2026-03-23,32.4,21.9,0.0,13.0,49,Bengaluru
2026-03-24,32.4,20.7,0.0,12.0,50,Bengaluru
2026-03-25,33.7,20.8,0.0,14.9,52,Bengaluru
2026-03-26,33.8,20.4,0.0,15.8,44,Bengaluru
2026-03-27,34.8,21.7,0.0,13.8,38,Bengaluru
2026-03-28,33.6,21.9,0.0,13.4,40,Bengaluru
2026-03-29,33.1,22.8,0.8,12.4,47,Bengaluru
2026-03-30,31.5,22.6,0.1,13.1,48,Bengaluru
2026-03-31,33.4,22.7,0.0,16.2,43,Bengaluru
2026-04-01,33.6,20.6,0.0,16.3,47,Bengaluru
2026-04-02,33.7,19.9,0.0,13.3,45,Bengaluru
2026-04-03,34.2,21.0,0.0,10.8,43,Bengaluru
2026-04-04,31.6,21.6,0.3,12.2,50,Bengaluru
2026-04-05,32.4,22.2,0.3,14.9,51,Bengaluru
2026-04-06,34.0,22.1,0.0,13.7,43,Bengaluru
2026-04-07,34.2,22.2,0.0,12.4,35,Bengaluru
2026-04-08,34.9,21.7,0.0,13.8,35,Bengaluru
2026-04-09,33.6,22.8,0.1,12.3,46,Bengaluru
2026-04-10,34.6,23.0,0.7,14.5,51,Bengaluru
2026-04-11,35.4,23.0,0.0,12.7,52,Bengaluru
2026-04-12,34.7,23.7,0.0,14.9,46,Bengaluru
2026-04-13,36.5,23.4,0.0,15.6,42,Bengaluru
2026-04-14,35.9,23.5,0.0,15.5,39,Bengaluru
2026-04-15,35.4,22.6,0.0,14.0,40,Bengaluru
2026-04-16,35.7,22.8,0.0,17.6,43,Bengaluru
2026-04-17,35.7,23.2,0.0,14.5,40,Bengaluru
2026-04-18,35.8,23.7,0.0,16.4,38,Bengaluru
2026-04-19,35.3,23.0,0.0,13.0,40,Bengaluru
2026-04-20,35.5,24.0,0.0,16.4,38,Bengaluru
2026-04-21,35.9,22.8,0.0,14.3,43,Bengaluru
2026-04-22,35.8,22.9,0.0,15.9,39,Bengaluru
2026-04-23,36.3,23.2,0.0,16.4,35,Bengaluru
2026-04-24,35.1,23.9,0.0,15.2,37,Bengaluru
2026-04-25,35.1,24.3,0.0,15.0,37,Bengaluru
2026-04-26,35.9,23.9,0.0,14.9,40,Bengaluru
2026-04-27,36.9,23.7,0.0,11.7,38,Bengaluru
2026-04-28,36.3,23.7,0.0,12.8,46,Bengaluru
2026-04-29,35.6,23.8,0.1,8.9,46,Bengaluru
2026-04-30,34.6,22.0,3.0,16.1,60,Bengaluru
2026-05-01,31.6,21.7,0.0,10.1,68,Bengaluru
2026-05-02,33.3,21.6,0.0,15.2,61,Bengaluru
2026-05-03,33.5,21.7,0.0,13.1,60,Bengaluru
2026-05-04,33.4,21.9,0.0,14.1,59,Bengaluru
2026-05-05,31.6,22.3,0.0,12.5,53,Bengaluru
2026-05-06,32.2,22.8,0.7,16.7,59,Bengaluru
2026-05-07,31.9,21.9,0.0,11.7,63,Bengaluru
2026-05-08,32.8,21.8,2.4,17.2,63,Bengaluru
2026-05-09,32.0,21.2,6.6,15.0,71,Bengaluru
2026-05-10,32.6,21.5,0.0,17.9,61,Bengaluru
2026-05-11,34.0,21.7,0.0,16.9,53,Bengaluru
2026-05-12,33.1,21.4,0.3,16.4,49,Bengaluru
2026-05-13,33.7,22.8,0.5,12.9,47,Bengaluru
2026-05-14,33.7,23.7,0.1,14.3,47,Bengaluru
2026-05-15,31.1,22.5,0.4,14.1,55,Bengaluru
2026-05-16,33.2,23.6,4.0,13.2,60,Bengaluru
2026-05-17,34.1,22.6,0.0,13.9,56,Bengaluru
2026-05-18,33.2,22.5,31.0,14.9,78,Bengaluru
2026-05-19,29.0,21.4,2.9,15.4,82,Bengaluru
2026-05-20,30.0,21.9,5.7,14.7,77,Bengaluru
2026-05-21,32.0,22.2,0.2,13.2,72,Bengaluru
2026-05-22,30.2,21.9,1.1,13.7,75,Bengaluru
2026-05-23,27.0,21.7,6.9,12.0,84,Bengaluru
2026-05-24,29.9,21.3,3.9,14.9,77,Bengaluru
2026-05-25,31.0,20.6,6.2,15.2,77,Bengaluru
2026-05-26,30.9,21.4,6.7,10.2,78,Bengaluru
2026-05-27,28.5,21.1,7.3,11.7,76,Bengaluru
2026-05-28,30.6,21.5,0.5,10.7,75,Bengaluru
2026-05-29,31.4,21.2,1.1,14.0,75,Bengaluru
2026-05-30,31.3,20.7,0.7,10.9,76,Bengaluru
2026-05-31,30.5,20.9,3.7,13.2,74,Bengaluru
2026-06-01,29.4,20.8,0.5,10.8,69,Bengaluru
2026-06-02,30.9,22.1,3.6,9.8,67,Bengaluru
2026-06-03,28.1,21.4,10.2,13.3,84,Bengaluru
2026-06-04,28.9,20.3,1.2,16.0,75,Bengaluru
2026-06-05,27.2,20.9,2.7,22.0,78,Bengaluru
2026-06-06,28.8,20.5,0.4,19.5,76,Bengaluru
2026-06-07,28.9,20.9,3.7,15.2,79,Bengaluru
2026-06-08,28.7,21.1,3.7,21.2,77,Bengaluru
2026-06-09,27.2,21.3,1.1,21.3,77,Bengaluru
2026-06-10,30.0,20.7,2.6,20.4,74,Bengaluru
2026-06-11,29.1,20.5,0.6,14.1,77,Bengaluru
2026-06-12,27.7,20.5,4.1,13.2,82,Bengaluru
2026-06-13,29.1,19.7,15.0,14.5,83,Bengaluru
2026-06-14,28.1,21.1,4.9,15.6,80,Bengaluru
2026-06-15,29.8,20.3,0.0,16.5,67,Bengaluru
2026-06-16,30.3,20.8,0.4,13.4,67,Bengaluru
2026-06-17,30.4,21.7,1.7,12.7,69,Bengaluru
2026-06-18,27.7,21.6,6.0,13.4,79,Bengaluru
2026-06-19,28.4,21.3,3.4,10.4,76,Bengaluru
2026-06-20,27.9,21.1,2.5,11.3,79,Bengaluru
2026-06-21,28.6,20.5,1.8,12.3,77,Bengaluru
2026-06-22,29.4,20.9,2.1,14.7,79,Bengaluru
2026-06-23,28.4,20.6,0.7,20.9,72,Bengaluru
2026-06-24,29.6,20.5,1.6,22.2,70,Bengaluru
2026-06-25,30.1,20.4,3.9,20.2,74,Bengaluru
2026-06-26,29.1,20.2,3.9,16.9,73,Bengaluru
2026-06-27,29.8,20.6,5.3,15.1,73,Bengaluru
2026-06-28,28.9,20.7,3.2,19.9,80,Bengaluru
2026-06-29,28.1,20.2,8.4,20.0,82,Bengaluru
2026-06-30,29.2,20.1,1.4,23.4,75,Bengaluru
2026-07-01,25.8,20.5,1.1,23.5,78,Bengaluru
2026-07-02,28.9,20.8,1.2,24.1,75,Bengaluru
2026-07-03,27.7,21.2,2.9,25.9,75,Bengaluru
2026-07-04,27.6,20.7,3.9,27.9,77,Bengaluru
2026-07-05,28.6,21.1,1.2,29.9,70,Bengaluru
2026-07-06,29.1,20.7,1.1,29.7,69,Bengaluru
2026-07-07,28.6,21.1,0.9,28.8,72,Bengaluru
2026-07-08,28.6,21.1,2.3,25.5,75,Bengaluru
2026-07-09,29.6,21.2,0.8,19.8,74,Bengaluru
2026-07-10,29.9,21.4,3.3,17.2,75,Bengaluru
2026-07-11,30.8,20.4,0.0,17.7,67,Bengaluru
2026-07-12,31.8,20.6,0.0,17.4,68,Bengaluru
2026-07-13,31.8,20.2,0.0,18.2,63,Bengaluru
2026-07-14,32.1,19.9,0.0,15.3,60,Bengaluru
2026-07-15,31.3,19.8,0.0,16.0,61,Bengaluru
2026-07-16,30.8,19.9,0.0,14.8,61,Bengaluru
2026-07-17,27.5,20.9,9.8,20.5,81,Bengaluru
2026-07-18,26.6,20.3,6.0,17.5,80,Bengaluru
2026-07-19,28.4,20.7,1.0,15.3,76,Bengaluru
2026-07-20,28.5,20.6,8.3,19.5,82,Bengaluru
2026-07-21,28.9,20.3,0.7,19.2,73,Bengaluru
2026-07-22,26.6,20.1,8.9,18.8,84,Bengaluru
2026-07-23,29.2,19.6,1.3,19.8,74,Bengaluru
2026-07-24,29.5,19.8,8.2,21.1,74,Bengaluru
2026-07-25,28.9,20.0,2.9,18.2,77,Bengaluru
2026-07-26,27.3,20.3,3.1,19.6,77,Bengaluru
2026-07-27,28.4,20.7,1.1,23.0,72,Bengaluru
2026-07-28,29.7,21.2,1.9,22.7,73,Bengaluru
2026-07-29,29.3,21.6,3.3,24.7,74,Bengaluru
2026-07-30,28.3,21.0,3.1,25.0,76,Bengaluru
2026-07-31,28.9,21.5,2.6,24.6,75,Bengaluru
2026-08-01,27.3,21.2,17.0,19.4,82,Bengaluru
2026-08-02,28.9,21.2,1.1,18.2,75,Bengaluru
2026-08-03,26.1,21.1,8.9,17.0,81,Bengaluru
2026-08-04,28.0,20.5,18.5,16.6,85,Bengaluru
2026-08-05,27.2,20.3,9.5,20.2,84,Bengaluru
2026-08-06,27.3,20.2,16.5,21.1,85,Bengaluru
2026-08-07,27.5,20.6,16.8,18.9,88,Bengaluru
2026-08-08,26.6,20.4,4.1,18.5,82,Bengaluru
2026-08-09,28.3,20.5,2.0,16.4,78,Bengaluru
2026-08-10,28.8,20.0,5.6,15.3,80,Bengaluru
2025-08-01,35.1,26.7,0.3,14.3,67,Chennai
2025-08-02,35.8,25.8,0.3,17.0,67,Chennai
2025-08-03,34.8,26.2,3.8,14.7,72,Chennai
2025-08-04,33.4,25.6,21.3,12.4,78,Chennai
2025-08-05,32.9,25.5,4.0,12.9,79,Chennai
2025-08-06,33.7,25.4,2.1,11.3,77,Chennai
2025-08-07,33.0,25.3,8.7,13.5,80,Chennai
2025-08-08,31.4,24.6,23.1,13.8,85,Chennai
2025-08-09,31.0,24.1,8.0,12.8,83,Chennai
2025-08-10,33.5,24.8,9.6,13.1,79,Chennai
2025-08-11,33.1,24.8,10.0,14.1,75,Chennai
2025-08-12,30.2,24.1,31.6,14.0,80,Chennai
2025-08-13,29.1,24.7,2.0,15.4,79,Chennai
2025-08-14,32.8,25.3,3.5,15.4,75,Chennai
2025-08-15,32.7,26.1,2.2,16.5,71,Chennai
2025-08-16,30.6,25.7,3.2,14.0,79,Chennai
2025-08-17,29.6,25.3,12.1,15.4,84,Chennai
2025-08-18,30.3,25.2,3.0,16.3,80,Chennai
2025-08-19,31.1,25.1,0.5,15.2,70,Chennai
2025-08-20,33.8,25.4,0.0,16.3,68,Chennai
2025-08-21,33.8,26.0,0.1,12.4,68,Chennai
2025-08-22,33.9,25.2,6.4,16.7,75,Chennai
2025-08-23,30.3,24.4,25.8,21.5,85,Chennai
2025-08-24,34.0,25.5,0.2,11.6,75,Chennai
2025-08-25,34.5,26.4,0.0,12.2,71,Chennai
2025-08-26,34.2,25.9,0.0,14.8,64,Chennai
2025-08-27,33.8,25.6,23.0,15.9,69,Chennai
2025-08-28,34.5,25.9,13.4,14.7,72,Chennai
2025-08-29,34.9,26.5,0.9,15.8,68,Chennai
2025-08-30,36.8,26.5,22.2,14.5,65,Chennai
2025-08-31,34.6,25.7,11.2,15.9,76,Chennai
2025-09-01,31.4,25.0,4.2,15.1,79,Chennai
2025-09-02,36.0,25.7,10.4,17.0,64,Chennai
2025-09-03,35.8,26.0,12.9,21.3,72,Chennai
2025-09-04,35.9,24.5,3.0,20.1,64,Chennai
2025-09-05,36.8,27.0,0.7,16.4,64,Chennai
2025-09-06,34.4,26.4,0.5,11.9,71,Chennai
2025-09-07,35.4,27.4,1.7,12.7,66,Chennai
2025-09-08,35.1,26.1,2.5,14.0,68,Chennai
2025-09-09,35.2,26.0,1.6,11.6,69,Chennai
2025-09-10,36.2,26.6,4.0,13.5,69,Chennai
2025-09-11,33.2,25.5,8.6,16.9,74,Chennai
2025-09-12,34.3,26.8,0.6,11.5,73,Chennai
2025-09-13,32.9,26.4,0.7,16.1,77,Chennai
2025-09-14,31.7,23.8,31.6,12.1,83,Chennai
2025-09-15,33.9,26.1,5.1,13.5,77,Chennai
2025-09-16,32.2,24.8,17.3,12.7,84,Chennai
2025-09-17,31.3,24.7,15.9,12.3,84,Chennai
2025-09-18,32.4,25.4,6.2,12.8,82,Chennai
2025-09-19,30.4,25.2,3.0,14.3,81,Chennai
2025-09-20,31.1,24.7,5.5,15.5,81,Chennai
2025-09-21,31.2,25.6,0.7,10.8,81,Chennai
2025-09-22,32.4,25.4,3.4,13.9,80,Chennai
2025-09-23,32.0,24.9,5.4,16.9,78,Chennai
2025-09-24,32.8,25.8,3.5,19.3,67,Chennai
2025-09-25,33.8,25.8,0.2,16.7,70,Chennai
2025-09-26,33.3,25.4,0.1,19.2,72,Chennai
2025-09-27,33.8,25.6,12.0,20.8,68,Chennai
2025-09-28,33.7,24.7,23.6,14.7,70,Chennai
2025-09-29,33.3,24.9,4.2,14.9,74,Chennai
2025-09-30,31.0,26.1,0.0,14.2,71,Chennai
2025-10-01,31.9,25.8,0.3,13.4,72,Chennai
2025-10-02,32.8,25.8,0.2,13.6,73,Chennai
2025-10-03,33.1,25.7,0.6,14.2,79,Chennai
2025-10-04,31.6,24.4,7.1,21.0,77,Chennai
2025-10-05,33.0,25.3,12.4,12.9,77,Chennai
2025-10-06,32.7,24.8,10.7,12.2,81,Chennai
2025-10-07,31.4,25.8,7.8,8.6,85,Chennai
2025-10-08,31.7,26.0,1.4,12.1,81,Chennai
2025-10-09,31.6,24.1,10.3,10.4,81,Chennai
2025-10-10,30.4,25.1,0.4,11.5,83,Chennai
2025-10-11,31.2,25.5,2.6,14.4,81,Chennai
2025-10-12,30.7,25.4,1.8,11.2,82,Chennai
2025-10-13,31.8,25.5,10.2,12.9,81,Chennai
2025-10-14,30.9,25.2,9.9,12.7,81,Chennai
2025-10-15,28.2,24.6,35.3,18.0,88,Chennai
2025-10-16,29.2,24.3,20.7,14.7,89,Chennai
2025-10-17,28.3,24.9,13.7,13.5,89,Chennai
2025-10-18,27.4,24.7,27.5,8.4,91,Chennai
2025-10-19,28.7,24.3,7.8,9.2,87,Chennai
2025-10-20,28.2,24.0,23.2,13.9,88,Chennai
2025-10-21,26.6,24.5,28.9,18.0,90,Chennai
2025-10-22,29.0,25.2,38.5,21.5,86,Chennai
2025-10-23,29.8,24.4,17.1,11.2,89,Chennai
2025-10-24,27.2,24.7,6.2,9.7,91,Chennai
2025-10-25,28.2,24.3,18.4,11.3,90,Chennai
2025-10-26,29.9,25.2,0.9,10.6,88,Chennai
2025-10-27,26.4,22.9,44.9,26.7,92,Chennai
2025-10-28,25.9,22.7,51.4,30.7,89,Chennai
2025-10-29,32.4,24.5,0.0,17.9,78,Chennai
2025-10-30,32.8,25.2,0.1,12.1,80,Chennai
2025-10-31,33.2,25.4,0.0,12.1,80,Chennai
2025-11-01,31.9,25.7,0.6,11.6,85,Chennai
2025-11-02,32.0,25.2,5.0,12.4,83,Chennai
2025-11-03,32.5,25.4,8.0,20.7,82,Chennai
2025-11-04,31.9,24.2,18.5,12.1,80,Chennai
2025-11-05,31.2,24.2,3.1,12.2,83,Chennai
2025-11-06,29.9,24.5,0.9,8.5,81,Chennai
2025-11-07,31.0,25.6,4.5,11.3,77,Chennai
2025-11-08,31.9,24.6,0.9,16.1,69,Chennai
2025-11-09,30.8,24.4,0.4,16.3,69,Chennai
2025-11-10,30.5,25.4,1.1,15.4,72,Chennai
2025-11-11,31.4,25.9,1.3,15.6,74,Chennai
2025-11-12,30.8,26.9,0.2,17.4,70,Chennai
2025-11-13,29.5,24.8,0.7,17.3,73,Chennai
2025-11-14,30.0,26.0,0.0,21.1,56,Chennai
2025-11-15,30.7,23.6,0.2,19.7,67,Chennai
2025-11-16,28.6,25.1,0.7,24.2,73,Chennai
2025-11-17,26.8,23.8,27.5,23.4,87,Chennai
2025-11-18,27.6,23.2,11.5,16.4,87,Chennai
2025-11-19,29.0,23.3,0.7,20.4,79,Chennai
2025-11-20,28.2,24.0,0.3,19.5,76,Chennai
2025-11-21,28.8,24.6,6.8,15.8,87,Chennai
2025-11-22,29.1,24.0,11.5,20.4,87,Chennai
2025-11-23,28.7,23.5,11.8,16.2,88,Chennai
2025-11-24,28.3,23.8,4.4,18.4,82,Chennai
2025-11-25,28.2,25.1,0.8,20.0,74,Chennai
2025-11-26,28.2,24.6,0.5,19.1,73,Chennai
2025-11-27,28.2,25.2,0.0,24.3,67,Chennai
2025-11-28,28.2,25.0,0.6,23.2,66,Chennai
2025-11-29,27.8,23.9,22.3,28.7,79,Chennai
2025-11-30,25.9,23.9,73.1,29.4,89,Chennai
2025-12-01,25.4,23.7,90.0,36.4,94,Chennai
2025-12-02,25.1,23.1,142.3,27.9,95,Chennai
2025-12-03,26.3,23.0,72.7,19.6,93,Chennai
2025-12-04,27.5,23.3,17.5,14.4,91,Chennai
2025-12-05,28.5,24.6,1.0,22.4,78,Chennai
2025-12-06,28.6,24.8,1.0,18.7,76,Chennai
2025-12-07,27.5,24.6,1.3,20.8,77,Chennai
2025-12-08,27.3,23.4,0.2,19.3,76,Chennai
2025-12-09,28.2,23.9,0.5,20.2,77,Chennai
2025-12-10,27.3,23.5,0.0,20.6,74,Chennai
2025-12-11,28.1,24.5,0.0,20.8,70,Chennai
2025-12-12,27.3,23.6,0.0,19.5,69,Chennai
2025-12-13,27.6,20.8,0.0,15.9,70,Chennai
2025-12-14,28.1,23.6,0.0,16.5,61,Chennai
2025-12-15,28.4,23.0,0.0,18.5,64,Chennai
2025-12-16,27.3,24.7,4.3,19.3,79,Chennai
2025-12-17,28.3,23.9,1.9,21.0,80,Chennai
2025-12-18,28.0,22.7,0.4,17.3,71,Chennai
2025-12-19,28.7,22.5,0.0,12.9,64,Chennai
2025-12-20,29.0,20.9,0.1,12.0,64,Chennai
2025-12-21,29.1,22.2,0.2,15.2,65,Chennai
2025-12-22,29.1,23.5,0.0,16.8,59,Chennai
2025-12-23,28.7,21.3,0.0,15.6,65,Chennai
2025-12-24,28.8,22.7,0.1,14.1,65,Chennai
2025-12-25,27.5,21.7,0.7,16.4,74,Chennai
2025-12-26,28.2,24.1,0.0,18.9,66,Chennai
2025-12-27,28.9,22.7,0.1,18.1,62,Chennai
2025-12-28,28.5,22.0,0.0,16.7,64,Chennai
2025-12-29,28.0,23.6,0.0,16.8,65,Chennai
2025-12-30,28.8,21.6,0.0,15.4,71,Chennai
2025-12-31,29.0,24.1,3.0,14.1,79,Chennai
2026-01-01,26.4,23.2,13.4,12.1,87,Chennai
2026-01-02,27.8,23.9,0.1,16.0,81,Chennai
2026-01-03,28.1,24.0,0.0,16.3,74,Chennai
2026-01-04,28.0,23.2,0.1,20.0,67,Chennai
2026-01-05,28.1,24.0,0.0,22.3,64,Chennai
2026-01-06,27.9,24.1,0.0,22.3,64,Chennai
2026-01-07,27.5,24.3,0.0,23.1,60,Chennai
2026-01-08,27.9,24.1,0.0,21.8,62,Chennai
2026-01-09,26.2,22.4,2.7,28.3,68,Chennai
2026-01-10,26.0,22.9,8.0,24.1,74,Chennai
2026-01-11,24.7,22.0,15.5,24.7,85,Chennai
2026-01-12,26.5,22.8,2.7,18.7,82,Chennai
2026-01-13,27.7,23.7,0.0,15.4,76,Chennai
2026-01-14,27.8,22.0,0.0,9.9,81,Chennai
2026-01-15,27.9,21.2,0.3,11.3,84,Chennai
2026-01-16,27.6,21.8,0.2,11.0,80,Chennai
2026-01-17,28.0,21.1,0.0,12.2,76,Chennai
2026-01-18,28.4,19.2,0.0,9.6,71,Chennai
2026-01-19,28.2,20.4,0.0,10.7,72,Chennai
2026-01-20,28.0,19.9,0.0,13.2,73,Chennai
2026-01-21,28.0,21.8,0.1,15.9,66,Chennai
2026-01-22,28.6,23.2,0.0,17.7,59,Chennai
2026-01-23,27.5,22.5,3.1,20.7,73,Chennai
2026-01-24,26.6,23.7,26.4,25.0,82,Chennai
2026-01-25,25.0,22.9,25.9,15.4,89,Chennai
2026-01-26,27.2,22.7,5.5,13.0,87,Chennai
2026-01-27,27.0,23.4,0.0,13.9,79,Chennai
2026-01-28,27.0,21.5,0.0,11.5,80,Chennai
2026-01-29,26.9,22.7,0.0,13.5,76,Chennai
2026-01-30,27.1,22.7,0.0,15.4,73,Chennai
2026-01-31,28.5,22.4,0.0,15.8,66,Chennai
2026-02-01,28.6,24.0,0.0,18.4,66,Chennai
2026-02-02,27.9,23.9,0.0,17.5,68,Chennai
2026-02-03,28.4,22.8,0.0,15.9,66,Chennai
2026-02-04,29.0,23.9,0.0,17.9,67,Chennai
2026-02-05,29.3,23.4,0.0,18.1,67,Chennai
2026-02-06,28.9,23.1,0.2,18.1,70,Chennai
2026-02-07,29.6,21.3,0.0,13.2,75,Chennai
2026-02-08,29.6,21.4,0.0,13.5,77,Chennai
2026-02-09,29.0,21.4,0.0,12.4,73,Chennai
2026-02-10,28.6,22.1,0.0,15.1,70,Chennai
2026-02-11,28.0,22.8,0.1,18.0,60,Chennai
2026-02-12,28.4,23.9,0.0,19.1,64,Chennai
2026-02-13,29.0,22.5,0.1,16.8,73,Chennai
2026-02-14,29.4,23.3,0.0,14.1,73,Chennai
2026-02-15,29.9,22.2,0.0,13.2,79,Chennai
2026-02-16,29.6,21.8,0.0,12.5,76,Chennai
2026-02-17,28.4,23.0,0.0,15.6,69,Chennai
2026-02-18,28.3,23.3,0.0,14.0,70,Chennai
2026-02-19,29.7,23.8,0.0,15.5,71,Chennai
2026-02-20,30.2,24.3,0.0,16.6,74,Chennai
2026-02-21,29.4,24.5,2.4,19.1,78,Chennai
2026-02-22,30.2,24.6,1.4,19.6,77,Chennai
2026-02-23,30.8,24.2,0.0,14.3,76,Chennai
2026-02-24,30.8,24.6,0.0,16.3,77,Chennai
2026-02-25,31.2,23.7,1.2,12.4,78,Chennai
2026-02-26,32.3,23.1,0.0,13.3,76,Chennai
2026-02-27,32.3,24.0,0.0,15.5,72,Chennai
2026-02-28,32.5,23.6,0.0,16.3,73,Chennai
2026-03-01,32.8,24.2,0.0,16.4,73,Chennai
2026-03-02,32.4,23.1,0.0,12.4,71,Chennai
2026-03-03,31.8,22.9,0.0,13.4,74,Chennai
2026-03-04,32.1,23.2,0.0,13.1,73,Chennai
2026-03-05,35.0,23.7,0.0,13.7,69,Chennai
2026-03-06,35.4,23.5,0.0,17.8,70,Chennai
2026-03-07,33.2,23.9,0.0,19.8,77,Chennai
2026-03-08,32.6,24.2,0.0,19.7,75,Chennai
2026-03-09,30.3,24.9,0.4,15.2,72,Chennai
2026-03-10,30.1,24.2,0.1,15.2,70,Chennai
2026-03-11,31.8,23.9,0.0,13.8,73,Chennai
2026-03-12,32.2,24.7,0.0,14.8,75,Chennai
2026-03-13,31.7,25.4,0.0,18.1,76,Chennai
2026-03-14,32.9,25.1,0.0,18.0,72,Chennai
2026-03-15,32.2,25.1,0.0,16.7,73,Chennai
2026-03-16,31.6,24.9,0.4,16.6,70,Chennai
2026-03-17,32.2,26.0,0.0,15.4,65,Chennai
2026-03-18,31.6,24.9,0.6,14.5,68,Chennai
2026-03-19,30.9,24.9,2.5,13.8,72,Chennai
2026-03-20,32.0,24.6,0.0,12.5,71,Chennai
2026-03-21,31.8,24.9,0.7,16.0,79,Chennai
2026-03-22,32.6,25.6,0.3,15.3,75,Chennai
2026-03-23,32.1,25.3,0.0,15.6,74,Chennai
2026-03-24,32.1,26.2,0.5,15.3,71,Chennai
2026-03-25,32.8,24.7,0.0,16.3,72,Chennai
2026-03-26,32.2,25.0,0.0,13.5,71,Chennai
2026-03-27,32.9,24.2,0.0,14.6,71,Chennai
2026-03-28,35.2,24.9,0.0,15.9,73,Chennai
2026-03-29,34.0,26.2,0.0,18.8,76,Chennai
2026-03-30,33.3,26.6,0.0,19.9,73,Chennai
2026-03-31,32.5,26.5,0.0,15.2,71,Chennai
2026-04-01,32.8,25.9,0.0,14.6,67,Chennai
2026-04-02,33.3,25.9,0.0,14.5,67,Chennai
2026-04-03,33.2,25.5,0.0,18.3,70,Chennai
2026-04-04,35.1,26.9,1.6,19.8,72,Chennai
2026-04-05,36.5,28.0,1.1,15.8,74,Chennai
2026-04-06,33.3,26.8,1.9,13.6,80,Chennai
2026-04-07,34.5,27.6,0.6,16.9,80,Chennai
2026-04-08,34.1,27.5,0.1,18.1,79,Chennai
2026-04-09,34.3,27.5,1.1,17.1,77,Chennai
2026-04-10,34.1,27.7,0.1,19.7,76,Chennai
2026-04-11,35.2,27.3,0.0,16.2,74,Chennai
2026-04-12,34.4,27.3,0.0,18.7,72,Chennai
2026-04-13,34.9,26.3,0.0,17.8,72,Chennai
2026-04-14,35.1,26.3,0.0,19.1,72,Chennai
2026-04-15,35.9,27.9,0.0,20.6,71,Chennai
2026-04-16,34.9,27.7,0.0,20.0,74,Chennai
2026-04-17,35.0,27.9,0.0,19.6,74,Chennai
2026-04-18,34.9,28.1,0.0,19.4,71,Chennai
2026-04-19,35.4,26.9,0.0,21.4,70,Chennai
2026-04-20,35.1,28.1,0.2,20.8,72,Chennai
2026-04-21,36.5,27.8,0.0,18.7,69,Chennai
2026-04-22,34.7,27.4,0.0,17.5,71,Chennai
2026-04-23,34.8,27.4,0.0,18.5,69,Chennai
2026-04-24,35.0,28.0,0.0,20.4,70,Chennai
2026-04-25,35.1,28.3,0.0,19.8,71,Chennai
2026-04-26,34.7,27.6,0.0,19.6,73,Chennai
2026-04-27,36.0,27.7,0.0,22.4,72,Chennai
2026-04-28,36.7,28.6,0.0,21.4,69,Chennai
2026-04-29,36.3,28.7,0.0,22.3,71,Chennai
2026-04-30,38.2,29.6,0.0,21.8,68,Chennai
2026-05-01,36.7,29.4,0.0,20.0,67,Chennai
2026-05-02,37.0,29.6,0.0,22.4,68,Chennai
2026-05-03,38.5,29.2,0.1,20.5,61,Chennai
2026-05-04,37.5,27.1,7.0,17.2,74,Chennai
2026-05-05,34.4,27.9,0.3,13.8,69,Chennai
2026-05-06,31.5,28.8,2.7,14.8,74,Chennai
2026-05-07,33.9,28.1,0.0,14.1,66,Chennai
2026-05-08,30.9,26.1,2.6,17.3,73,Chennai
2026-05-09,30.6,26.2,8.3,11.4,79,Chennai
2026-05-10,32.0,26.4,0.8,15.0,74,Chennai
2026-05-11,32.5,27.2,0.3,14.2,71,Chennai
2026-05-12,33.5,27.5,0.3,16.6,70,Chennai
2026-05-13,35.1,28.0,0.0,18.0,69,Chennai
2026-05-14,34.0,28.3,0.6,16.1,72,Chennai
2026-05-15,33.0,27.1,6.0,15.6,81,Chennai
2026-05-16,33.9,26.8,2.9,12.9,78,Chennai
2026-05-17,35.4,27.8,5.1,17.6,72,Chennai
2026-05-18,35.2,28.0,1.2,18.0,72,Chennai
2026-05-19,37.3,28.9,0.2,13.0,64,Chennai
2026-05-20,40.2,29.8,0.0,17.0,55,Chennai
2026-05-21,39.6,31.4,0.0,16.3,59,Chennai
2026-05-22,38.0,30.3,0.0,17.7,59,Chennai
2026-05-23,35.8,31.3,0.0,18.3,59,Chennai
2026-05-24,39.0,30.2,2.4,23.8,56,Chennai
2026-05-25,39.0,29.3,0.7,17.3,54,Chennai
2026-05-26,39.5,29.9,0.7,16.0,56,Chennai
2026-05-27,37.8,29.5,0.0,16.5,55,Chennai
2026-05-28,39.9,29.7,0.0,17.0,63,Chennai
2026-05-29,38.6,29.9,0.0,16.6,62,Chennai
2026-05-30,36.6,29.2,0.7,21.0,59,Chennai
2026-05-31,38.7,29.1,0.9,13.7,62,Chennai
2026-06-01,38.9,29.4,1.0,17.1,59,Chennai
2026-06-02,38.2,29.1,3.4,17.4,66,Chennai
2026-06-03,38.5,29.3,1.5,14.9,61,Chennai
2026-06-04,38.5,30.6,2.9,17.6,56,Chennai
2026-06-05,40.2,30.7,1.0,19.7,50,Chennai
2026-06-06,39.1,30.6,0.0,17.2,48,Chennai
2026-06-07,38.9,31.1,4.9,16.4,52,Chennai
2026-06-08,37.9,29.8,0.3,17.8,54,Chennai
2026-06-09,39.6,29.7,1.9,21.6,50,Chennai
2026-06-10,38.5,28.7,0.9,21.2,50,Chennai
2026-06-11,32.8,28.3,4.0,16.2,65,Chennai
2026-06-12,33.5,28.1,3.3,15.4,70,Chennai
2026-06-13,36.1,27.7,1.4,14.9,68,Chennai
2026-06-14,35.6,28.3,0.4,17.1,62,Chennai
2026-06-15,37.2,28.0,1.7,13.8,60,Chennai
2026-06-16,37.7,29.2,1.0,14.2,59,Chennai
2026-06-17,37.4,29.7,0.1,15.9,65,Chennai
2026-06-18,36.4,26.9,4.6,18.0,70,Chennai
2026-06-19,34.9,26.9,5.8,13.6,74,Chennai
2026-06-20,32.9,26.5,4.0,14.8,75,Chennai
2026-06-21,33.7,27.7,3.8,13.6,77,Chennai
2026-06-22,34.2,26.9,1.7,15.3,75,Chennai
2026-06-23,35.6,27.5,1.7,15.0,71,Chennai
2026-06-24,34.6,27.6,0.9,15.0,64,Chennai
2026-06-25,37.1,28.8,2.6,15.3,59,Chennai
2026-06-26,35.6,28.6,0.0,16.1,64,Chennai
2026-06-27,37.6,26.6,6.6,17.3,64,Chennai
2026-06-28,34.6,25.4,24.5,15.7,80,Chennai
2026-06-29,34.7,27.0,1.7,16.6,75,Chennai
2026-06-30,36.3,28.0,2.9,15.7,64,Chennai
2026-07-01,35.5,28.7,0.3,21.7,53,Chennai
2026-07-02,35.4,29.6,0.1,18.6,49,Chennai
2026-07-03,36.1,28.9,1.0,23.0,55,Chennai
2026-07-04,32.5,26.1,5.8,18.2,61,Chennai
2026-07-05,38.4,30.1,0.0,21.3,41,Chennai
2026-07-06,39.2,29.4,0.0,26.3,40,Chennai
2026-07-07,39.0,30.2,0.5,23.5,45,Chennai
2026-07-08,38.6,30.5,0.2,21.2,49,Chennai
2026-07-09,37.8,28.1,5.2,16.6,60,Chennai
2026-07-10,33.9,27.3,2.9,17.6,73,Chennai
2026-07-11,37.3,27.2,0.5,13.0,64,Chennai
2026-07-12,37.1,29.4,0.0,14.3,62,Chennai
2026-07-13,38.7,29.6,0.0,16.8,55,Chennai
2026-07-14,37.4,30.1,0.0,13.7,55,Chennai
2026-07-15,38.2,29.1,0.0,14.3,60,Chennai
2026-07-16,38.2,29.0,0.1,17.6,56,Chennai
2026-07-17,37.3,27.3,4.0,17.3,60,Chennai
2026-07-18,32.4,25.9,2.3,13.1,76,Chennai
2026-07-19,33.4,24.8,4.9,19.1,76,Chennai
2026-07-20,33.0,25.5,10.7,16.2,77,Chennai
2026-07-21,34.2,27.3,0.6,14.5,73,Chennai
2026-07-22,35.5,26.2,10.0,16.3,70,Chennai
2026-07-23,33.9,27.6,1.0,17.0,75,Chennai
2026-07-24,34.4,24.5,7.5,14.7,76,Chennai
2026-07-25,35.6,26.0,4.4,15.2,72,Chennai
2026-07-26,36.4,28.3,1.4,17.5,63,Chennai
2026-07-27,37.6,30.1,1.6,16.8,56,Chennai
2026-07-28,37.0,29.1,0.1,19.2,58,Chennai
2026-07-29,36.9,29.4,1.5,23.1,55,Chennai
2026-07-30,37.2,29.4,1.1,21.9,54,Chennai
2026-07-31,36.6,28.2,0.8,20.1,64,Chennai
2026-08-01,35.5,26.4,8.2,20.7,71,Chennai
2026-08-02,34.6,26.0,6.2,18.6,74,Chennai
2026-08-03,33.7,26.5,5.4,11.3,74,Chennai
2026-08-04,34.2,26.3,6.2,19.7,69,Chennai
2026-08-05,34.8,25.2,6.7,14.3,75,Chennai
2026-08-06,33.3,26.1,4.3,14.3,73,Chennai
2026-08-07,32.9,25.6,5.6,15.0,77,Chennai
2026-08-08,34.6,27.1,4.1,16.6,70,Chennai
2026-08-09,34.1,26.5,6.2,16.2,72,Chennai
2026-08-10,35.3,27.3,2.2,17.3,70,Chennai
2025-08-01,32.0,25.7,11.9,11.8,88,Kolkata
2025-08-02,32.2,26.3,20.9,11.4,88,Kolkata
2025-08-03,32.4,26.9,8.2,16.1,87,Kolkata
2025-08-04,31.8,26.1,16.9,11.7,87,Kolkata
2025-08-05,32.4,26.3,17.7,19.9,89,Kolkata
2025-08-06,30.1,25.1,17.7,8.8,90,Kolkata
2025-08-07,31.8,25.5,14.3,14.1,90,Kolkata
2025-08-08,30.8,24.6,3.4,11.7,87,Kolkata
2025-08-09,31.8,25.1,6.9,14.7,85,Kolkata
2025-08-10,32.9,26.7,0.3,13.8,79,Kolkata
2025-08-11,32.7,27.0,7.2,10.6,84,Kolkata
2025-08-12,33.6,27.3,6.2,10.5,83,Kolkata
2025-08-13,31.3,27.0,15.4,12.1,87,Kolkata
2025-08-14,30.5,25.6,17.5,12.3,87,Kolkata
2025-08-15,31.6,25.2,7.9,12.3,86,Kolkata
2025-08-16,32.2,26.4,3.4,10.5,85,Kolkata
2025-08-17,32.1,26.9,10.5,13.3,83,Kolkata
2025-08-18,31.7,26.3,10.5,18.0,84,Kolkata
2025-08-19,30.1,25.7,10.0,17.9,86,Kolkata
2025-08-20,30.1,25.6,2.1,17.6,86,Kolkata
2025-08-21,29.2,24.9,35.7,13.6,93,Kolkata
2025-08-22,30.0,24.7,30.9,13.4,91,Kolkata
2025-08-23,28.5,24.7,12.0,13.9,90,Kolkata
2025-08-24,30.6,25.0,6.4,17.2,86,Kolkata
2025-08-25,31.8,24.9,4.1,8.2,86,Kolkata
2025-08-26,32.0,26.1,2.2,10.9,83,Kolkata
2025-08-27,31.8,26.0,5.7,14.3,84,Kolkata
2025-08-28,31.1,25.8,5.6,15.3,85,Kolkata
2025-08-29,30.2,25.8,15.3,12.9,88,Kolkata
2025-08-30,30.3,25.7,9.2,11.0,89,Kolkata
2025-08-31,32.3,25.8,3.8,6.8,86,Kolkata
2025-09-01,33.8,25.8,12.0,12.7,82,Kolkata
2025-09-02,30.3,25.7,25.7,15.7,87,Kolkata
2025-09-03,29.2,25.6,22.9,21.2,88,Kolkata
2025-09-04,30.5,25.6,9.2,14.0,88,Kolkata
2025-09-05,32.4,25.4,8.9,10.9,86,Kolkata
2025-09-06,32.6,26.1,8.1,8.6,84,Kolkata
2025-09-07,33.1,26.3,0.7,10.1,80,Kolkata
2025-09-08,32.9,26.1,0.5,7.2,80,Kolkata
2025-09-09,33.7,26.3,0.3,9.9,78,Kolkata
2025-09-10,34.7,26.8,0.0,10.4,76,Kolkata
2025-09-11,34.5,27.1,10.2,12.4,81,Kolkata
2025-09-12,33.0,25.6,16.5,14.2,85,Kolkata
2025-09-13,30.6,26.6,9.0,10.5,86,Kolkata
2025-09-14,31.7,26.5,6.2,13.6,88,Kolkata
2025-09-15,29.3,24.6,23.2,11.1,91,Kolkata
2025-09-16,30.1,24.3,10.2,12.9,89,Kolkata
2025-09-17,31.0,25.5,17.3,14.1,86,Kolkata
2025-09-18,32.4,26.7,4.3,9.6,84,Kolkata
2025-09-19,31.0,26.6,7.0,6.1,89,Kolkata
2025-09-20,32.5,26.7,10.6,5.1,88,Kolkata
2025-09-21,32.5,25.9,10.7,8.0,88,Kolkata
2025-09-22,29.9,25.9,11.1,6.3,89,Kolkata
2025-09-23,30.3,24.9,24.8,12.0,89,Kolkata
2025-09-24,31.2,25.4,18.1,12.2,88,Kolkata
2025-09-25,33.5,25.8,17.3,7.2,84,Kolkata
2025-09-26,31.6,25.8,15.9,21.3,87,Kolkata
2025-09-27,30.0,26.1,7.9,18.6,86,Kolkata
2025-09-28,32.2,25.8,4.9,8.6,87,Kolkata
2025-09-29,32.6,26.0,0.5,5.2,81,Kolkata
2025-09-30,32.7,26.4,6.1,7.7,85,Kolkata
2025-10-01,32.4,25.3,3.6,10.9,85,Kolkata
2025-10-02,27.9,24.5,29.6,15.7,91,Kolkata
2025-10-03,30.3,25.3,15.4,17.2,88,Kolkata
2025-10-04,31.7,25.7,6.8,17.8,86,Kolkata
2025-10-05,30.2,25.0,12.5,14.0,90,Kolkata
2025-10-06,29.5,24.9,1.5,8.7,89,Kolkata
2025-10-07,31.2,25.5,1.1,6.3,85,Kolkata
2025-10-08,30.9,25.3,7.6,6.8,88,Kolkata
2025-10-09,31.6,25.5,7.7,6.2,87,Kolkata
2025-10-10,31.7,25.0,11.0,7.9,86,Kolkata
2025-10-11,30.7,24.2,1.3,8.9,84,Kolkata
2025-10-12,31.4,24.8,0.0,7.6,79,Kolkata
2025-10-13,31.1,24.3,0.0,9.5,75,Kolkata
2025-10-14,31.9,24.4,0.0,11.1,71,Kolkata
2025-10-15,32.9,24.2,0.0,12.0,66,Kolkata
2025-10-16,32.8,23.7,0.0,8.5,64,Kolkata
2025-10-17,34.2,23.8,0.0,9.8,65,Kolkata
2025-10-18,34.4,26.0,0.3,6.8,64,Kolkata
2025-10-19,35.2,24.5,1.7,9.4,63,Kolkata
2025-10-20,35.6,26.1,0.0,11.5,62,Kolkata
2025-10-21,34.7,25.6,0.0,11.4,62,Kolkata
2025-10-22,33.8,24.8,0.0,10.5,66,Kolkata
2025-10-23,33.9,24.7,0.0,9.5,62,Kolkata
2025-10-24,34.6,25.3,0.0,7.6,56,Kolkata
2025-10-25,34.2,25.3,0.0,8.7,67,Kolkata
2025-10-26,34.5,26.0,0.2,6.4,69,Kolkata
2025-10-27,34.8,25.9,0.2,7.6,64,Kolkata
2025-10-28,34.0,27.0,0.5,10.5,71,Kolkata
2025-10-29,28.5,25.0,16.4,10.9,90,Kolkata
2025-10-30,30.2,24.5,8.0,13.4,88,Kolkata
2025-10-31,31.7,25.4,1.0,11.6,82,Kolkata
2025-11-01,30.6,25.5,22.1,10.3,88,Kolkata
2025-11-02,28.6,24.1,0.0,13.0,81,Kolkata
2025-11-03,29.9,22.9,0.0,11.4,73,Kolkata
2025-11-04,29.9,20.8,0.0,10.8,69,Kolkata
2025-11-05,30.1,21.8,0.0,9.4,74,Kolkata
2025-11-06,30.2,22.1,0.6,7.3,76,Kolkata
2025-11-07,30.8,23.1,0.0,12.3,70,Kolkata
2025-11-08,30.5,21.3,0.0,12.1,58,Kolkata
2025-11-09,29.5,19.2,0.0,8.6,60,Kolkata
2025-11-10,30.0,19.5,0.0,8.7,61,Kolkata
2025-11-11,29.1,18.2,0.0,7.9,57,Kolkata
2025-11-12,28.2,18.3,0.0,7.8,59,Kolkata
2025-11-13,28.4,17.8,0.0,9.5,60,Kolkata
2025-11-14,28.4,18.0,0.0,8.8,59,Kolkata
2025-11-15,28.4,18.2,0.0,9.2,62,Kolkata
2025-11-16,28.3,17.9,0.0,9.7,60,Kolkata
2025-11-17,28.4,19.5,0.0,9.8,58,Kolkata
2025-11-18,29.7,19.0,0.0,6.0,57,Kolkata
2025-11-19,30.6,18.7,0.0,6.6,59,Kolkata
2025-11-20,30.1,20.4,0.0,9.7,55,Kolkata
2025-11-21,29.6,19.9,0.0,8.1,57,Kolkata
2025-11-22,29.2,18.8,0.0,10.3,62,Kolkata
2025-11-23,29.2,18.8,0.0,7.9,61,Kolkata
2025-11-24,28.6,19.3,0.0,13.1,59,Kolkata
2025-11-25,27.6,17.6,0.0,9.2,56,Kolkata
2025-11-26,27.5,17.2,0.0,9.1,57,Kolkata
2025-11-27,28.6,17.7,0.0,7.5,61,Kolkata
2025-11-28,28.6,17.6,0.0,7.4,62,Kolkata
2025-11-29,28.5,17.9,0.0,8.7,60,Kolkata
2025-11-30,28.5,18.3,0.0,7.9,58,Kolkata
2025-12-01,28.0,19.0,0.0,8.9,63,Kolkata
2025-12-02,28.4,19.2,0.0,6.6,61,Kolkata
2025-12-03,27.5,18.6,0.0,8.8,62,Kolkata
2025-12-04,26.9,16.3,0.0,10.5,61,Kolkata
2025-12-05,27.1,16.6,0.0,10.8,56,Kolkata
2025-12-06,26.0,14.6,0.0,8.5,56,Kolkata
2025-12-07,26.3,14.9,0.0,8.3,61,Kolkata
2025-12-08,26.1,15.3,0.0,7.9,58,Kolkata
2025-12-09,26.6,15.7,0.0,8.5,63,Kolkata
2025-12-10,26.8,16.1,0.0,7.3,64,Kolkata
2025-12-11,26.5,15.2,0.0,7.5,60,Kolkata
2025-12-12,26.5,15.4,0.0,7.7,60,Kolkata
2025-12-13,26.7,15.9,0.0,6.8,64,Kolkata
2025-12-14,27.9,17.0,0.0,8.6,62,Kolkata
2025-12-15,27.3,16.6,0.0,9.3,63,Kolkata
2025-12-16,26.4,16.0,0.0,7.9,61,Kolkata
2025-12-17,26.1,15.9,0.0,9.7,62,Kolkata
2025-12-18,27.7,16.4,0.0,7.1,63,Kolkata
2025-12-19,27.4,16.8,0.0,9.1,63,Kolkata
2025-12-20,24.6,16.4,0.0,8.9,71,Kolkata
2025-12-21,25.2,15.2,0.0,8.0,71,Kolkata
2025-12-22,25.7,15.4,0.0,8.2,70,Kolkata
2025-12-23,25.0,15.2,0.0,9.0,67,Kolkata
2025-12-24,24.6,14.8,0.0,9.6,67,Kolkata
2025-12-25,22.7,13.8,0.0,12.2,67,Kolkata
2025-12-26,22.9,12.3,0.0,7.3,68,Kolkata
2025-12-27,23.4,13.0,0.0,10.1,71,Kolkata
2025-12-28,22.8,13.2,0.0,9.6,71,Kolkata
2025-12-29,21.4,12.6,0.0,9.0,72,Kolkata
2025-12-30,20.5,11.6,0.0,9.0,73,Kolkata
2025-12-31,21.9,11.7,0.0,8.3,72,Kolkata
2026-01-01,24.0,11.6,0.0,8.5,68,Kolkata
2026-01-02,24.6,13.5,0.0,9.4,65,Kolkata
2026-01-03,24.3,13.8,0.0,9.9,66,Kolkata
2026-01-04,23.1,14.4,0.0,10.8,71,Kolkata
2026-01-05,20.2,12.6,0.0,10.4,71,Kolkata
2026-01-06,20.1,10.7,0.0,10.7,74,Kolkata
2026-01-07,23.1,10.7,0.0,8.2,69,Kolkata
2026-01-08,23.0,10.6,0.0,10.6,65,Kolkata
2026-01-09,23.4,11.2,0.0,10.8,64,Kolkata
2026-01-10,22.8,10.7,0.0,10.0,64,Kolkata
2026-01-11,24.4,14.3,0.0,12.4,56,Kolkata
2026-01-12,24.5,13.1,0.0,10.6,59,Kolkata
2026-01-13,24.7,13.4,0.0,9.6,57,Kolkata
2026-01-14,24.2,13.1,0.0,9.9,58,Kolkata
2026-01-15,23.5,12.9,0.0,9.8,59,Kolkata
2026-01-16,24.5,12.4,0.0,8.2,56,Kolkata
2026-01-17,25.0,13.2,0.0,7.8,58,Kolkata
2026-01-18,26.4,13.3,0.0,8.9,59,Kolkata
2026-01-19,27.9,13.9,0.0,8.0,57,Kolkata
2026-01-20,29.1,14.4,0.0,8.7,54,Kolkata
2026-01-21,28.8,15.9,0.0,9.2,56,Kolkata
2026-01-22,26.9,16.8,0.0,10.0,51,Kolkata
2026-01-23,26.7,14.9,0.0,10.2,57,Kolkata
2026-01-24,27.6,14.2,0.0,10.9,55,Kolkata
2026-01-25,28.2,15.3,0.0,10.3,55,Kolkata
2026-01-26,28.1,16.6,0.0,12.1,56,Kolkata
2026-01-27,26.9,17.2,0.0,11.7,60,Kolkata
2026-01-28,28.4,16.0,0.0,10.6,56,Kolkata
2026-01-29,28.4,17.4,0.0,11.1,55,Kolkata
2026-01-30,27.3,17.6,0.0,8.5,60,Kolkata
2026-01-31,27.1,16.8,0.0,11.2,64,Kolkata
2026-02-01,27.0,15.9,0.0,10.1,58,Kolkata
2026-02-02,27.4,15.6,0.0,8.5,53,Kolkata
2026-02-03,28.2,15.9,0.0,9.5,57,Kolkata
2026-02-04,28.7,17.1,0.0,9.2,58,Kolkata
2026-02-05,28.3,17.6,0.0,10.7,53,Kolkata
2026-02-06,26.7,16.5,0.0,12.6,51,Kolkata
2026-02-07,26.3,14.6,0.0,10.4,54,Kolkata
2026-02-08,27.3,14.6,0.0,10.1,55,Kolkata
2026-02-09,27.3,16.5,0.0,12.1,54,Kolkata
2026-02-10,28.4,15.2,0.0,10.1,50,Kolkata
2026-02-11,30.0,15.8,0.0,9.4,49,Kolkata
2026-02-12,29.3,16.7,0.0,11.1,49,Kolkata
2026-02-13,28.8,16.9,0.0,12.7,49,Kolkata
2026-02-14,29.2,16.6,0.0,9.7,48,Kolkata
2026-02-15,29.7,17.4,0.0,10.9,49,Kolkata
2026-02-16,29.5,16.7,0.0,12.3,48,Kolkata
2026-02-17,30.2,16.8,0.0,11.7,50,Kolkata
2026-02-18,31.1,18.1,0.0,8.8,46,Kolkata
2026-02-19,31.8,18.4,0.0,10.1,44,Kolkata
2026-02-20,32.1,19.8,0.0,9.4,46,Kolkata
2026-02-21,32.3,19.4,0.0,8.3,47,Kolkata
2026-02-22,32.8,20.6,0.0,9.9,43,Kolkata
2026-02-23,32.4,20.7,0.0,7.5,61,Kolkata
2026-02-24,27.2,19.0,13.5,14.4,81,Kolkata
2026-02-25,29.0,19.7,0.0,9.4,69,Kolkata
2026-02-26,29.1,18.0,0.0,8.4,57,Kolkata
2026-02-27,29.1,18.5,0.0,10.3,58,Kolkata
2026-02-28,31.7,18.4,0.0,10.1,63,Kolkata
2026-03-01,33.7,21.9,0.1,12.2,71,Kolkata
2026-03-02,32.9,23.6,0.0,10.6,62,Kolkata
2026-03-03,33.0,19.2,0.0,10.4,46,Kolkata
2026-03-04,32.5,21.8,0.0,14.1,44,Kolkata
2026-03-05,33.7,20.2,0.0,6.3,49,Kolkata
2026-03-06,33.8,22.4,0.0,8.2,65,Kolkata
2026-03-07,31.3,22.8,0.8,9.6,72,Kolkata
2026-03-08,31.2,23.4,0.3,9.4,73,Kolkata
2026-03-09,32.7,23.9,2.8,16.5,74,Kolkata
2026-03-10,30.7,23.3,2.7,6.2,77,Kolkata
2026-03-11,32.1,24.5,4.0,10.5,78,Kolkata
2026-03-12,30.7,22.1,15.3,13.2,82,Kolkata
2026-03-13,35.5,25.2,0.0,15.5,73,Kolkata
2026-03-14,35.3,25.7,0.2,14.8,71,Kolkata
2026-03-15,32.6,22.7,22.8,24.0,79,Kolkata
2026-03-16,34.4,22.4,5.3,15.2,73,Kolkata
2026-03-17,32.3,22.4,0.6,17.0,74,Kolkata
2026-03-18,32.3,23.3,6.4,13.8,79,Kolkata
2026-03-19,34.2,22.1,9.5,15.5,80,Kolkata
2026-03-20,30.3,21.1,16.8,16.0,80,Kolkata
2026-03-21,25.1,19.9,7.0,14.8,82,Kolkata
2026-03-22,27.0,18.5,0.3,7.4,76,Kolkata
2026-03-23,30.1,21.1,0.8,9.5,69,Kolkata
2026-03-24,33.3,22.7,0.0,12.9,70,Kolkata
2026-03-25,33.8,24.6,0.4,12.0,74,Kolkata
2026-03-26,34.9,22.0,0.5,9.5,68,Kolkata
2026-03-27,37.7,25.2,0.0,16.6,64,Kolkata
2026-03-28,32.3,22.9,16.0,24.5,67,Kolkata
2026-03-29,33.2,23.2,8.8,12.0,79,Kolkata
2026-03-30,31.5,25.6,1.5,11.8,82,Kolkata
2026-03-31,31.0,23.7,2.9,14.9,80,Kolkata
2026-04-01,35.8,25.0,0.0,11.2,72,Kolkata
2026-04-02,37.3,26.0,0.2,14.2,70,Kolkata
2026-04-03,38.0,26.4,0.0,12.6,65,Kolkata
2026-04-04,38.0,27.0,0.0,13.1,63,Kolkata
2026-04-05,31.6,26.3,1.8,18.7,67,Kolkata
2026-04-06,33.1,23.4,7.5,10.7,72,Kolkata
2026-04-07,31.8,22.1,1.0,11.3,76,Kolkata
2026-04-08,31.1,22.1,12.8,17.3,80,Kolkata
2026-04-09,27.5,21.2,34.9,13.0,87,Kolkata
2026-04-10,31.5,22.6,0.0,9.3,73,Kolkata
2026-04-11,32.8,23.4,0.0,8.3,71,Kolkata
2026-04-12,34.7,24.9,0.0,14.2,72,Kolkata
2026-04-13,35.5,26.0,0.0,13.9,76,Kolkata
2026-04-14,37.5,26.9,0.0,14.1,68,Kolkata
2026-04-15,37.7,26.6,0.9,14.9,73,Kolkata
2026-04-16,35.3,25.6,6.7,16.4,77,Kolkata
2026-04-17,34.6,26.5,0.9,10.8,81,Kolkata
2026-04-18,34.9,27.0,0.0,12.7,78,Kolkata
2026-04-19,35.7,27.5,0.0,14.2,77,Kolkata
2026-04-20,37.4,26.9,0.0,15.4,73,Kolkata
2026-04-21,38.0,27.0,0.0,13.1,68,Kolkata
2026-04-22,38.0,27.6,0.3,12.9,71,Kolkata
2026-04-23,38.0,27.0,0.0,14.9,74,Kolkata
2026-04-24,38.3,28.1,0.0,13.6,71,Kolkata
2026-04-25,37.7,28.1,0.0,15.1,72,Kolkata
2026-04-26,35.3,27.5,0.3,17.0,71,Kolkata
2026-04-27,35.1,28.0,0.0,21.1,73,Kolkata
2026-04-28,36.1,26.4,24.8,23.6,77,Kolkata
2026-04-29,33.1,22.6,1.4,18.3,83,Kolkata
2026-04-30,30.4,21.7,11.0,12.2,83,Kolkata
2026-05-01,29.5,21.8,0.2,9.7,81,Kolkata
2026-05-02,34.0,23.8,1.3,20.6,81,Kolkata
2026-05-03,30.9,23.6,19.2,9.5,86,Kolkata
2026-05-04,32.7,25.4,2.3,12.1,82,Kolkata
2026-05-05,30.0,22.2,9.8,21.7,81,Kolkata
2026-05-06,32.1,23.7,13.7,8.3,84,Kolkata
2026-05-07,30.7,23.5,6.7,22.3,83,Kolkata
2026-05-08,32.2,23.1,4.0,10.2,83,Kolkata
2026-05-09,32.3,24.4,2.6,12.9,79,Kolkata
2026-05-10,31.2,23.9,0.5,11.0,76,Kolkata
2026-05-11,31.3,22.4,22.8,19.0,78,Kolkata
2026-05-12,33.1,25.9,3.7,11.1,75,Kolkata
2026-05-13,32.9,26.7,9.6,14.8,75,Kolkata
2026-05-14,35.9,24.9,3.5,15.2,72,Kolkata
2026-05-15,35.6,27.9,1.0,14.1,74,Kolkata
2026-05-16,35.2,27.9,0.4,15.7,77,Kolkata
2026-05-17,35.7,28.3,4.8,14.8,76,Kolkata
2026-05-18,37.2,29.0,6.5,15.3,79,Kolkata
2026-05-19,36.1,28.7,0.3,17.6,78,Kolkata
2026-05-20,36.7,28.6,0.0,10.8,77,Kolkata
2026-05-21,36.4,28.5,0.0,12.6,79,Kolkata
2026-05-22,36.0,28.7,8.9,12.6,83,Kolkata
2026-05-23,35.5,26.2,3.6,16.2,83,Kolkata
2026-05-24,35.9,29.5,1.0,15.9,76,Kolkata
2026-05-25,35.0,29.4,0.0,21.9,76,Kolkata
2026-05-26,36.4,29.6,0.2,15.9,74,Kolkata
2026-05-27,33.9,25.5,24.7,12.3,84,Kolkata
2026-05-28,33.7,26.1,3.9,10.6,80,Kolkata
2026-05-29,37.1,25.9,14.4,21.7,75,Kolkata
2026-05-30,33.2,24.0,3.4,8.7,76,Kolkata
2026-05-31,34.9,26.5,0.3,14.3,72,Kolkata
2026-06-01,35.5,28.3,2.8,12.8,70,Kolkata
2026-06-02,37.7,28.3,0.4,10.9,66,Kolkata
2026-06-03,37.3,29.2,0.8,12.2,70,Kolkata
2026-06-04,37.6,29.5,11.2,14.9,73,Kolkata
2026-06-05,35.0,29.5,1.2,11.6,78,Kolkata
2026-06-06,34.1,26.0,19.2,11.5,86,Kolkata
2026-06-07,32.8,26.4,10.1,16.4,87,Kolkata
2026-06-08,36.5,26.3,1.5,13.5,78,Kolkata
2026-06-09,35.5,27.8,0.0,11.9,78,Kolkata
2026-06-10,35.0,27.7,9.3,18.9,81,Kolkata
2026-06-11,33.5,26.0,16.4,12.4,87,Kolkata
2026-06-12,32.6,25.4,1.3,9.8,84,Kolkata
2026-06-13,32.9,26.3,1.5,15.0,84,Kolkata
2026-06-14,33.1,27.4,1.9,12.4,80,Kolkata
2026-06-15,35.9,28.3,15.1,15.5,77,Kolkata
2026-06-16,36.2,28.5,4.1,13.0,72,Kolkata
2026-06-17,36.2,28.6,1.4,10.7,71,Kolkata
2026-06-18,35.7,25.8,4.4,14.3,82,Kolkata
2026-06-19,30.6,26.0,45.6,12.1,87,Kolkata
2026-06-20,34.5,27.0,1.2,12.4,79,Kolkata
2026-06-21,34.0,27.0,13.3,12.0,87,Kolkata
2026-06-22,31.3,26.4,27.0,12.2,89,Kolkata
2026-06-23,32.4,27.3,14.5,9.9,87,Kolkata
2026-06-24,33.4,27.9,5.5,9.8,85,Kolkata
2026-06-25,34.9,27.1,3.1,13.8,84,Kolkata
2026-06-26,32.9,27.0,6.2,9.3,81,Kolkata
2026-06-27,34.3,27.5,2.0,12.3,79,Kolkata
2026-06-28,32.8,27.5,12.6,12.0,84,Kolkata
2026-06-29,34.0,27.1,24.5,10.5,89,Kolkata
2026-06-30,32.3,26.8,10.2,13.7,90,Kolkata
2026-07-01,31.5,25.8,5.0,8.6,85,Kolkata
2026-07-02,33.0,25.8,11.5,10.6,85,Kolkata
2026-07-03,32.8,27.1,4.2,13.9,82,Kolkata
2026-07-04,32.2,27.5,7.7,20.4,81,Kolkata
2026-07-05,30.6,26.4,13.1,16.7,87,Kolkata
2026-07-06,30.4,25.7,15.7,16.2,88,Kolkata
2026-07-07,29.5,25.1,30.4,17.0,89,Kolkata
2026-07-08,32.7,27.5,9.7,14.8,84,Kolkata
2026-07-09,29.2,26.3,40.9,17.4,91,Kolkata
2026-07-10,29.8,26.1,41.1,15.4,93,Kolkata
2026-07-11,32.6,26.5,38.9,14.0,87,Kolkata
2026-07-12,31.7,26.8,4.6,10.8,88,Kolkata
2026-07-13,32.5,26.1,22.2,9.6,89,Kolkata
2026-07-14,32.5,26.3,7.8,8.3,87,Kolkata
2026-07-15,32.5,26.9,2.0,13.3,82,Kolkata
2026-07-16,31.3,26.8,6.2,13.6,83,Kolkata
2026-07-17,31.0,27.0,7.1,14.5,84,Kolkata
2026-07-18,32.3,26.3,11.5,16.5,83,Kolkata
2026-07-19,31.2,25.9,17.3,12.4,85,Kolkata
2026-07-20,31.2,26.8,11.0,12.7,89,Kolkata
2026-07-21,28.8,25.2,22.8,12.1,92,Kolkata
2026-07-22,28.4,24.9,28.0,13.0,92,Kolkata
2026-07-23,28.7,24.5,21.4,16.5,92,Kolkata
2026-07-24,30.2,25.0,56.2,13.0,91,Kolkata
2026-07-25,31.0,25.8,9.3,13.5,85,Kolkata
2026-07-26,31.7,25.9,4.9,17.0,82,Kolkata
2026-07-27,30.6,25.2,43.0,19.5,90,Kolkata
2026-07-28,30.3,26.0,8.8,21.7,84,Kolkata
2026-07-29,30.9,25.8,21.2,13.4,87,Kolkata
2026-07-30,30.1,25.8,8.8,18.1,86,Kolkata
2026-07-31,31.7,26.5,8.9,14.1,83,Kolkata
2026-08-01,31.4,25.7,20.9,11.0,87,Kolkata
2026-08-02,32.5,26.7,23.4,13.2,88,Kolkata
2026-08-03,33.0,27.1,16.9,12.8,88,Kolkata
2026-08-04,32.5,26.6,11.2,10.5,87,Kolkata
2026-08-05,31.2,26.6,25.3,10.9,89,Kolkata
2026-08-06,29.2,26.6,3.9,7.3,87,Kolkata
2026-08-07,29.0,25.5,20.9,10.1,90,Kolkata
2026-08-08,30.6,25.0,22.6,14.7,87,Kolkata
2026-08-09,31.5,26.7,13.3,11.5,86,Kolkata
2026-08-10,31.7,26.5,15.1,8.1,85,Kolkata
